cd_corrida,nu_carregamento,num_camadas,num_materiais,peso_leve,peso_misto,peso_pesado,peso_t_total,volume_m3_total,dt_inicio,prop_leve,carga_alta,duracao_parada_segundos
N8707,1.0,15,7,12.24,26.77,22.11,61.12,66.78670736670736,2025-08-14 23:17:11+00:00,0.20026178010471204,1,64
N8707,2.0,8,6,9.89,20.75,8.34,38.980000000000004,53.17038461538461,2025-08-14 23:50:20+00:00,0.25371985633658284,0,0
N8731,1.0,15,7,15.0,19.0,21.0,55.0,64.39481946624804,2025-08-15 20:56:52+00:00,0.2727272727272727,1,699
N8731,2.0,8,6,9.66,19.18,6.58,35.42,50.882069597069595,2025-08-15 21:26:00+00:00,0.2727272727272727,0,0
N8757,1.0,15,5,10.99,28.36,16.259999999999998,55.61,65.8221978021978,2025-08-16 18:50:41+00:00,0.1976263262003237,1,57
N8757,2.0,8,6,9.51,16.29,7.24,33.04,47.669377289377294,2025-08-16 19:20:47+00:00,0.2878329297820823,0,0
N8766,1.0,15,8,21.71,18.6,18.169999999999998,58.48,74.88133176347462,2025-08-17 02:39:24+00:00,0.3712380300957593,0,0
N8766,2.0,8,6,8.3,14.16,9.15,31.610000000000003,38.4491045991046,2025-08-17 03:16:21+00:00,0.26257513445112307,1,67
N8769,1.0,15,7,16.55,20.770000000000003,21.92,59.24,67.47473341473342,2025-08-17 05:09:12+00:00,0.2793720459149224,0,0
N8769,2.0,8,7,14.290000000000001,14.459999999999999,6.890000000000001,35.64,51.679715099715104,2025-08-17 05:40:21+00:00,0.40095398428731766,1,122
N8783,1.0,15,7,13.07,21.2,16.62,50.89,60.09881141846659,2025-08-17 17:14:20+00:00,0.25682845352721556,0,0
N8783,2.0,9,8,16.06,16.23,5.699999999999999,37.99,59.60014245014245,2025-08-17 17:41:47+00:00,0.4227428270597525,1,57
N8817,1.0,12,7,23.990000000000002,22.65,7.98,54.62,75.81538461538462,2025-08-19 00:10:14+00:00,0.43921640424752845,1,766
N8823,1.0,14,8,21.35,11.780000000000001,18.259999999999998,51.39,65.56163934371739,2025-08-19 05:09:36+00:00,0.41545047674644875,1,176
N8823,2.0,7,5,17.43,8.22,7.390000000000001,33.04,52.83119047619047,2025-08-19 05:32:13+00:00,0.527542372881356,0,0
N8863,1.0,14,8,22.32,14.15,13.48,49.95,73.65136316064887,2025-08-21 00:52:37+00:00,0.44684684684684683,0,0
N8863,2.0,8,6,15.41,12.34,2.52,30.27,46.19966625966626,2025-08-21 01:03:30+00:00,0.5090849025437727,1,774
N8886,1.0,16,9,17.59,22.81,13.35,53.75,70.39241316155109,2025-08-21 22:22:42+00:00,0.32725581395348835,0,0
N8886,2.0,8,6,10.469999999999999,21.1,4.01,35.58,47.98144688644689,2025-08-21 22:58:06+00:00,0.2942664418212479,0,0
N8887,1.0,14,9,16.37,21.55,16.86,54.78,69.87777080062794,2025-08-21 23:12:54+00:00,0.2988316903979555,0,0
N8887,2.0,8,6,13.059999999999999,12.68,2.05,27.79,39.66592389092389,2025-08-21 23:30:54+00:00,0.4699532205829435,0,0
N8891,1.0,15,8,15.33,19.0,20.439999999999998,54.769999999999996,62.42927269027269,2025-08-22 02:19:46+00:00,0.27989775424502467,1,491
N8891,2.0,8,7,3.1199999999999997,20.689999999999998,7.1899999999999995,31.0,32.06042328042328,2025-08-22 03:19:13+00:00,0.10064516129032257,0,0
N8897,1.0,15,8,7.529999999999999,24.8,22.400000000000002,54.730000000000004,51.63728520904383,2025-08-22 08:06:04+00:00,0.1375845057555271,0,0
N8897,2.0,8,6,7.700000000000001,18.279999999999998,6.01,31.99,42.36835164835165,2025-08-22 08:31:24+00:00,0.2407002188183808,0,0
N8898,1.0,16,9,9.07,25.240000000000002,28.11,62.42,56.45151193633952,2025-08-22 08:51:50+00:00,0.14530599166933675,0,0
N8898,2.0,13,6,9.08,17.25,30.93,57.26,53.00295889295889,2025-08-22 09:16:55+00:00,0.15857492141110724,0,0
N8900,1.0,15,9,19.1,16.62,26.17,61.89,70.47668131868132,2025-08-22 10:34:00+00:00,0.3086120536435612,0,0
N8900,2.0,13,6,10.33,14.67,33.15,58.15,53.817643467643464,2025-08-22 11:04:48+00:00,0.17764402407566637,0,0
N8910,1.0,17,7,11.379999999999999,31.52,11.39,54.29,66.57663841300865,2025-08-22 22:02:17+00:00,0.20961503039233742,0,0
N8910,2.0,9,4,1.12,24.34,8.45,33.91,41.86282051282051,2025-08-22 22:25:46+00:00,0.03302860513122973,0,0
N8911,1.0,16,7,7.57,32.14,21.48,61.19,65.51062058328846,2025-08-22 22:45:32+00:00,0.12371302500408564,0,0
N8911,2.0,8,4,2.91,22.22,10.42,35.55,41.81509157509157,2025-08-22 23:12:24+00:00,0.0818565400843882,0,0
N8932,1.0,16,8,11.629999999999999,22.17,19.69,53.49,56.80521544799222,2025-08-23 15:59:54+00:00,0.217423817535988,0,0
N8932,2.0,8,5,6.369999999999999,20.14,8.81,35.32,44.98530321530321,2025-08-23 16:28:44+00:00,0.18035107587768967,0,0
N8933,1.0,16,8,10.51,26.18,14.41,51.1,60.632019083961005,2025-08-23 16:49:58+00:00,0.20567514677103718,0,0
N8933,2.0,8,5,7.54,15.07,8.58,31.189999999999998,39.323186813186815,2025-08-23 17:15:50+00:00,0.24174414876563002,0,0
N8935,1.0,16,8,9.2,25.78,20.1,55.08,58.29747993990281,2025-08-23 18:21:10+00:00,0.16702977487291212,0,0
N8935,2.0,8,5,8.469999999999999,18.64,5.65,32.76,44.353378103378105,2025-08-23 18:51:24+00:00,0.2585470085470085,0,0
N8944,1.0,14,7,15.41,22.509999999999998,17.68,55.6,67.70328224407172,2025-08-24 01:39:31+00:00,0.27715827338129495,0,0
N8944,2.0,8,6,10.72,16.740000000000002,7.85,35.31,42.13699633699634,2025-08-24 02:02:22+00:00,0.30359671481166806,0,0
N8945,1.0,14,7,13.2,23.240000000000002,16.68,53.12,64.12859359938307,2025-08-24 02:19:01+00:00,0.24849397590361447,0,0
N8945,2.0,8,6,15.66,12.01,4.8,32.47,45.58032153032153,2025-08-24 02:47:25+00:00,0.4822913458577148,0,0
N8948,1.0,14,7,17.16,18.33,18.09,53.58,68.3544727202622,2025-08-24 04:34:01+00:00,0.3202687569988802,0,0
N8948,2.0,8,6,9.4,17.6,4.8,31.8,37.86336996336996,2025-08-24 05:01:14+00:00,0.29559748427672955,0,0
N8949,1.0,14,8,20.61,19.87,15.45,55.93,78.07493348756506,2025-08-24 05:25:14+00:00,0.3684963347040944,0,0
N8949,2.0,9,6,9.180000000000001,13.5,6.84,29.52,34.5321978021978,2025-08-24 05:50:45+00:00,0.3109756097560976,0,0
N8960,1.0,16,8,11.32,24.88,20.880000000000003,57.08,61.36578979869361,2025-08-24 15:09:31+00:00,0.19831814996496147,0,0
N8960,2.0,8,4,7.6899999999999995,22.34,9.73,39.76,49.55489214489214,2025-08-24 15:39:08+00:00,0.19341046277665996,0,0
N8961,1.0,16,8,15.350000000000001,34.66,16.25,66.26,83.53871475771656,2025-08-24 16:00:05+00:00,0.23166314518563236,0,0
N8961,2.0,8,5,2.52,16.72,6.57,25.81,27.86051282051282,2025-08-24 16:28:00+00:00,0.0976365749709415,0,0
N8962,1.0,16,7,11.89,32.6,16.740000000000002,61.23,73.07644146839246,2025-08-24 16:46:31+00:00,0.1941858566062388,0,0
N8962,2.0,9,4,3.57,17.6,13.719999999999999,34.89,33.71820512820513,2025-08-24 17:12:54+00:00,0.10232158211521926,0,0
N8964,1.0,16,8,10.510000000000002,29.39,19.14,59.04,62.03281100629558,2025-08-24 18:20:05+00:00,0.17801490514905152,0,0
N8964,2.0,8,4,2.79,19.23,6.03,28.05,31.90661172161172,2025-08-24 18:48:56+00:00,0.09946524064171122,0,0
N8965,1.0,16,8,15.64,25.08,20.009999999999998,60.730000000000004,70.46796085040187,2025-08-24 19:03:04+00:00,0.25753334431088426,0,0
N8965,2.0,8,4,8.24,17.91,8.08,34.23,43.169930809930804,2025-08-24 19:32:10+00:00,0.240724510663161,0,0
N8969,1.0,16,8,9.07,33.33,14.66,57.06,62.95395690818559,2025-08-24 22:01:20+00:00,0.15895548545390817,0,0
N8969,2.0,9,5,10.01,19.79,11.68,41.480000000000004,46.453589743589745,2025-08-24 22:29:12+00:00,0.24132111861137895,0,0
N8972,1.0,14,7,17.56,20.59,16.53,54.68,71.27829766724504,2025-08-25 00:36:48+00:00,0.3211411850768105,0,0
N8972,2.0,9,6,15.43,14.399999999999999,8.73,38.56,51.94669108669109,2025-08-25 01:17:44+00:00,0.400155601659751,0,0
N8984,1.0,14,7,20.990000000000002,7.39,30.86,59.24,67.23064745196324,2025-08-25 10:19:57+00:00,0.3543214044564484,0,0
N8984,2.0,14,5,18.78,11.64,31.310000000000002,61.730000000000004,69.07650183150183,2025-08-25 10:48:47+00:00,0.3042280900696582,0,0
N8985,1.0,15,7,19.75,19.16,13.77,52.68,76.5769654906497,2025-08-25 11:17:24+00:00,0.37490508731966593,1,319
N8985,2.0,9,6,14.200000000000001,11.629999999999999,4.98,30.810000000000002,46.73747252747253,2025-08-25 11:51:10+00:00,0.4608893216488153,0,0
N8986,1.0,16,8,14.25,23.07,13.5,50.82,64.20020844182369,2025-08-25 12:21:20+00:00,0.28040141676505315,0,0
N8986,2.0,8,4,5.4,21.48,11.34,38.22,43.62505494505495,2025-08-25 12:49:36+00:00,0.141287284144427,0,0
N8997,1.0,11,6,13.260000000000002,25.03,12.24,50.53,62.447857142857146,2025-08-18 17:43:52+00:00,0.2624183653275282,0,0
N8997,2.0,8,5,25.16,7.51,4.77,37.44,58.15204721204721,2025-08-26 03:19:40+00:00,0.6720085470085471,1,193
N9000,1.0,13,8,13.86,18.259999999999998,31.25,63.370000000000005,64.7205565837671,2025-08-26 05:55:04+00:00,0.21871548051128292,0,0
N9000,2.0,14,5,17.72,11.139999999999999,28.26,57.120000000000005,66.19335164835165,2025-08-26 06:25:36+00:00,0.3102240896358543,0,0
N9001,1.0,13,6,24.86,13.93,26.560000000000002,65.35,77.00711421410669,2025-08-26 06:53:02+00:00,0.3804131599081867,0,0
N9001,2.0,14,5,13.16,11.780000000000001,29.83,54.769999999999996,56.602399267399264,2025-08-26 07:18:30+00:00,0.240277524192076,0,0
N9009,1.0,14,8,23.61,9.08,16.3,48.99,69.12773777946191,2025-08-26 13:29:52+00:00,0.48193508879363134,0,0
N9009,2.0,8,5,13.2,17.95,4.07,35.22,50.68221611721612,2025-08-26 14:02:25+00:00,0.3747870528109029,0,0
N9010,1.0,14,7,13.91,18.7,20.56,53.17,63.51556208159656,2025-08-26 14:22:42+00:00,0.2616136919315403,0,0
N9010,2.0,8,5,18.89,11.82,5.62,36.33,56.44421245421245,2025-08-26 14:52:29+00:00,0.5199559592623176,1,240
N9018,1.0,14,6,15.370000000000001,25.560000000000002,22.33,63.26,74.50412611198325,2025-08-26 23:15:13+00:00,0.24296553904521026,0,0
N9018,2.0,14,5,10.42,18.58,29.799999999999997,58.8,58.4731684981685,2025-08-26 23:42:20+00:00,0.1772108843537415,0,0
N9020,1.0,11,6,27.66,19.82,3.81,51.29,81.61840659340659,2025-08-27 01:05:59+00:00,0.5392864106063561,1,130
N9025,1.0,11,5,22.34,13.25,14.45,50.04,71.25815018315018,2025-08-25 17:32:53+00:00,0.44644284572342124,0,0
N9025,2.0,13,6,12.4,15.43,32.6,60.43,57.76663614163614,2025-08-27 05:27:57+00:00,0.2051960946549727,0,0
N9027,1.0,14,8,18.27,21.28,22.77,62.32,71.03524076981219,2025-08-27 07:40:44+00:00,0.2931643132220796,0,0
N9027,2.0,13,6,10.93,15.440000000000001,31.009999999999998,57.379999999999995,55.83588319088319,2025-08-27 07:30:26+00:00,0.19048448936911816,0,0
N9050,1.0,14,9,16.68,17.85,27.9,62.43,63.51876423047851,2025-08-28 04:25:19+00:00,0.2671792407496396,0,0
N9050,2.0,13,6,9.88,12.75,30.419999999999998,53.05,48.416628001628,2025-08-28 04:51:47+00:00,0.186239396795476,0,0
N9057,1.0,16,10,12.51,20.9,29.83,63.24,59.86972767462423,2025-08-28 09:59:52+00:00,0.1978178368121442,0,0
N9057,2.0,14,6,14.66,16.1,29.67,60.43,67.06637362637363,2025-08-28 10:25:03+00:00,0.24259473771305642,0,0
N9058,1.0,16,8,13.88,21.76,16.54,52.18,60.86962115880835,2025-08-28 10:38:36+00:00,0.266002299731698,0,0
N9058,2.0,9,6,7.47,22.490000000000002,6.56,36.52,50.93560846560846,2025-08-28 11:13:16+00:00,0.20454545454545453,0,0
N9066,1.0,14,8,18.22,15.58,23.86,57.66,69.06388567572778,2025-08-28 20:30:38+00:00,0.3159902878945543,0,0
N9066,2.0,8,5,18.66,12.489999999999998,2.43,33.58,52.67234228734229,2025-08-28 20:49:15+00:00,0.5556879094699226,0,0
N9071,1.0,14,8,25.96,10.25,22.37,58.58,78.2336313004734,2025-08-29 00:11:39+00:00,0.4431546602936156,0,0
N9071,2.0,8,5,20.810000000000002,8.77,4.53,34.11,56.371090761090755,2025-08-29 00:38:53+00:00,0.6100850190559954,1,78
N9078,1.0,14,9,29.07,12.44,20.7,62.21,90.5763351755457,2025-08-29 05:43:45+00:00,0.4672882173284038,0,0
N9078,2.0,8,5,18.62,7.49,4.8,30.91,49.619902319902316,2025-08-29 06:12:15+00:00,0.6023940472339049,0,0
N9089,1.0,14,6,13.809999999999999,29.28,18.79,61.879999999999995,67.29795250726285,2025-08-29 15:00:26+00:00,0.2231738849385908,0,0
N9089,2.0,8,4,16.18,11.5,5.24,32.92,46.66754578754579,2025-08-29 15:29:14+00:00,0.4914945321992709,0,0
N9121,1.0,16,6,21.17,21.619999999999997,23.509999999999998,66.3,74.50251232476796,2025-08-30 21:30:58+00:00,0.3193061840120664,0,0
N9121,2.0,14,5,12.95,20.4,29.56,62.91,62.577234432234434,2025-08-30 21:59:54+00:00,0.20584962645048482,0,0
N9124,1.0,14,7,21.48,15.89,22.12,59.49,67.08176270958226,2025-08-31 00:54:27+00:00,0.3610690872415532,0,0
N9124,2.0,8,5,12.09,10.850000000000001,5.640000000000001,28.580000000000002,37.43103785103785,2025-08-31 01:20:56+00:00,0.42302309307207836,1,282
N9131,1.0,9,6,31.43,14.15,4.63,50.21,81.30714285714286,2025-08-31 06:20:03+00:00,0.6259709221270663,1,51
N9134,1.0,15,9,10.24,24.700000000000003,33.07,68.01,58.9939650119995,2025-08-31 09:18:06+00:00,0.15056609322158504,0,0
N9134,2.0,14,8,12.04,19.91,23.28,55.23,59.68257834757834,2025-08-31 09:49:52+00:00,0.2179974651457541,0,0
N9138,1.0,15,9,9.850000000000001,24.27,32.51,66.63,58.92607923655292,2025-08-31 12:29:19+00:00,0.14783130721897048,0,0
N9138,2.0,14,7,8.65,21.52,33.04,63.21,61.69657509157509,2025-08-31 13:01:05+00:00,0.1368454358487581,0,0
N9142,1.0,14,7,19.94,15.06,19.23,54.230000000000004,61.35657293416692,2025-08-31 16:07:19+00:00,0.36769315876820946,0,0
N9142,2.0,8,5,12.200000000000001,11.22,8.09,31.51,38.584660154660156,2025-08-31 17:08:04+00:00,0.38717867343700413,1,531
N9144,1.0,13,8,22.15,15.99,26.8,64.94,71.30075091575091,2025-08-31 18:44:35+00:00,0.3410840776101016,0,0
N9144,2.0,13,6,11.530000000000001,17.26,31.62,60.410000000000004,60.22083028083028,2025-08-31 19:12:31+00:00,0.1908624399933786,0,0
N9146,1.0,14,8,18.23,16.13,28.330000000000002,62.69,64.60466379624275,2025-08-31 20:24:41+00:00,0.2907959802201308,0,0
N9146,2.0,13,6,11.11,16.72,31.1,58.93,57.122680097680096,2025-08-31 20:48:52+00:00,0.18852876293908025,0,0
N9148,1.0,14,8,15.27,18.42,26.560000000000002,60.25,62.38094078297086,2025-08-31 21:59:59+00:00,0.25344398340248964,0,0
N9148,2.0,13,6,8.81,18.57,32.71,60.09,52.763325193325194,2025-08-31 22:26:02+00:00,0.14661341321351307,0,0
N9157,1.0,15,9,7.03,27.17,27.63,61.83,55.90953227232537,2025-09-01 05:07:51+00:00,0.11369885169011808,0,0
N9157,2.0,13,6,8.120000000000001,23.7,30.85,62.67,58.12847985347985,2025-09-01 05:37:01+00:00,0.12956757619275572,0,0
N9158,1.0,16,9,8.98,23.78,32.7,65.46000000000001,56.27194745484401,2025-09-01 05:53:17+00:00,0.13718301252673387,0,0
N9158,2.0,13,6,7.039999999999999,19.17,32.47,58.68,52.47543956043956,2025-09-01 06:17:02+00:00,0.11997273346966597,0,0
N9160,1.0,14,8,12.719999999999999,20.94,30.41,64.07000000000001,60.7952591643945,2025-09-01 07:39:02+00:00,0.19853285469018256,0,0
N9160,2.0,13,6,11.2,14.5,30.73,56.43,54.704729344729344,2025-09-01 08:12:49+00:00,0.19847598794967214,0,0
N9161,1.0,13,7,14.6,25.669999999999998,25.94,66.21,66.13126456250517,2025-09-01 08:31:06+00:00,0.220510496903791,0,0
N9161,2.0,13,6,7.42,19.3,37.37,64.09,54.23826007326007,2025-09-01 09:00:42+00:00,0.11577469183960055,0,0
N9164,1.0,14,7,16.83,17.939999999999998,22.67,57.44,57.82927552397477,2025-09-01 11:25:27+00:00,0.29300139275766013,0,0
N9164,2.0,8,5,9.629999999999999,14.27,8.66,32.56,37.20855311355311,2025-09-01 11:55:05+00:00,0.2957616707616707,1,47
N9167,1.0,15,10,18.5,22.65,28.28,69.43,74.69401362749639,2025-09-01 13:57:11+00:00,0.2664554227279274,0,0
N9167,2.0,13,6,9.629999999999999,11.21,30.83,51.67,44.824010989010986,2025-09-01 14:32:32+00:00,0.1863750725759628,0,0
N9171,1.0,15,9,9.66,25.5,25.799999999999997,60.96,61.53968813944676,2025-09-01 14:53:23+00:00,0.15846456692913385,0,0
N9171,2.0,13,6,10.68,17.990000000000002,30.32,58.99,62.330018315018314,2025-09-01 21:18:26+00:00,0.1810476351924055,0,0
N9176,1.0,15,9,10.86,25.05,30.09,66.0,58.774095490716185,2025-09-02 01:04:59+00:00,0.16454545454545455,0,0
N9176,2.0,13,6,10.7,13.61,30.79,55.1,53.39822344322344,2025-09-02 01:40:03+00:00,0.19419237749546278,0,0
N9177,1.0,14,8,14.809999999999999,21.150000000000002,29.39,65.35,65.63200732600733,2025-09-02 01:54:19+00:00,0.22662586074980873,0,0
N9177,2.0,13,6,6.640000000000001,18.4,30.59,55.63,49.23723443223443,2025-09-02 02:22:42+00:00,0.1193600575229193,0,0
N9181,1.0,14,7,16.68,17.7,25.33,59.71,63.45542332632558,2025-09-02 05:13:21+00:00,0.27935019259755484,0,0
N9181,2.0,13,6,12.0,14.58,33.94,60.519999999999996,57.94767399267399,2025-09-02 05:40:34+00:00,0.19828155981493722,0,0
N9188,1.0,13,6,12.75,22.26,21.11,56.12,56.98772824919442,2025-09-02 11:15:33+00:00,0.22719173200285103,0,0
N9188,2.0,8,5,8.12,15.61,2.16,25.89,33.50168498168498,2025-09-02 11:45:24+00:00,0.31363460795674003,0,0
N9191,1.0,12,5,18.490000000000002,20.259999999999998,26.770000000000003,65.52,67.30738990332976,2025-09-02 13:44:52+00:00,0.28220390720390726,0,0
N9191,2.0,14,5,14.02,28.37,30.83,73.22,82.02886446886447,2025-09-02 14:11:13+00:00,0.1914777383228626,0,0
N9193,1.0,13,5,14.73,19.72,20.23,54.68,59.86130683852489,2025-09-02 15:29:20+00:00,0.2693855157278713,0,0
N9193,2.0,8,5,13.87,18.85,4.49,37.21,53.487326007326004,2025-09-02 15:53:30+00:00,0.37274926095135713,0,0
N9201,1.0,15,8,14.15,24.25,27.67,66.07,69.03996860282575,2025-08-27 15:31:46+00:00,0.21416679279551992,0,0
N9201,2.0,14,5,22.04,12.469999999999999,28.82,63.33,71.20831501831502,2025-09-03 02:51:20+00:00,0.34801831675351336,0,0
N9207,1.0,13,8,20.57,12.21,19.81,52.59,60.7163609573384,2025-09-03 07:11:57+00:00,0.3911389998098498,1,183
N9207,2.0,8,7,16.27,15.0,2.66,33.93,51.34517297517297,2025-09-03 07:44:08+00:00,0.479516651930445,0,0
N9208,1.0,13,7,21.869999999999997,4.57,19.900000000000002,46.34,54.75327246688149,2025-09-03 08:09:55+00:00,0.47194648252050053,1,133
N9208,2.0,9,5,8.14,22.950000000000003,10.03,41.120000000000005,46.66421245421246,2025-09-03 08:23:58+00:00,0.19795719844357976,0,0
N9211,1.0,13,7,22.36,13.260000000000002,15.77,51.39,65.03661833154315,2025-09-03 10:25:32+00:00,0.43510410585717063,1,82
N9211,2.0,8,7,17.119999999999997,13.76,6.9,37.78,49.43684371184371,2025-09-03 10:52:46+00:00,0.4531498147167813,1,63
N9213,1.0,13,7,21.67,12.99,20.17,54.83,64.34223415682062,2025-09-03 12:05:26+00:00,0.3952215940178735,0,0
N9213,2.0,8,7,19.45,10.35,6.05,35.85,49.233353683353684,2025-09-03 12:31:21+00:00,0.5425383542538353,1,56
N9231,1.0,14,6,20.94,22.73,11.24,54.91,75.65746962032676,2025-09-04 06:22:23+00:00,0.38135130213075946,1,339
N9231,2.0,8,5,22.93,10.73,3.57,37.23,59.91554945054945,2025-09-05 01:31:09+00:00,0.615901154982541,0,0
N9233,1.0,14,7,20.13,16.490000000000002,16.37,52.989999999999995,65.22708254151863,2025-09-05 04:21:16+00:00,0.37988299679184756,1,147
N9233,2.0,7,5,15.33,11.93,7.08,34.34,44.25194139194139,2025-09-05 04:45:31+00:00,0.44641817122888755,0,0
N9236,1.0,14,7,14.73,27.6,21.759999999999998,64.09,71.09035060177916,2025-09-05 06:44:42+00:00,0.22983304727726633,1,351
N9236,2.0,7,5,8.12,16.78,4.47,29.369999999999997,36.78294871794872,2025-09-05 07:15:18+00:00,0.27647259107933264,1,231
N9243,1.0,15,8,18.96,23.94,25.82,68.72,78.17355966228146,2025-09-05 12:40:14+00:00,0.27590221187427244,1,52
N9243,2.0,7,5,13.440000000000001,11.86,4.95,30.25,40.43371998371998,2025-09-05 13:13:46+00:00,0.4442975206611571,1,183
N9249,1.0,16,8,19.96,19.15,24.75,63.86,71.771975329043,2025-09-05 20:22:27+00:00,0.31255872220482306,0,0
N9249,2.0,9,5,11.920000000000002,10.24,14.96,37.120000000000005,38.70453398453399,2025-09-05 20:41:57+00:00,0.32112068965517243,0,0
N9254,1.0,15,8,21.64,22.56,22.54,66.74,83.00373075546008,2025-09-06 00:34:48+00:00,0.32424333233443214,0,0
N9254,2.0,7,5,13.98,12.27,5.15,31.4,46.211446886446886,2025-09-06 00:57:32+00:00,0.44522292993630574,1,394
N9256,1.0,16,8,19.42,20.880000000000003,24.95,65.25,76.15341320333802,2025-09-06 02:15:19+00:00,0.29762452107279697,0,0
N9256,2.0,8,5,9.45,20.71,9.280000000000001,39.44,46.72025641025641,2025-09-06 01:46:00+00:00,0.23960446247464504,0,0
N9257,1.0,16,8,21.87,19.53,22.54,63.94,81.65015932688866,2025-09-06 03:01:15+00:00,0.3420394119487019,0,0
N9257,2.0,7,5,7.8100000000000005,18.08,3.08,28.97,37.20688644688645,2025-09-06 03:27:20+00:00,0.26958923023817744,1,127
N9261,1.0,15,8,15.86,19.03,22.560000000000002,57.45,61.34084758599796,2025-09-06 06:16:33+00:00,0.2760661444734552,0,0
N9261,2.0,7,5,8.05,17.56,3.9,29.509999999999998,37.5025641025641,2025-09-06 06:49:14+00:00,0.27278888512368693,1,71
N9271,1.0,9,5,19.2,24.14,5.84,49.18,67.82032967032967,2025-09-06 13:53:20+00:00,0.3904026026840179,0,0
N9275,1.0,15,8,13.79,20.52,18.62,52.93,58.30468038227437,2025-09-06 17:03:20+00:00,0.26053277914226336,0,0
N9275,2.0,8,5,16.99,11.51,8.91,37.41,47.467639397639395,2025-09-06 18:19:18+00:00,0.4541566426089281,0,0
N9283,1.0,13,6,20.18,19.19,18.259999999999998,57.63,67.67525480367586,2025-09-07 00:02:06+00:00,0.3501648446989415,0,0
N9283,2.0,8,6,19.28,10.9,11.07,41.25,56.73010989010989,2025-09-07 00:25:27+00:00,0.4673939393939394,0,0
N9288,1.0,15,8,16.07,22.83,22.86,61.76,70.30488682022516,2025-09-07 03:51:39+00:00,0.2602007772020726,0,0
N9288,2.0,7,5,14.52,14.42,5.09,34.03,47.27056776556776,2025-09-07 04:18:28+00:00,0.4266823391125477,1,243
N9289,1.0,15,8,20.97,27.849999999999998,14.92,63.74,83.87666357591169,2025-09-07 04:37:28+00:00,0.3289927831816755,0,0
N9289,2.0,10,5,10.52,18.42,9.8,38.74,44.751007326007326,2025-09-07 05:04:02+00:00,0.2715539494062984,0,0
N9292,1.0,15,8,9.97,29.869999999999997,22.4,62.239999999999995,59.64203044082355,2025-09-07 08:24:50+00:00,0.16018637532133678,0,0
N9292,2.0,7,5,8.89,10.92,7.37,27.18,28.88230769230769,2025-09-07 08:52:38+00:00,0.3270787343635026,0,0
N9295,1.0,15,8,9.04,34.09,23.549999999999997,66.68,65.57120739514569,2025-09-07 10:39:47+00:00,0.1355728854229154,0,0
N9295,2.0,7,5,9.95,13.76,6.34,30.05,35.621208791208794,2025-09-07 11:02:30+00:00,0.33111480865224624,0,0
N9309,1.0,15,8,8.93,37.09,18.78,64.8,64.67927548313756,2025-09-07 21:36:25+00:00,0.13780864197530865,0,0
N9309,2.0,7,5,10.16,11.68,4.83,26.67,31.42108058608059,2025-09-07 21:54:40+00:00,0.38095238095238093,0,0
N9310,1.0,15,9,16.759999999999998,28.990000000000002,16.63,62.379999999999995,76.22470488861622,2025-09-07 22:22:54+00:00,0.2686758576466816,0,0
N9310,2.0,7,5,10.79,13.39,7.37,31.55,35.67864468864469,2025-09-07 22:56:24+00:00,0.3419968304278922,0,0
N9311,1.0,15,8,14.48,22.88,20.52,57.88,60.73309370833509,2025-09-07 23:10:59+00:00,0.25017277125086385,0,0
N9311,2.0,8,5,14.31,13.66,8.33,36.3,45.619035409035405,2025-09-07 23:47:05+00:00,0.3942148760330579,1,444
N9314,1.0,16,9,17.03,25.35,19.55,61.93,69.89514980421876,2025-09-08 01:48:51+00:00,0.27498788955272085,0,0
N9314,2.0,7,5,12.97,10.49,6.3,29.759999999999998,38.18925518925519,2025-09-08 02:21:54+00:00,0.4358198924731183,0,0
N9315,1.0,16,9,11.61,31.02,19.93,62.56,66.73845661235316,2025-09-08 02:35:32+00:00,0.18558184143222506,0,0
N9315,2.0,7,5,9.129999999999999,15.92,5.44,30.490000000000002,37.64208791208791,2025-09-08 02:51:30+00:00,0.29944244014430954,0,0
N9321,1.0,15,8,10.47,23.79,19.49,53.75,52.7912993558166,2025-09-08 07:04:55+00:00,0.19479069767441862,0,0
N9321,2.0,7,5,11.52,14.370000000000001,5.63,31.52,41.68171347171347,2025-09-08 07:30:52+00:00,0.36548223350253806,1,273
N9324,1.0,15,8,12.35,22.16,19.59,54.1,56.273628907222374,2025-09-08 09:35:07+00:00,0.22828096118299443,0,0
N9324,2.0,8,5,9.09,14.72,10.379999999999999,34.19,36.38417582417583,2025-09-08 10:00:52+00:00,0.26586721263527346,0,0
N9331,1.0,10,7,26.44,17.33,6.68,50.45,73.59617326282739,2025-09-08 15:08:52+00:00,0.5240832507433102,0,0
N9331,2.0,8,5,15.629999999999999,13.85,10.120000000000001,39.6,52.688168498168494,2025-09-08 15:48:41+00:00,0.39469696969696966,0,0
N9332,1.0,9,5,20.03,25.02,5.05,50.1,69.61675824175825,2025-09-08 16:03:10+00:00,0.3998003992015968,1,274
N9333,1.0,15,8,21.02,21.39,20.83,63.24,75.63788102735471,2025-09-08 20:01:56+00:00,0.33238456672991773,0,0
N9333,2.0,7,5,14.27,9.76,5.01,29.04,39.26369149369149,2025-09-08 20:10:44+00:00,0.49139118457300274,1,540
N9334,1.0,10,6,27.9,22.57,3.38,53.85,85.65164835164835,2025-09-08 20:49:47+00:00,0.5181058495821727,1,874
N9336,1.0,13,7,17.240000000000002,15.67,25.08,57.99,60.293618001046575,2025-09-08 22:34:28+00:00,0.29729263666149336,0,0
N9336,2.0,14,6,11.030000000000001,18.53,33.07,62.63,61.21211029711029,2025-09-08 23:04:03+00:00,0.17611368353824047,0,0
N9337,1.0,15,8,19.85,21.48,16.22,57.55,71.04408058608058,2025-09-08 23:32:56+00:00,0.34491746307558646,0,0
N9337,2.0,7,5,9.239999999999998,18.689999999999998,4.4,32.33,38.89358974358974,2025-09-08 23:56:10+00:00,0.2858026600680482,1,364
N9339,1.0,15,8,18.93,27.189999999999998,21.549999999999997,67.67,80.44582403811727,2025-09-09 01:05:59+00:00,0.27973991428993644,0,0
N9339,2.0,7,5,8.99,16.33,4.95,30.27,38.015293040293045,2025-09-09 01:36:12+00:00,0.2969937231582425,1,332
N9344,1.0,15,7,22.25,17.41,16.98,56.64,68.08426212050273,2025-09-09 04:58:48+00:00,0.3928319209039548,0,0
N9344,2.0,8,4,9.81,17.78,7.85,35.44,43.984798534798536,2025-09-09 05:28:09+00:00,0.2768058690744921,0,0
N9348,1.0,15,8,16.68,17.04,18.240000000000002,51.96,60.27415749385674,2025-09-09 08:04:14+00:00,0.32101616628175517,0,0
N9348,2.0,7,5,14.2,12.83,4.8,31.83,42.85168905168905,2025-09-09 08:30:08+00:00,0.4461200125667609,1,196
N9349,1.0,15,8,18.56,19.04,26.71,64.31,69.75455130500244,2025-09-09 08:49:27+00:00,0.288602083657285,0,0
N9349,2.0,13,6,9.6,13.62,33.13,56.35,50.32720594220594,2025-09-09 09:19:28+00:00,0.17036379769299023,0,0
N9358,1.0,9,6,27.59,22.74,2.8,53.129999999999995,84.28104395604394,2025-09-09 16:22:51+00:00,0.5192923019009976,0,0
N9362,1.0,15,9,16.8,21.01,18.8,56.61,66.33744057947065,2025-09-09 22:55:45+00:00,0.296767355590885,0,0
N9362,2.0,7,5,15.2,14.51,6.72,36.43,48.71122507122507,2025-09-09 23:21:30+00:00,0.41723853966511115,1,120
N9364,1.0,15,9,19.38,18.64,23.06,61.08,68.82668484397807,2025-09-10 00:32:17+00:00,0.31728880157170924,0,0
N9364,2.0,7,5,13.08,14.65,4.83,32.56,46.84131868131868,2025-09-10 01:04:48+00:00,0.4017199017199017,1,101
N9369,1.0,12,6,27.81,20.42,7.029999999999999,55.26,89.14097262386736,2025-09-10 04:26:55+00:00,0.503257328990228,0,0
N9372,1.0,15,8,33.55,5.42,18.85,57.82,82.93981225652654,2025-09-10 06:54:57+00:00,0.5802490487720512,1,87
N9372,2.0,7,5,19.57,11.26,6.31,37.14,53.122442002442,2025-09-10 07:22:12+00:00,0.5269251480883145,0,0
N9385,1.0,15,7,16.5,19.15,16.67,52.32,63.33130716902146,2025-09-10 21:02:54+00:00,0.31536697247706424,0,0
N9385,2.0,7,5,13.68,15.05,5.07,33.8,45.559190069190066,2025-09-10 21:15:37+00:00,0.4047337278106509,1,91
N9386,1.0,16,8,20.11,20.54,22.78,63.43,75.3848185941043,2025-09-10 21:45:18+00:00,0.3170424089547533,0,0
N9386,2.0,8,5,11.71,13.01,9.02,33.74,41.17284493284493,2025-09-10 22:08:49+00:00,0.34706579727326614,1,255
N9388,1.0,12,7,22.18,18.31,21.84,62.33,73.56470015698588,2025-09-10 23:20:36+00:00,0.35584790630515,0,0
N9388,2.0,13,6,9.23,18.84,34.95,63.02,53.97774725274725,2025-09-10 23:52:08+00:00,0.1464614408124405,0,0
N9391,1.0,15,7,9.75,33.53,25.37,68.65,68.00237867879247,2025-09-11 01:40:50+00:00,0.14202476329206118,0,0
N9391,2.0,7,5,9.26,10.47,4.86,24.59,28.029981684981685,2025-09-11 02:10:46+00:00,0.3765758438389589,0,0
N9397,1.0,7,5,11.7,16.11,5.44,33.25,41.429542124542124,2025-09-11 06:45:22+00:00,0.3518796992481203,0,0
N9397,2.0,11,6,18.48,19.18,12.72,50.38,67.78258241758242,2025-09-11 06:50:27+00:00,0.3668122270742358,0,0
N9398,1.0,15,7,7.930000000000001,31.009999999999998,19.240000000000002,58.18,59.120202728306175,2025-09-11 06:40:14+00:00,0.13630113441045033,1,117
N9398,2.0,7,5,13.68,11.0,5.81,30.49,39.79096052096052,2025-09-11 07:35:24+00:00,0.4486716956379141,0,0
N9408,1.0,10,5,32.3,13.2,4.65,50.15,81.83681318681319,2025-09-11 15:23:21+00:00,0.6440677966101694,0,0
N9416,1.0,15,8,11.079999999999998,27.13,25.11,63.32,68.0965398386075,2025-09-12 00:51:51+00:00,0.17498420720151608,0,0
N9416,2.0,7,5,5.46,18.13,2.37,25.96,34.232948717948716,2025-09-12 01:20:33+00:00,0.21032357473035437,1,63
N9421,1.0,15,10,20.32,15.17,22.57,58.06,73.14426987799168,2025-09-12 04:47:43+00:00,0.3499827764381674,0,0
N9421,2.0,7,5,13.62,19.759999999999998,2.56,35.94,54.57833333333333,2025-09-12 05:38:47+00:00,0.3789649415692821,1,739
N9422,1.0,15,8,15.46,24.74,19.78,59.980000000000004,67.34233840094743,2025-09-12 05:51:27+00:00,0.25775258419473157,0,0
N9422,2.0,7,5,5.93,19.9,4.59,30.42,39.02322344322344,2025-09-12 06:02:01+00:00,0.19493754109138722,1,227
N9423,1.0,10,5,18.25,27.98,3.77,50.0,72.51129670329671,2025-09-12 07:00:37+00:00,0.365,1,344
N9426,1.0,15,8,23.53,20.95,16.02,60.5,77.56698268871202,2025-09-12 09:39:19+00:00,0.38892561983471075,0,0
N9426,2.0,7,6,10.85,17.88,5.23,33.96,51.194432234432234,2025-09-12 10:04:37+00:00,0.3194935217903416,1,173
N9432,1.0,15,8,21.27,24.04,18.66,63.97,79.57800689146553,2025-09-12 14:27:02+00:00,0.33249960919180865,0,0
N9432,2.0,8,5,7.459999999999999,21.94,14.030000000000001,43.43,50.52680911680912,2025-09-12 14:58:43+00:00,0.17177066543863687,0,0
N9433,1.0,15,8,14.16,16.91,20.5,51.57,56.770469182724824,2025-09-12 15:16:51+00:00,0.2745782431646306,0,0
N9433,2.0,8,5,7.85,20.97,8.58,37.4,49.40010989010989,2025-09-12 15:44:55+00:00,0.20989304812834225,0,0
N9439,1.0,15,8,18.89,24.67,23.49,67.05,80.63384202263902,2025-09-12 22:26:22+00:00,0.28173005219985087,0,0
N9439,2.0,8,5,7.18,7.78,9.69,24.65,27.17065934065934,2025-09-12 22:57:43+00:00,0.29127789046653146,1,90
N9446,1.0,15,9,25.55,13.330000000000002,22.02,60.9,79.24755625327055,2025-09-13 04:12:02+00:00,0.4195402298850575,0,0
N9446,2.0,8,5,13.79,14.15,4.44,32.38,44.54076516076516,2025-09-13 04:41:01+00:00,0.42588017294626307,1,217
N9448,1.0,15,8,16.58,18.87,18.81,54.260000000000005,61.878344487592614,2025-09-13 08:03:41+00:00,0.3055657943236269,0,0
N9448,2.0,11,6,9.4,16.52,13.120000000000001,39.04,43.26362637362637,2025-09-13 08:35:24+00:00,0.24077868852459017,0,0
N9449,1.0,14,8,15.44,18.89,16.55,50.88,56.13968465118841,2025-09-13 11:24:22+00:00,0.30345911949685533,0,0
N9449,2.0,9,5,8.54,17.29,7.9399999999999995,33.77,38.61910256410256,2025-09-13 11:55:53+00:00,0.25288717796861115,0,0
N9451,1.0,14,7,12.16,28.14,16.17,56.47,62.60093144950288,2025-09-13 13:07:30+00:00,0.21533557641225431,0,0
N9451,2.0,8,6,13.65,11.57,7.58,32.8,40.697637362637366,2025-09-13 13:38:09+00:00,0.4161585365853659,0,0
N9455,1.0,14,8,15.329999999999998,17.27,18.98,51.58,56.42471288110386,2025-09-13 16:21:59+00:00,0.2972082202404032,0,0
N9455,2.0,10,6,15.43,11.77,8.149999999999999,35.35,47.39393569393569,2025-09-13 16:52:31+00:00,0.4364922206506365,0,0
N9462,1.0,15,9,18.08,21.15,14.99,54.22,66.01989525253072,2025-09-13 21:43:01+00:00,0.33345628919217996,0,0
N9462,2.0,9,5,11.4,14.42,7.59,33.41,42.143186813186816,2025-09-13 22:10:23+00:00,0.34121520502843466,0,0
N9469,1.0,15,9,10.28,26.78,29.04,66.1,58.89455993431856,2025-09-03 03:14:21+00:00,0.15552193645990922,0,0
N9469,2.0,13,5,11.34,17.59,33.68,62.61,54.562971102971105,2025-09-14 04:52:39+00:00,0.18112122664111163,0,0
N9472,1.0,14,8,13.83,22.259999999999998,20.43,56.519999999999996,60.38275562532706,2025-09-14 06:54:36+00:00,0.24469214437367307,0,0
N9472,2.0,9,5,12.82,13.85,8.27,34.94,44.40192511192511,2025-09-14 06:37:07+00:00,0.3669147109330281,0,0
N9485,1.0,14,7,14.33,25.24,20.25,59.82,66.78840607012036,2025-09-14 19:29:37+00:00,0.23955198930123706,0,0
N9485,2.0,9,5,7.23,21.48,10.14,38.85,44.653443223443226,2025-09-14 19:13:04+00:00,0.1861003861003861,0,0
N9508,1.0,14,8,12.7,17.119999999999997,22.39,52.21,53.494508110936685,2025-09-15 13:25:18+00:00,0.24324841984294196,0,0
N9508,2.0,9,5,13.280000000000001,16.29,7.83,37.4,48.28106227106227,2025-09-15 13:37:40+00:00,0.35508021390374334,1,137
N9509,1.0,14,8,12.99,17.990000000000002,19.89,50.870000000000005,54.15152433281005,2025-09-15 14:04:43+00:00,0.2553567918222921,0,0
N9509,2.0,9,5,7.09,19.18,10.4,36.67,43.11139601139601,2025-09-15 14:31:29+00:00,0.19334605944914096,0,0
N9510,1.0,14,7,16.02,20.79,24.99,61.8,64.68341234955521,2025-09-15 14:53:05+00:00,0.2592233009708738,0,0
N9510,2.0,13,5,8.14,20.79,29.71,58.64,58.91652014652015,2025-09-15 15:23:25+00:00,0.1388130968622101,0,0
N9515,1.0,14,8,14.44,25.0,18.509999999999998,57.95,65.6553453689168,2025-09-15 21:35:24+00:00,0.24918032786885244,0,0
N9515,2.0,8,5,7.02,20.82,6.45,34.29,40.44395604395604,2025-09-15 21:59:41+00:00,0.2047244094488189,0,0
N9517,1.0,14,8,13.49,21.59,21.09,56.17,59.11159079016222,2025-09-15 23:06:56+00:00,0.24016378849919887,0,0
N9517,2.0,9,5,11.41,14.370000000000001,10.940000000000001,36.72,43.58663410663411,2025-09-15 23:34:54+00:00,0.3107298474945534,0,0
N9521,1.0,11,5,21.01,14.43,14.7,50.14,69.98846153846154,2025-09-14 16:35:49+00:00,0.4190267251695254,1,64
N9521,2.0,8,5,12.620000000000001,20.89,6.73,40.24,53.76909645909646,2025-09-16 02:46:26+00:00,0.31361829025844934,0,0
N9524,1.0,14,8,13.66,18.56,21.75,53.97,55.75802197802198,2025-09-16 04:37:50+00:00,0.2531035760607745,0,0
N9524,2.0,9,5,7.07,16.49,13.06,36.62,36.20525641025641,2025-09-16 05:05:34+00:00,0.19306389950846534,0,0
N9525,1.0,14,8,14.29,19.259999999999998,20.02,53.57,58.045039246467816,2025-09-16 05:25:08+00:00,0.2667537801008027,1,181
N9525,2.0,8,5,8.37,18.47,5.58,32.42,40.18765567765568,2025-09-16 05:49:29+00:00,0.2581739666872301,0,0
N9545,1.0,14,8,19.22,15.17,24.119999999999997,58.51,69.09731292517007,2025-09-16 23:29:08+00:00,0.3284908562638865,0,0
N9545,2.0,8,5,9.239999999999998,14.71,2.42,26.369999999999997,34.1624358974359,2025-09-17 00:02:09+00:00,0.35039817974971554,0,0
N9548,1.0,14,8,13.12,17.51,23.439999999999998,54.07,53.26584510727368,2025-09-17 01:47:55+00:00,0.24264841871647863,0,0
N9548,2.0,8,5,4.41,18.35,8.31,31.07,35.601410256410254,2025-09-17 02:13:51+00:00,0.1419375603476022,0,0
N9549,1.0,14,8,14.96,15.77,27.259999999999998,57.99,56.053937728937726,2025-09-17 02:28:00+00:00,0.2579755130194861,0,0
N9549,2.0,9,5,7.42,19.64,9.98,37.04,40.87025641025641,2025-09-17 02:52:31+00:00,0.20032397408207345,0,0
N9554,1.0,14,7,14.790000000000001,25.17,22.16,62.120000000000005,66.72175300889587,2025-09-17 06:20:32+00:00,0.23808757244043785,0,0
N9554,2.0,13,6,7.3500000000000005,18.91,31.3,57.56,53.85228937728938,2025-09-17 06:46:09+00:00,0.12769284225156358,0,0
N9567,1.0,14,7,13.68,19.82,16.74,50.24,57.383388278388274,2025-09-17 23:49:08+00:00,0.27229299363057324,0,0
N9567,2.0,9,5,10.59,19.47,10.280000000000001,40.34,45.32895604395605,2025-09-18 00:21:07+00:00,0.26251859196826965,0,0
N9568,1.0,14,7,12.92,19.57,18.18,50.67,55.200920983778126,2025-09-18 00:46:51+00:00,0.2549832247878429,0,0
N9568,2.0,9,5,7.140000000000001,21.54,10.58,39.260000000000005,44.693333333333335,2025-09-18 01:15:48+00:00,0.18186449312277125,0,0
N9569,1.0,14,7,15.98,20.28,18.310000000000002,54.57,61.712870225013084,2025-09-18 01:41:55+00:00,0.2928348909657321,0,0
N9569,2.0,8,5,6.800000000000001,19.33,3.86,29.99,39.082362637362635,2025-09-18 02:07:39+00:00,0.22674224741580531,1,339
N9570,1.0,14,7,12.3,23.44,16.189999999999998,51.93,57.52432234432234,2025-09-18 02:28:59+00:00,0.2368573079145003,0,0
N9570,2.0,9,5,7.5600000000000005,18.919999999999998,9.6,36.08,39.44102564102564,2025-09-18 02:49:32+00:00,0.20953436807095346,0,0
N9573,1.0,14,7,15.530000000000001,22.78,18.05,56.36,65.26115907901622,2025-09-18 06:15:09+00:00,0.2755500354861604,0,0
N9573,2.0,9,5,8.649999999999999,17.44,10.93,37.019999999999996,40.539578754578756,2025-09-18 05:57:34+00:00,0.23365748244192328,0,0
N9580,1.0,14,8,20.29,12.55,19.68,52.519999999999996,64.52590005232862,2025-09-18 11:39:32+00:00,0.38632901751713633,0,0
N9580,2.0,9,5,12.77,16.29,11.59,40.65,48.606882376882375,2025-09-18 12:04:20+00:00,0.31414514145141453,0,0
N9583,1.0,15,8,16.92,18.94,19.95,55.81,67.12878335949765,2025-09-18 13:58:19+00:00,0.30317147464612076,0,0
N9583,2.0,9,5,9.84,16.23,9.17,35.24,44.07589743589744,2025-09-18 14:19:48+00:00,0.2792281498297389,0,0
N9592,1.0,14,8,18.76,14.83,23.14,56.730000000000004,59.74845892203035,2025-09-18 23:58:14+00:00,0.3306892296844703,0,0
N9592,2.0,8,5,9.780000000000001,16.15,4.92,30.85,42.353878713878714,2025-09-19 00:20:32+00:00,0.31701782820097246,1,410
N9594,1.0,11,5,23.810000000000002,13.32,14.09,51.22,72.89584249084248,2025-09-18 15:54:54+00:00,0.4648574775478329,0,0
N9594,2.0,8,6,24.19,9.030000000000001,8.85,42.07,66.30513838013837,2025-09-19 01:15:01+00:00,0.5749940575231757,0,0
N9595,1.0,15,8,11.530000000000001,22.34,28.35,62.22,55.7461102690413,2025-09-17 16:21:02+00:00,0.18531018964963036,0,0
N9595,2.0,13,6,10.15,21.07,30.65,61.870000000000005,62.320787545787546,2025-09-19 02:57:33+00:00,0.16405366090189105,0,0
N9596,1.0,15,8,11.66,19.99,22.17,53.82,55.541877605153466,2025-09-19 02:21:34+00:00,0.21664808621330361,0,0
N9596,2.0,8,5,11.33,13.25,4.62,29.200000000000003,39.47329263329264,2025-09-19 03:35:57+00:00,0.38801369863013696,0,0
N9597,1.0,14,8,14.36,20.14,21.84,56.339999999999996,58.882066980638406,2025-09-19 04:01:32+00:00,0.25488107916222935,0,0
N9597,2.0,8,5,9.86,18.91,5.54,34.31,45.96013838013838,2025-09-19 04:26:58+00:00,0.2873797726610317,1,100
N9599,1.0,14,8,15.79,17.47,18.74,52.0,57.66283621140764,2025-09-19 05:36:36+00:00,0.30365384615384616,0,0
N9599,2.0,8,5,8.93,22.04,7.0,37.97,46.248168498168496,2025-09-19 06:00:51+00:00,0.2351856728996576,0,0
N9601,1.0,14,8,12.77,24.09,18.07,54.93,61.32698063840921,2025-09-19 07:02:05+00:00,0.2324776988894957,0,0
N9601,2.0,8,5,9.36,20.91,8.12,38.39,46.167197802197805,2025-09-19 07:30:03+00:00,0.2438134930971607,0,0
N9604,1.0,14,8,13.36,18.8,18.16,50.32,55.22226844583987,2025-09-19 09:31:12+00:00,0.2655007949125596,0,0
N9604,2.0,9,7,17.46,12.85,4.8,35.11,55.7089133089133,2025-09-19 09:55:59+00:00,0.49729421817146113,0,0
N9606,1.0,14,8,19.27,11.74,19.39,50.4,59.519662480376766,2025-09-19 11:01:56+00:00,0.38234126984126987,0,0
N9606,2.0,9,5,22.11,5.71,12.25,40.07,60.16080586080586,2025-09-19 11:31:42+00:00,0.5517843773396556,0,0
N9610,1.0,14,8,10.72,20.07,24.29,55.08,54.55635269492413,2025-09-19 14:10:22+00:00,0.19462599854756718,0,0
N9610,2.0,9,6,15.129999999999999,15.719999999999999,7.58,38.43,53.632710622710626,2025-09-19 14:37:06+00:00,0.3937028363257871,0,0
N9618,1.0,14,9,12.5,14.7,21.3,48.5,47.54607535321821,2025-09-20 00:06:50+00:00,0.25773195876288657,0,0
N9618,2.0,10,5,12.26,20.92,9.11,42.29,54.53027676027676,2025-09-19 23:49:20+00:00,0.2899030503665169,1,185
N9626,1.0,11,5,22.88,12.47,13.51,48.86,69.3214652014652,2025-09-19 17:58:33+00:00,0.46827670896438806,0,0
N9626,2.0,9,2,13.5,0.0,27.74,41.239999999999995,42.99666666666666,2025-09-20 06:40:00+00:00,0.32735208535402527,0,0
N9630,1.0,16,9,18.6,22.37,19.0,59.97,67.38606750392465,2025-09-20 09:28:45+00:00,0.3101550775387694,0,0
N9630,2.0,14,6,17.95,13.08,35.06,66.09,67.27760073260073,2025-09-20 09:53:48+00:00,0.27159933424118626,0,0
N9631,1.0,14,9,12.4,17.259999999999998,23.12,52.78,53.00760596546311,2025-09-20 10:20:08+00:00,0.23493747631678666,0,0
N9631,2.0,8,5,12.24,17.33,6.87,36.44,49.276538461538465,2025-09-20 10:41:27+00:00,0.3358946212952799,0,0
N9634,1.0,14,8,13.510000000000002,30.689999999999998,9.81,54.01,70.68185243328101,2025-09-20 12:44:40+00:00,0.25013886317348644,0,0
N9634,2.0,10,5,11.72,14.14,17.22,43.08,45.09172975172975,2025-09-20 13:07:50+00:00,0.2720519962859796,0,0
N9638,1.0,14,8,12.23,25.06,17.53,54.82,59.71872213500785,2025-09-20 15:54:56+00:00,0.22309376140094855,0,0
N9638,2.0,8,5,12.53,17.07,5.74,35.34,47.91190883190883,2025-09-20 16:31:30+00:00,0.35455574419920766,0,0
N9654,1.0,14,8,13.100000000000001,16.67,23.9,53.67,51.56470434327577,2025-09-21 04:17:40+00:00,0.24408421837152974,0,0
N9654,2.0,8,5,9.66,22.12,3.18,34.96,46.443974358974366,2025-09-21 04:26:19+00:00,0.2763157894736842,1,502
N9655,1.0,14,8,13.6,21.8,19.34,54.74,60.15408424908425,2025-09-21 04:59:16+00:00,0.2484472049689441,0,0
N9655,2.0,8,5,9.989999999999998,15.62,5.58,31.189999999999998,36.9820695970696,2025-09-21 05:23:11+00:00,0.32029496633536386,0,0
N9659,1.0,11,5,21.09,15.84,14.11,51.04,69.48245421245421,2025-09-21 07:13:29+00:00,0.413205329153605,0,0
N9659,2.0,11,6,24.46,12.0,4.72,41.18,64.847326007326,2025-09-21 09:17:32+00:00,0.5939776590577951,0,0
N9662,1.0,14,7,23.73,10.84,22.85,57.42,68.68384353741497,2025-09-21 11:03:38+00:00,0.41327063740856845,0,0
N9662,2.0,8,6,19.19,10.72,4.39,34.300000000000004,49.17165649165649,2025-09-21 11:33:47+00:00,0.559475218658892,0,0
N9667,1.0,13,7,21.66,13.79,21.83,57.28,67.38499319727892,2025-09-21 15:02:49+00:00,0.37814245810055863,0,0
N9667,2.0,8,6,20.66,7.04,4.09,31.79,51.60490842490842,2025-09-21 15:30:28+00:00,0.6498899024850582,0,0
N9668,1.0,13,7,20.23,16.27,22.240000000000002,58.74,64.52229931972789,2025-09-21 15:47:30+00:00,0.34439904664623766,0,0
N9668,2.0,8,6,18.12,11.639999999999999,4.8,34.56,53.26501831501831,2025-09-21 16:18:04+00:00,0.5243055555555556,1,72
N9675,1.0,14,7,20.669999999999998,15.540000000000001,22.62,58.83,66.86751700680271,2025-09-21 21:35:22+00:00,0.3513513513513513,0,0
N9675,2.0,8,6,16.93,18.74,0.0,35.67,53.17115384615384,2025-09-21 22:11:08+00:00,0.47462853938884214,0,0
N9680,1.0,13,7,24.36,11.02,22.040000000000003,57.42,70.56431972789116,2025-09-22 01:30:48+00:00,0.4242424242424242,0,0
N9680,2.0,8,5,23.13,5.7,3.23,32.06,51.15184981684982,2025-09-22 02:00:41+00:00,0.721459762944479,1,326
N9688,1.0,14,9,13.239999999999998,18.2,21.02,52.46,51.922506541077965,2025-09-22 08:01:02+00:00,0.25238276782310326,0,0
N9688,2.0,9,5,14.37,11.08,12.36,37.81,44.429116809116806,2025-09-22 08:29:16+00:00,0.3800581856651679,0,0
N9689,1.0,14,8,13.620000000000001,19.78,24.560000000000002,57.96,58.576514913657775,2025-09-22 08:50:40+00:00,0.2349896480331263,0,0
N9689,2.0,14,6,11.83,13.969999999999999,34.93,60.73,56.0165934065934,2025-09-22 09:22:50+00:00,0.19479664086942206,0,0
N9691,1.0,15,9,14.99,21.25,15.42,51.660000000000004,59.87379120879121,2025-09-22 10:29:02+00:00,0.29016647309330235,0,0
N9691,2.0,9,5,11.17,13.36,12.9,37.43,42.69458689458689,2025-09-22 10:54:29+00:00,0.29842372428533265,0,0
N9695,1.0,15,10,14.67,15.620000000000001,26.04,56.33,57.14737571951858,2025-09-22 13:29:25+00:00,0.2604296112195988,0,0
N9695,2.0,9,5,11.850000000000001,15.219999999999999,10.89,37.96,45.29459096459097,2025-09-22 13:58:26+00:00,0.31217070600632246,0,0
N9701,1.0,13,7,25.200000000000003,12.0,23.0,60.2,74.37620975515712,2025-09-22 21:11:34+00:00,0.4186046511627907,0,0
N9701,2.0,7,5,16.05,6.9399999999999995,8.02,31.009999999999998,48.86261904761905,2025-09-22 21:42:46+00:00,0.5175749758142535,0,0
N9702,1.0,13,7,18.0,18.0,22.1,58.1,65.07314439946019,2025-09-22 22:38:44+00:00,0.3098106712564544,0,0
N9702,2.0,7,5,16.849999999999998,6.77,12.29,35.91,46.7342328042328,2025-09-22 23:08:23+00:00,0.46922862712336394,1,213
N9704,1.0,13,7,16.2,18.1,23.6,57.9,66.79185463659148,2025-09-23 00:55:20+00:00,0.27979274611398963,0,0
N9704,2.0,7,6,18.009999999999998,7.43,10.09,35.53,51.469417989417984,2025-09-23 00:48:04+00:00,0.5068955811989867,1,156
N9707,1.0,13,7,18.3,17.08,20.98,56.36,66.78807981492191,2025-09-23 02:53:43+00:00,0.32469836763662174,1,33
N9707,2.0,7,5,13.16,8.030000000000001,11.379999999999999,32.57,41.97283068783069,2025-09-23 03:20:02+00:00,0.4040528093337427,0,0
N9708,1.0,13,7,15.65,13.5,21.23,50.38,55.42508579140158,2025-09-23 03:40:20+00:00,0.31063914251687175,1,56
N9708,2.0,7,6,9.709999999999999,13.02,10.91,33.64,38.565238095238094,2025-09-23 04:08:36+00:00,0.28864447086801426,1,78
N9709,1.0,13,7,17.06,13.1,19.98,50.14,57.926097937150566,2025-09-23 04:25:16+00:00,0.3402473075388911,0,0
N9709,2.0,10,6,24.99,8.21,18.52,51.72,71.64833333333333,2025-09-23 04:59:40+00:00,0.48317865429234336,1,158
N9712,1.0,13,7,14.9,18.95,25.06,58.91,61.33919413919414,2025-09-23 06:46:53+00:00,0.2529281955525378,0,0
N9712,2.0,7,5,9.26,14.95,11.45,35.66,40.55714285714286,2025-09-23 07:14:11+00:00,0.2596747055524397,0,0
N9715,1.0,13,7,15.84,12.59,22.17,50.6,55.38997975708502,2025-09-23 09:30:35+00:00,0.31304347826086953,0,0
N9715,2.0,8,5,11.83,13.74,12.59,38.16,44.31333333333333,2025-09-23 10:00:34+00:00,0.31001048218029353,1,213
N9716,1.0,14,7,8.79,26.22,20.4,55.41,58.19155966840177,2025-09-23 10:21:07+00:00,0.15863562533838657,0,0
N9716,2.0,7,5,6.89,17.54,11.29,35.72,36.91809523809524,2025-09-23 10:53:47+00:00,0.19288913773796193,0,0
N9717,1.0,16,6,33.6,6.66,26.259999999999998,66.52,91.36604395604395,2025-09-23 11:12:59+00:00,0.5051112447384246,0,0
N9717,2.0,7,5,15.91,8.22,9.86,33.99,47.07714285714286,2025-09-23 12:20:47+00:00,0.4680788467196234,0,0
N9725,1.0,10,6,21.87,22.009999999999998,5.949999999999999,49.83,70.44383073067283,2025-09-23 20:52:35+00:00,0.43889223359422036,1,146
N9737,1.0,13,7,24.86,13.139999999999999,25.96,63.96,73.37852380952381,2025-09-24 06:18:20+00:00,0.3886804252657911,0,0
N9737,2.0,14,5,20.759999999999998,12.42,30.0,63.18,75.68681318681318,2025-09-24 06:45:08+00:00,0.3285849952516619,0,0
N9742,1.0,14,6,23.95,11.84,31.03,66.82,74.69148979591837,2025-09-24 11:07:58+00:00,0.35842562107153547,0,0
N9742,2.0,14,5,14.84,12.25,32.18,59.27,62.51375457875458,2025-09-24 11:44:30+00:00,0.2503796186941117,0,0
N9753,1.0,10,4,23.77,26.72,3.99,54.48,76.59945054945055,2025-09-24 23:01:36+00:00,0.4363069016152717,1,1134
N9756,1.0,13,8,27.369999999999997,13.31,18.21,58.89,75.36060096823255,2025-09-25 01:36:32+00:00,0.4647648157581932,0,0
N9756,2.0,8,7,18.240000000000002,7.97,3.13,29.34,53.64814611314611,2025-09-25 02:07:27+00:00,0.621676891615542,1,392
N9762,1.0,13,8,18.22,22.9,16.22,57.34,68.56928722906167,2025-09-25 07:55:56+00:00,0.31775374956400415,0,0
N9762,2.0,8,7,15.17,14.120000000000001,2.44,31.73,52.43869963369963,2025-09-25 08:21:37+00:00,0.4780964387015443,1,310
N9765,1.0,13,8,14.43,20.14,25.3,59.87,59.02017199592388,2025-09-25 10:26:41+00:00,0.2410222147987306,0,0
N9765,2.0,9,8,14.07,20.9,4.41,39.38,59.89456247456247,2025-09-25 10:51:42+00:00,0.35728796343321484,0,0
N9766,1.0,13,8,18.39,21.65,17.23,57.27,66.79375760830648,2025-09-25 11:12:56+00:00,0.32111052907281296,0,0
N9766,2.0,8,7,18.9,10.16,4.8,33.86,58.36901709401709,2025-09-25 11:37:50+00:00,0.5581807442409923,0,0
N9767,1.0,13,6,22.560000000000002,12.469999999999999,28.82,63.85,71.91936806301469,2025-09-25 11:55:28+00:00,0.3533281127642913,0,0
N9767,2.0,15,6,18.52,13.3,30.01,61.83,72.25113553113553,2025-09-25 12:18:10+00:00,0.29953097202005496,0,0
N9770,1.0,13,6,24.310000000000002,10.89,32.36,67.56,72.701768707483,2025-09-25 14:16:25+00:00,0.35982830076968625,0,0
N9770,2.0,14,5,16.25,11.75,25.68,53.68,64.07510989010989,2025-09-25 14:40:41+00:00,0.3027198211624441,0,0
N9771,1.0,13,6,25.13,14.8,25.41,65.34,79.70698532044396,2025-09-25 14:58:58+00:00,0.3846036118763391,0,0
N9771,2.0,14,5,15.09,12.33,32.05,59.47,63.288278388278385,2025-09-25 15:27:35+00:00,0.2537413822095174,0,0
N9778,1.0,10,9,25.009999999999998,17.93,7.4399999999999995,50.379999999999995,71.28829042386185,2025-09-26 00:07:01+00:00,0.4964271536323938,1,165
N9786,1.0,14,9,25.91,11.92,16.83,54.660000000000004,73.1335766614338,2025-09-26 06:09:44+00:00,0.4740212221002561,1,143
N9786,2.0,8,7,14.07,13.2,2.67,29.939999999999998,47.03257224257224,2025-09-26 06:35:37+00:00,0.46993987975951906,0,0
N9790,1.0,14,8,23.46,11.76,18.46,53.68,70.58969754055468,2025-09-26 09:23:53+00:00,0.43703427719821164,0,0
N9790,2.0,8,5,17.740000000000002,14.24,2.49,34.47,62.948406593406595,2025-09-26 10:02:50+00:00,0.5146504206556427,1,71
N9797,1.0,13,6,15.05,20.27,16.03,51.35,59.59665014183812,2025-09-26 14:55:37+00:00,0.2930866601752678,0,0
N9797,2.0,8,5,4.5600000000000005,23.509999999999998,4.54,32.61,45.96553113553114,2025-09-26 15:20:58+00:00,0.13983440662373506,0,0
N9802,1.0,15,8,15.120000000000001,21.54,16.89,53.55,62.53225532759523,2025-09-26 21:33:23+00:00,0.28235294117647064,0,0
N9802,2.0,9,4,9.47,17.87,8.559999999999999,35.9,43.874212454212454,2025-09-26 21:57:37+00:00,0.26378830083565463,0,0
N9804,1.0,15,8,15.31,25.53,15.42,56.26,67.8080710586622,2025-09-26 23:08:54+00:00,0.27212939921791685,0,0
N9804,2.0,9,5,12.14,13.55,12.86,38.55,45.32567765567766,2025-09-26 23:33:56+00:00,0.3149156939040208,0,0
N9806,1.0,15,8,15.51,22.1,20.23,57.84,65.86981742723614,2025-09-27 00:53:30+00:00,0.26815352697095435,0,0
N9806,2.0,9,5,11.73,15.7,9.27,36.7,45.73220594220594,2025-09-27 01:17:56+00:00,0.3196185286103542,0,0
N9807,1.0,15,8,13.7,22.24,16.169999999999998,52.11,60.23956603330988,2025-09-27 01:36:17+00:00,0.2629053924390712,0,0
N9807,2.0,9,5,13.19,19.65,8.51,41.35,54.2721978021978,2025-09-27 02:00:52+00:00,0.31898428053204353,0,0
N9813,1.0,16,9,10.71,29.42,15.03,55.160000000000004,64.17698834334794,2025-09-27 06:13:03+00:00,0.19416243654822335,0,0
N9813,2.0,8,5,12.51,14.510000000000002,5.46,32.480000000000004,43.35630443630444,2025-09-27 06:45:56+00:00,0.3851600985221674,0,0
N9814,1.0,15,9,13.969999999999999,27.45,18.23,59.65,65.70037474512351,2025-09-27 07:02:13+00:00,0.2341994970662196,0,0
N9814,2.0,8,5,15.84,11.17,8.28,35.29,44.765779405779405,2025-09-27 07:31:02+00:00,0.44885236610937945,0,0
N9816,1.0,15,9,16.14,28.52,18.33,62.99,70.4830454356809,2025-09-27 08:51:34+00:00,0.2562311478012383,0,0
N9816,2.0,9,6,9.94,13.48,8.33,31.75,40.24946886446887,2025-09-27 09:24:59+00:00,0.31307086614173224,0,0
N9818,1.0,15,8,10.100000000000001,23.63,34.38,68.11,58.86692307692308,2025-09-27 10:26:45+00:00,0.14828953163999414,0,0
N9818,2.0,14,6,8.84,13.969999999999999,32.82,55.63,45.51106227106227,2025-09-27 10:55:46+00:00,0.15890706453352507,0,0
N9819,1.0,15,10,14.71,23.66,13.64,52.01,61.044705624424836,2025-09-27 11:13:55+00:00,0.2828302249567391,0,0
N9819,2.0,8,5,10.92,38.58,4.8,54.3,60.462820512820514,2025-09-27 11:37:24+00:00,0.2011049723756906,1,163
N9822,1.0,15,10,21.49,21.509999999999998,22.700000000000003,65.7,79.02742274310255,2025-09-27 13:33:56+00:00,0.32709284627092844,0,0
N9822,2.0,9,5,12.17,12.49,8.33,32.99,40.81691900691901,2025-09-27 14:04:50+00:00,0.36889966656562595,0,0
N9827,1.0,14,9,16.619999999999997,21.07,22.84,60.53,67.07799906169365,2025-09-27 20:34:07+00:00,0.27457459111184535,0,0
N9827,2.0,8,5,11.35,11.879999999999999,6.37,29.6,37.82089133089133,2025-09-27 20:58:19+00:00,0.38344594594594594,1,92
N9828,1.0,14,9,16.57,19.02,17.46,53.05,61.859069001605945,2025-09-27 21:21:40+00:00,0.3123468426013195,0,0
N9828,2.0,8,5,14.100000000000001,11.790000000000001,4.8,30.69,41.870736670736676,2025-09-27 21:47:05+00:00,0.4594330400782014,0,0
N9830,1.0,14,7,16.200000000000003,31.44,12.780000000000001,60.42,76.75877947996175,2025-09-27 23:00:05+00:00,0.2681231380337637,0,0
N9830,2.0,8,5,9.92,15.73,5.02,30.669999999999998,40.65851851851852,2025-09-27 23:26:22+00:00,0.3234431040104337,0,0
N9831,1.0,14,8,15.28,33.96,17.09,66.33,75.6494129269745,2025-09-27 23:43:07+00:00,0.2303633348409468,0,0
N9831,2.0,9,5,8.42,19.98,13.51,41.91,44.35818681318681,2025-09-28 00:09:42+00:00,0.20090670484371273,0,0
N9832,1.0,14,8,17.61,27.9,17.36,62.870000000000005,77.6581951135892,2025-09-28 00:24:45+00:00,0.280101797359631,0,0
N9832,2.0,9,5,10.629999999999999,16.53,12.16,39.32,46.13013431013431,2025-09-28 00:47:00+00:00,0.2703458799593082,0,0
N9834,1.0,14,8,13.9,29.490000000000002,22.35,65.74,69.80505025352316,2025-09-28 01:51:55+00:00,0.21143900212960148,0,0
N9834,2.0,8,5,9.14,21.54,7.77,38.45,45.06252747252747,2025-09-28 02:17:32+00:00,0.23771131339401821,0,0
N9836,1.0,14,8,12.17,29.48,14.06,55.71,64.52866580053772,2025-09-28 03:21:49+00:00,0.21845270148985818,0,0
N9836,2.0,9,5,10.9,9.299999999999999,8.64,28.84,34.27023199023199,2025-09-28 03:45:36+00:00,0.3779472954230236,0,0
N9837,1.0,15,8,12.709999999999999,22.92,13.66,49.29,55.550916653133406,2025-09-28 04:01:24+00:00,0.2578616352201258,0,0
N9837,2.0,9,5,12.52,18.1,12.32,42.94,51.24805860805861,2025-09-28 04:26:35+00:00,0.29156963204471353,0,0
N9838,1.0,14,8,12.73,25.650000000000002,15.23,53.61,59.52473781555062,2025-09-28 04:44:34+00:00,0.2374556985637008,0,0
N9838,2.0,9,5,12.83,14.48,12.719999999999999,40.03,46.21692307692308,2025-09-28 05:12:46+00:00,0.32050961778666,0,0
N9839,1.0,15,8,11.4,26.3,23.59,61.29,60.27088110575795,2025-09-28 05:31:16+00:00,0.18600097895252082,0,0
N9839,2.0,13,6,10.299999999999999,16.0,32.33,58.63,56.10488196988197,2025-09-28 06:00:11+00:00,0.17567798055602932,0,0
N9841,1.0,14,8,15.76,29.83,16.83,62.42,72.79500378931414,2025-09-28 07:11:05+00:00,0.2524831784684396,0,0
N9841,2.0,8,5,12.0,17.75,7.03,36.78,48.296528286528286,2025-09-28 07:34:52+00:00,0.3262642740619902,0,0
N9842,1.0,14,8,12.82,30.9,16.35,60.07,68.71480728630975,2025-09-28 07:53:46+00:00,0.21341767937406358,0,0
N9842,2.0,9,5,6.24,20.92,11.17,38.33,40.351721611721615,2025-09-28 08:19:41+00:00,0.16279676493608142,0,0
N9844,1.0,14,8,15.96,26.2,13.41,55.57,66.84557372020426,2025-09-28 09:28:11+00:00,0.2872053266150801,0,0
N9844,2.0,8,5,9.75,15.15,3.63,28.53,35.73857142857143,2025-09-28 09:53:06+00:00,0.34174553101997895,0,0
N9845,1.0,14,8,13.01,32.01,18.75,63.769999999999996,68.95717109655533,2025-09-28 10:09:12+00:00,0.20401442684647955,0,0
N9845,2.0,9,5,8.89,17.15,9.04,35.08,38.311410256410255,2025-09-28 10:40:22+00:00,0.25342075256556446,0,0
N9847,1.0,14,8,14.83,26.36,19.17,60.36,65.97913757014743,2025-09-28 11:36:32+00:00,0.24569251159708416,0,0
N9847,2.0,13,6,6.18,20.17,33.72,60.07,52.38056776556776,2025-09-28 12:04:38+00:00,0.10287997336440818,0,0
N9849,1.0,14,8,14.34,27.5,13.64,55.48,64.40863756112525,2025-09-28 13:11:31+00:00,0.25847152126892575,0,0
N9849,2.0,8,5,9.02,19.16,4.71,32.89,41.49994505494506,2025-09-28 13:41:56+00:00,0.27424749163879597,0,0
N9850,1.0,14,8,11.17,32.24,23.28,66.69,67.28954185387683,2025-09-28 13:56:04+00:00,0.16749137801769381,0,0
N9850,2.0,8,5,7.77,18.32,6.15,32.24,37.29423076923077,2025-09-28 14:23:20+00:00,0.2410049627791563,0,0
N9851,1.0,14,8,16.119999999999997,18.3,16.29,50.71,60.743773525325246,2025-09-28 14:40:27+00:00,0.3178860185367777,0,0
N9851,2.0,9,5,9.440000000000001,19.34,8.57,37.35,43.494304029304026,2025-09-28 15:06:53+00:00,0.2527443105756359,0,0
N9852,1.0,14,8,10.57,28.0,15.16,53.730000000000004,60.23026570309822,2025-09-28 15:26:40+00:00,0.19672436255350828,0,0
N9852,2.0,9,5,7.959999999999999,16.05,9.3,33.31,35.19386446886447,2025-09-28 15:51:20+00:00,0.23896727709396573,0,0
N9853,1.0,14,8,14.43,28.09,16.1,58.62,67.008716775835,2025-09-28 16:13:27+00:00,0.24616171954964178,0,0
N9853,2.0,8,5,9.05,15.799999999999999,7.15,32.0,37.031776556776556,2025-09-28 16:39:03+00:00,0.2828125,0,0
N9858,1.0,16,9,15.030000000000001,34.05,20.54,69.62,79.94741117667226,2025-09-28 20:07:42+00:00,0.21588623958632577,0,0
N9858,2.0,13,6,9.15,19.23,31.0,59.379999999999995,56.88527676027676,2025-09-28 20:39:01+00:00,0.1540922869653082,0,0
N9863,1.0,14,8,24.47,24.369999999999997,17.82,66.66,87.61200978003933,2025-09-29 00:06:04+00:00,0.36708670867086707,0,0
N9863,2.0,10,5,10.059999999999999,13.21,13.0,36.269999999999996,37.0746336996337,2025-09-29 00:29:55+00:00,0.2773642128480838,0,0
N9865,1.0,15,9,16.89,24.71,20.05,61.65,69.90108617983002,2025-09-29 01:39:15+00:00,0.2739659367396594,0,0
N9865,2.0,9,5,12.6,15.58,9.4,37.58,46.55864875864876,2025-09-29 02:03:56+00:00,0.33528472591804154,0,0
N9866,1.0,14,8,13.170000000000002,27.259999999999998,19.04,59.47,65.52730137678414,2025-09-29 03:08:19+00:00,0.22145619640154704,0,0
N9866,2.0,8,5,10.93,16.96,7.24,35.13,41.5814652014652,2025-09-29 03:33:33+00:00,0.31113008824366634,0,0
N9867,1.0,14,7,15.76,28.060000000000002,11.5,55.32,67.2284081271766,2025-09-29 03:54:41+00:00,0.2848879248011569,0,0
N9867,2.0,10,6,17.22,17.53,8.9,43.65,59.76658526658527,2025-09-29 04:24:20+00:00,0.3945017182130584,1,178
N9868,1.0,15,6,11.49,31.09,17.3,59.88,70.03911564625851,2025-09-29 04:42:55+00:00,0.19188376753507014,0,0
N9868,2.0,9,5,12.989999999999998,17.18,9.5,39.67,49.22547822547823,2025-09-29 05:10:01+00:00,0.3274514746659944,0,0
N9869,1.0,15,6,15.66,24.28,16.96,56.9,66.59094453165882,2025-09-29 05:33:30+00:00,0.27521968365553606,0,0
N9869,2.0,9,5,12.39,16.72,12.07,41.18,48.53000814000814,2025-09-29 06:03:48+00:00,0.300874210781933,0,0
N9872,1.0,15,8,8.600000000000001,29.52,29.31,67.43,60.461734621700145,2025-09-29 07:53:14+00:00,0.12753967076968709,0,0
N9872,2.0,13,6,8.56,14.940000000000001,30.02,53.52,48.795860805860805,2025-09-29 08:28:38+00:00,0.15994020926756353,0,0
N9874,1.0,14,8,15.84,23.76,19.96,59.56,66.54710496400152,2025-09-29 09:48:18+00:00,0.2659503022162525,0,0
N9874,2.0,9,5,10.89,17.43,10.09,38.41,42.880091575091576,2025-09-29 10:39:37+00:00,0.28351991668836246,0,0
N9876,1.0,17,9,11.66,24.11,29.18,64.95,62.24325009473285,2025-09-29 11:03:06+00:00,0.17952270977675133,0,0
N9876,2.0,15,7,10.190000000000001,17.53,30.23,57.95,56.29104395604396,2025-09-29 12:16:39+00:00,0.1758412424503883,0,0
N9877,1.0,15,8,10.21,23.71,31.52,65.44,56.531307565997224,2025-09-29 12:46:32+00:00,0.15602078239608805,0,0
N9877,2.0,13,6,11.67,12.96,30.68,55.31,57.75441391941392,2025-09-29 13:10:48+00:00,0.21099258723558126,0,0
N9878,1.0,16,9,15.73,25.18,22.37,63.28,68.80722180118732,2025-09-29 13:38:44+00:00,0.2485777496839444,0,0
N9878,2.0,8,5,11.31,14.0,7.2,32.51,41.115710215710216,2025-09-29 14:11:54+00:00,0.3478929560135343,0,0
N9879,1.0,15,7,10.629999999999999,20.740000000000002,30.18,61.550000000000004,59.13226059654631,2025-09-29 14:31:18+00:00,0.17270511779041428,0,0
N9879,2.0,13,6,12.129999999999999,13.1,32.89,58.12,55.53556573056573,2025-09-29 15:03:14+00:00,0.2087061252580867,0,0
N9883,1.0,14,8,12.58,26.12,21.27,59.97,62.34972139518938,2025-09-29 20:49:37+00:00,0.20977155244288812,1,206
N9883,2.0,14,7,15.530000000000001,13.96,29.46,58.95,59.15791208791209,2025-09-29 19:48:30+00:00,0.26344359626802377,0,0
N9886,1.0,15,8,15.309999999999999,28.13,20.28,63.72,72.3307424396535,2025-09-29 23:19:13+00:00,0.24026993094789703,0,0
N9886,2.0,9,5,14.370000000000001,12.91,9.93,37.21,46.074713064713066,2025-09-30 01:55:05+00:00,0.3861865090029562,0,0
N9890,1.0,15,8,14.8,29.28,16.8,60.88,71.47642460641941,2025-09-30 04:58:02+00:00,0.24310118265440211,0,0
N9890,2.0,8,5,12.89,15.5,4.8,33.19,44.74932844932845,2025-09-30 05:28:09+00:00,0.3883699909611329,0,0
N9892,1.0,14,7,16.28,17.78,31.029999999999998,65.09,67.82931868131868,2025-09-30 06:25:49+00:00,0.2501152250729759,0,0
N9892,2.0,14,6,16.58,12.17,26.97,55.72,57.16360602360602,2025-09-30 06:26:24+00:00,0.29755922469490304,0,0
N9894,1.0,15,9,14.56,23.66,15.0,53.22,58.85764020224871,2025-09-30 08:24:36+00:00,0.27358136039083053,0,0
N9894,2.0,9,5,8.4,20.99,9.95,39.339999999999996,45.944871794871794,2025-09-30 08:53:23+00:00,0.2135231316725979,0,0
N9895,1.0,17,9,19.43,17.33,16.43,53.19,64.08032215818059,2025-09-30 09:17:28+00:00,0.3652942282383907,0,0
N9895,2.0,8,5,7.119999999999999,20.0,4.8,31.92,38.59194139194139,2025-09-30 09:43:33+00:00,0.22305764411027565,0,0
N9896,1.0,15,9,12.02,23.419999999999998,20.79,56.230000000000004,58.57800746181483,2025-09-30 10:01:49+00:00,0.21376489418459896,0,0
N9896,2.0,8,5,10.01,17.36,6.41,33.78,39.35076923076923,2025-09-30 10:27:43+00:00,0.2963291888691533,0,0
N9897,1.0,15,9,21.71,16.6,16.05,54.36,71.24441955115147,2025-09-30 10:49:10+00:00,0.39937454010301693,0,0
N9897,2.0,9,5,10.09,19.630000000000003,9.899999999999999,39.620000000000005,44.45915750915751,2025-09-30 11:22:52+00:00,0.25466935890964154,0,0
N9898,1.0,15,9,13.35,24.95,17.13,55.43,62.40519816973278,2025-09-30 11:46:08+00:00,0.24084430813638824,0,0
N9898,2.0,8,5,8.219999999999999,18.84,4.8,31.86,39.288369963369966,2025-09-30 12:11:04+00:00,0.2580037664783427,0,0
N9899,1.0,15,9,16.46,21.18,16.880000000000003,54.52,62.24301308405535,2025-09-30 12:33:03+00:00,0.3019075568598679,0,0
N9899,2.0,9,5,16.5,9.2,13.09,38.79,45.21241758241759,2025-09-30 13:03:21+00:00,0.42536736272235115,0,0
N9901,1.0,16,9,13.649999999999999,22.92,18.450000000000003,55.02,59.6754758200921,2025-09-30 14:19:00+00:00,0.24809160305343508,0,0
N9901,2.0,8,5,11.14,14.48,7.27,32.89,43.05739926739927,2025-09-30 14:55:00+00:00,0.3387047734873822,0,0
N9909,1.0,15,9,15.92,26.63,22.87,65.42,68.30721635939032,2025-09-30 23:30:03+00:00,0.2433506572913482,0,0
N9909,2.0,14,6,12.11,23.689999999999998,28.77,64.57,66.86287342287342,2025-09-30 23:16:28+00:00,0.18754839708843118,0,0
N9913,1.0,15,9,17.259999999999998,31.36,16.869999999999997,65.49,76.49669086034525,2025-10-01 02:48:30+00:00,0.2635516872805008,0,0
N9913,2.0,9,5,13.42,14.64,10.52,38.58,47.30064306064306,2025-10-01 03:11:57+00:00,0.3478486262312079,0,0
N9924,1.0,15,9,15.11,29.23,17.849999999999998,62.19,64.43711334987715,2025-10-02 00:24:34+00:00,0.24296510693037465,1,228
N9924,2.0,9,5,8.5,13.75,9.07,31.32,34.141190476190474,2025-10-02 00:44:26+00:00,0.2713920817369093,0,0
N9933,1.0,15,9,14.239999999999998,19.73,16.31,50.28,56.34357314278496,2025-10-02 07:33:47+00:00,0.28321400159108984,0,0
N9933,2.0,9,5,9.55,19.29,9.719999999999999,38.56,43.96490842490843,2025-10-02 07:53:23+00:00,0.24766597510373445,0,0
N9935,1.0,15,9,17.64,22.92,14.78,55.34,67.18819127678994,2025-10-02 09:00:18+00:00,0.318756776292013,0,0
N9935,2.0,8,5,11.780000000000001,13.27,2.48,27.53,39.25157509157509,2025-10-02 09:24:09+00:00,0.42789683981111515,0,0
N9942,1.0,14,9,17.83,19.93,23.93,61.69,64.82388540031397,2025-10-02 14:23:08+00:00,0.2890257740314475,0,0
N9942,2.0,13,6,8.88,17.55,31.32,57.75,52.731483516483515,2025-10-02 14:53:30+00:00,0.15376623376623377,0,0
N9951,1.0,15,8,12.33,24.02,17.189999999999998,53.54,57.62592793085404,2025-10-03 00:24:11+00:00,0.230295106462458,0,0
N9951,2.0,9,5,14.219999999999999,15.01,10.3,39.53,48.78278388278388,2025-10-03 00:46:04+00:00,0.35972678977991396,0,0
N9952,1.0,15,8,16.4,21.689999999999998,21.8,59.89,61.80469667442574,2025-10-03 01:09:18+00:00,0.2738353648355318,0,0
N9952,2.0,8,5,12.75,17.0,4.8,34.55,47.91522181522181,2025-10-03 01:38:33+00:00,0.3690303907380608,1,288
N9955,1.0,14,8,15.69,20.45,23.16,59.3,60.28990571825547,2025-10-03 03:33:55+00:00,0.2645868465430017,0,0
N9955,2.0,13,6,9.9,17.59,35.2,62.690000000000005,58.061273911273915,2025-10-03 04:02:13+00:00,0.1579199234327644,0,0
N9963,1.0,15,8,15.58,19.68,18.37,53.63,60.28225599523629,2025-10-03 09:51:12+00:00,0.29050904344583256,0,0
N9963,2.0,9,5,11.92,14.59,8.969999999999999,35.480000000000004,43.30705331705332,2025-10-03 10:18:43+00:00,0.3359639233370913,0,0
N9974,1.0,15,9,20.299999999999997,16.2,17.42,53.92,67.07503506017791,2025-10-03 21:04:00+00:00,0.3764836795252225,0,0
N9974,2.0,8,5,10.47,18.099999999999998,7.99,36.56,46.28356125356125,2025-10-03 21:31:05+00:00,0.2863785557986871,1,188
N9980,1.0,15,9,15.799999999999999,20.78,17.54,54.12,64.58621925693355,2025-10-04 01:39:23+00:00,0.29194382852919437,1,466
N9980,2.0,8,5,7.1,17.21,5.37,29.68,37.0418315018315,2025-10-04 02:07:49+00:00,0.23921832884097033,0,0
N9982,1.0,15,9,13.69,14.48,20.77,48.94,50.83154369440084,2025-10-04 03:30:02+00:00,0.27973028197793215,0,0
N9982,2.0,10,5,9.77,18.39,12.93,41.09,43.66842490842491,2025-10-04 03:48:46+00:00,0.23777074714042343,0,0
O0033,1.0,16,10,23.29,17.89,24.05,65.23,77.77313448456306,2025-10-05 20:10:18+00:00,0.35704430476774485,0,0
O0033,2.0,9,6,17.64,12.46,12.49,42.59,54.63785510785511,2025-10-05 20:36:25+00:00,0.414181732801127,0,0
O0039,1.0,15,8,16.400000000000002,18.24,18.59,53.23,57.38207692307692,2025-10-06 01:05:11+00:00,0.3080969378170205,0,0
O0039,2.0,9,4,17.119999999999997,6.84,15.39,39.35,38.19932234432234,2025-10-06 01:27:29+00:00,0.4350698856416772,0,0
O0045,1.0,14,6,17.15,21.17,28.78,67.1,69.76820512820512,2025-10-06 05:35:36+00:00,0.2555886736214605,0,0
O0045,2.0,13,6,12.61,16.2,30.509999999999998,59.32,58.374426129426126,2025-10-06 06:04:20+00:00,0.21257585974376264,0,0
O0059,1.0,10,6,27.96,18.560000000000002,4.13,50.65,79.50302197802198,2025-10-06 16:38:04+00:00,0.5520236920039487,0,0
O0063,1.0,15,9,15.489999999999998,23.61,22.71,61.81,66.20874463631607,2025-10-06 22:43:14+00:00,0.25060669794531626,1,43
O0063,2.0,8,5,16.18,12.620000000000001,2.06,30.86,52.45205128205128,2025-10-06 23:12:57+00:00,0.524303305249514,0,0
O0064,1.0,15,9,14.56,19.49,18.42,52.47,56.51064835164835,2025-10-06 23:27:01+00:00,0.2774919001334096,1,89
O0064,2.0,8,5,12.67,21.12,2.7,36.49,52.97378917378917,2025-10-06 23:54:33+00:00,0.34721841600438474,0,0
O0066,1.0,15,8,16.6,22.61,27.25,66.46000000000001,69.1689010989011,2025-10-07 01:06:47+00:00,0.24977430033102618,0,0
O0066,2.0,13,6,6.63,17.86,31.41,55.9,49.00910256410256,2025-10-07 01:32:07+00:00,0.1186046511627907,0,0
O0069,1.0,15,9,20.23,18.16,19.57,57.96,65.78587650444793,2025-10-07 03:36:12+00:00,0.34903381642512077,0,0
O0069,2.0,8,5,8.56,15.080000000000002,1.47,25.11,37.416984126984126,2025-10-07 04:09:24+00:00,0.340900039824771,1,229
O0076,1.0,13,7,19.759999999999998,15.13,25.48,60.370000000000005,70.25698848770277,2025-10-07 09:09:25+00:00,0.3273148915024018,1,103
O0076,2.0,13,7,15.86,11.27,37.019999999999996,64.15,64.13258241758241,2025-10-07 09:39:35+00:00,0.24723304754481681,0,0
O0092,1.0,13,7,20.77,15.51,16.9,53.18,67.40310832025118,2025-10-08 00:38:08+00:00,0.3905603610379842,1,309
O0092,2.0,7,5,13.32,9.82,9.74,32.88,42.04904761904762,2025-10-08 01:05:39+00:00,0.4051094890510949,0,0
O0096,1.0,13,7,22.31,12.919999999999998,16.13,51.36,67.23295918367347,2025-10-08 03:48:13+00:00,0.4343847352024922,0,0
O0096,2.0,8,5,14.68,10.120000000000001,14.86,39.660000000000004,42.75928571428572,2025-10-08 04:11:53+00:00,0.3701462430660615,1,72
O0099,1.0,13,8,25.85,9.72,17.86,53.43,71.3924123495552,2025-10-08 06:04:42+00:00,0.48381059329964443,0,0
O0099,2.0,7,5,13.86,9.44,6.6899999999999995,29.99,44.22285714285714,2025-10-08 06:36:18+00:00,0.4621540513504502,1,255
O0102,1.0,12,6,22.31,12.71,25.78,60.8,68.11185766614338,2025-10-08 08:32:16+00:00,0.3669407894736842,0,0
O0102,2.0,16,6,22.7,12.81,28.28,63.79,80.18985347985348,2025-10-08 08:59:12+00:00,0.3558551497099859,0,0
O0104,1.0,12,6,21.78,11.219999999999999,24.9,57.9,65.71479591836734,2025-10-08 10:16:58+00:00,0.3761658031088083,0,0
O0104,2.0,14,5,18.189999999999998,7.66,31.52,57.37,62.39238095238095,2025-10-08 10:48:21+00:00,0.31706466794491894,0,0
O0105,1.0,13,6,35.39,0.0,14.74,50.13,82.06360805860805,2025-10-08 11:11:52+00:00,0.705964492319968,0,0
O0105,2.0,7,5,12.48,11.19,13.79,37.46,43.6002380952381,2025-10-08 11:30:50+00:00,0.33315536572343835,0,0
O0108,1.0,13,6,21.990000000000002,13.06,26.58,61.63,69.51357142857142,2025-10-08 13:27:14+00:00,0.35680674995943534,0,0
O0108,2.0,14,5,16.34,13.57,33.58,63.489999999999995,67.01778388278387,2025-10-08 13:50:07+00:00,0.2573633643093401,0,0
O0110,1.0,13,6,23.07,13.5,25.72,62.29,72.69469566774077,2025-10-08 15:00:19+00:00,0.3703644244662065,0,0
O0110,2.0,14,4,15.219999999999999,15.98,31.88,63.08,66.37309523809523,2025-10-08 15:28:29+00:00,0.24128091312618896,0,0
O0114,1.0,15,9,21.17,11.84,24.87,57.88,65.07196217038322,2025-10-08 20:51:21+00:00,0.3657567380787837,0,0
O0114,2.0,13,6,12.0,16.0,32.0,60.0,58.4037444037444,2025-10-08 21:05:55+00:00,0.2,1,866
O0139,1.0,13,7,22.509999999999998,11.39,21.83,55.73,69.87043446528409,2025-10-09 19:53:42+00:00,0.403911717207967,1,296
O0139,2.0,8,7,21.65,10.36,5.41,37.42,61.965655270655276,2025-10-09 16:46:06+00:00,0.5785676109032603,0,0
O0146,1.0,14,9,17.33,16.01,21.77,55.11,60.23941777520725,2025-10-10 01:17:07+00:00,0.31446198512066775,0,0
O0146,2.0,9,6,12.64,15.74,8.41,36.79,49.32457875457875,2025-10-10 01:43:25+00:00,0.34357162272356623,1,743
O0153,1.0,14,8,12.7,21.42,25.22,59.34,59.54603693299182,2025-10-10 07:09:27+00:00,0.21402089652847991,0,0
O0153,2.0,13,6,10.06,14.93,33.22,58.21,52.998648758648756,2025-10-10 07:35:36+00:00,0.17282253908263184,0,0
O0159,1.0,15,9,11.149999999999999,21.23,17.580000000000002,49.96,50.77272255572618,2025-10-10 12:00:31+00:00,0.22317854283426738,0,0
O0159,2.0,9,5,12.58,17.759999999999998,9.16,39.5,51.09916157916158,2025-10-10 12:26:28+00:00,0.31848101265822787,0,0
O0180,1.0,14,9,14.649999999999999,19.22,20.02,53.89,57.52352575736423,2025-10-11 06:56:58+00:00,0.27185006494711444,0,0
O0180,2.0,8,7,22.67,6.34,4.8,33.81,59.811904761904756,2025-10-11 07:35:34+00:00,0.6705116829340432,0,0
O0182,1.0,13,7,14.2,18.2,26.94,59.339999999999996,58.03445757250269,2025-10-11 08:37:16+00:00,0.239298955173576,0,0
O0182,2.0,14,5,17.89,8.370000000000001,30.5,56.76,63.71804029304029,2025-10-11 09:05:25+00:00,0.3151867512332629,0,0
O0227,1.0,14,8,11.63,27.65,18.21,57.49,64.94227106227106,2025-10-12 20:08:43+00:00,0.20229605148721516,0,0
O0227,2.0,8,5,12.84,15.56,4.32,32.72,45.79115995115995,2025-10-12 20:35:29+00:00,0.3924205378973105,1,79
O0245,1.0,16,8,13.58,25.8,24.65,64.03,70.5896573056573,2025-10-13 10:11:29+00:00,0.21208808371076057,0,0
O0245,2.0,13,6,11.93,13.43,30.07,55.43,53.6141045991046,2025-10-13 10:41:32+00:00,0.21522641169042034,0,0
O0247,1.0,14,8,11.85,19.84,19.83,51.519999999999996,53.471813186813186,2025-10-13 11:46:25+00:00,0.2300077639751553,0,0
O0247,2.0,14,7,10.8,24.009999999999998,20.740000000000002,55.55,60.91460805860806,2025-10-13 12:09:21+00:00,0.19441944194419444,1,1230
O0251,1.0,15,9,15.379999999999999,22.74,21.189999999999998,59.31,67.86667050409908,2025-10-13 21:09:43+00:00,0.2593154611364019,1,82
O0251,2.0,8,5,10.8,18.61,5.33,34.74,47.43177452177452,2025-10-13 21:42:49+00:00,0.31088082901554404,0,0
O0253,1.0,15,7,18.560000000000002,20.91,16.06,55.53,69.88998430141287,2025-10-13 22:48:34+00:00,0.33423374752386104,0,0
O0253,2.0,8,5,6.91,23.75,2.58,33.24,46.88307692307692,2025-10-13 23:19:14+00:00,0.2078820697954272,1,121
O0260,1.0,15,9,12.29,24.88,17.07,54.24,59.04601932550209,2025-10-14 04:17:42+00:00,0.22658554572271383,0,0
O0260,2.0,9,5,8.6,15.91,10.14,34.65,42.22940984940985,2025-10-14 04:46:17+00:00,0.2481962481962482,0,0
O0267,1.0,14,8,17.32,23.0,23.89,64.21000000000001,74.62469701726845,2025-10-14 09:41:02+00:00,0.26973991590095,0,0
O0267,2.0,13,6,12.85,18.04,30.18,61.07,63.79744403744404,2025-10-14 10:09:16+00:00,0.2104142786965777,0,0
O0273,1.0,11,5,21.61,15.91,13.1,50.62,72.021336996337,2025-10-13 13:32:35+00:00,0.42690636112208613,0,0
O0273,2.0,10,6,15.96,9.66,14.040000000000001,39.66,51.00851037851038,2025-10-14 14:52:50+00:00,0.4024205748865356,0,0
O0278,1.0,15,10,16.2,27.34,24.16,67.7,80.23702029799774,2025-10-14 21:35:44+00:00,0.23929098966026585,0,0
O0278,2.0,8,5,10.95,16.66,6.06,33.67,44.92748880748881,2025-10-14 22:05:14+00:00,0.3252153252153252,0,0
O0279,1.0,15,9,13.6,20.2,17.56,51.36,56.95259453579003,2025-10-14 22:21:02+00:00,0.26479750778816197,0,0
O0279,2.0,9,5,11.62,20.66,11.93,44.21,54.35070004070004,2025-10-14 22:50:09+00:00,0.26283646233883734,0,0
O0281,1.0,15,8,12.59,26.43,14.940000000000001,53.96,65.62103872318158,2025-10-14 23:58:18+00:00,0.2333209785025945,0,0
O0281,2.0,9,5,7.06,22.41,10.530000000000001,40.0,50.09168498168498,2025-10-15 00:32:00+00:00,0.1765,0,0
O0290,1.0,13,8,15.09,23.57,23.04,61.7,66.25612140240712,2025-10-15 07:06:03+00:00,0.2445705024311183,0,0
O0290,2.0,13,6,6.66,21.23,28.92,56.81,52.613901098901096,2025-10-15 07:36:49+00:00,0.11723288153494103,0,0
O0299,1.0,13,6,8.780000000000001,24.810000000000002,28.45,62.04,58.421190476190475,2025-10-15 14:28:19+00:00,0.1415215989684075,0,0
O0299,2.0,13,6,13.17,13.55,31.9,58.62,58.26176231176231,2025-10-15 15:00:04+00:00,0.22466734902763563,0,0
O0320,1.0,13,6,13.54,24.34,26.21,64.09,67.21680504680505,2025-10-16 10:16:07+00:00,0.2112654080199719,0,0
O0320,2.0,13,6,9.81,14.530000000000001,31.7,56.04,53.75926943426943,2025-10-16 10:43:43+00:00,0.17505353319057818,0,0
O0326,1.0,15,10,19.669999999999998,23.22,18.94,61.83,75.26694871794872,2025-10-16 15:14:13+00:00,0.31813035743166745,0,0
O0326,2.0,8,6,11.7,19.88,6.98,38.56,50.13834757834758,2025-10-16 15:37:56+00:00,0.3034232365145228,1,121
O0337,1.0,15,9,11.95,23.6,11.86,47.41,55.405194662480376,2025-10-17 02:34:51+00:00,0.25205652815861634,1,101
O0337,2.0,8,5,12.21,13.18,0.01,25.4,39.644806674806674,2025-10-17 02:58:30+00:00,0.4807086614173229,0,0
O0350,1.0,14,8,21.69,18.34,18.08,58.11,69.93979748822606,2025-10-17 20:21:28+00:00,0.3732576148683531,1,82
O0350,2.0,8,5,10.869,22.2,3.0,36.069,52.16247049247049,2025-10-17 12:31:09+00:00,0.30133910005822173,0,0
O0353,1.0,9,7,18.24,28.18,3.43,49.85,71.24145316588174,2025-10-17 23:09:49+00:00,0.3658976930792377,1,171
O0356,1.0,14,8,18.439999999999998,21.1,7.07,46.61,63.10083778126635,2025-10-18 01:54:45+00:00,0.3956232568118429,1,157
O0356,2.0,8,5,11.05,15.67,2.32,29.04,42.35139601139601,2025-10-18 02:20:32+00:00,0.3805096418732783,0,0
O0357,1.0,15,9,15.34,24.83,11.88,52.05,67.09813762428048,2025-10-18 02:41:51+00:00,0.294716618635927,1,85
O0357,2.0,8,5,12.399999999999999,12.72,5.23,30.35,41.397220187220185,2025-10-18 03:11:09+00:00,0.40856672158154855,0,0
O0365,1.0,14,8,12.989999999999998,26.66,20.44,60.089999999999996,65.02206750392465,2025-10-18 09:02:41+00:00,0.21617573639540688,0,0
O0365,2.0,8,5,6.75,18.21,3.21,28.17,35.32952380952381,2025-10-18 09:36:49+00:00,0.23961661341853033,1,257
O0367,1.0,15,9,16.7,27.06,15.379999999999999,59.14,72.84218053375196,2025-10-18 10:41:29+00:00,0.28238079134257693,0,0
O0367,2.0,8,5,7.35,19.36,4.8,31.51,39.67051282051282,2025-10-18 11:12:24+00:00,0.23325928276737543,1,228
O0382,1.0,15,8,16.57,24.79,21.810000000000002,63.17,70.38070172684459,2025-10-18 22:04:51+00:00,0.26230805762228904,0,0
O0382,2.0,10,5,7.67,20.16,9.059999999999999,36.89,42.31304029304029,2025-10-18 22:32:35+00:00,0.2079154242342098,0,0
O0402,1.0,14,8,18.75,22.46,19.57,60.78,73.54382051282052,2025-10-19 14:09:04+00:00,0.30848963474827246,0,0
O0402,2.0,8,5,9.58,18.86,5.39,33.83,47.712051282051284,2025-10-19 14:40:21+00:00,0.2831806089269879,1,73
O0421,1.0,13,8,19.9,17.83,17.51,55.24,67.72591156462585,2025-10-20 05:15:41+00:00,0.36024619840695143,0,0
O0421,2.0,9,7,14.41,20.21,0.24,34.86,58.36543956043956,2025-10-20 05:39:12+00:00,0.4133677567412507,1,367
O0424,1.0,13,8,17.93,19.48,19.61,57.02,65.89332234432234,2025-10-20 07:43:46+00:00,0.31445106980007015,0,0
O0424,2.0,9,6,10.09,23.79,1.94,35.82,54.893095238095235,2025-10-20 08:12:57+00:00,0.2816862088218872,1,129
O0435,1.0,9,5,23.23,22.45,4.54,50.22,73.73461538461538,2025-10-20 16:22:11+00:00,0.46256471525288734,1,219
O0442,1.0,14,9,15.84,18.25,21.8,55.89,62.236275771847204,2025-10-21 01:08:42+00:00,0.2834138486312399,0,0
O0442,2.0,9,7,13.540000000000001,15.04,2.79,31.37,48.11970288970289,2025-10-21 01:38:44+00:00,0.43162256933375837,1,325
O0449,1.0,13,6,19.86,17.119999999999997,26.41,63.39,70.17503663003663,2025-10-21 07:03:31+00:00,0.31329862754377663,0,0
O0449,2.0,14,5,20.689999999999998,12.55,33.18,66.42,76.38774725274725,2025-10-21 07:29:09+00:00,0.3115025594700391,0,0
O0450,1.0,14,8,18.8,19.2,20.919999999999998,58.92,65.84895499738357,2025-10-21 07:52:48+00:00,0.31907671418873046,0,0
O0450,2.0,9,7,6.859999999999999,24.77,3.14,34.769999999999996,45.24062271062271,2025-10-21 08:23:05+00:00,0.19729651998849584,1,212
O0451,1.0,14,8,24.42,12.620000000000001,26.41,63.45,73.6425180533752,2025-10-21 08:53:42+00:00,0.38486997635933806,0,0
O0451,2.0,14,5,18.87,14.61,32.07,65.55,75.48093406593406,2025-10-21 09:28:45+00:00,0.2878718535469108,0,0
O0453,1.0,12,7,18.06,14.5,31.11,63.67,59.78801883830455,2025-10-21 10:46:32+00:00,0.2836500706769279,0,0
O0453,2.0,14,5,17.55,8.67,29.99,56.21,61.90380952380952,2025-10-21 11:13:38+00:00,0.3122220245507917,0,0
O0456,1.0,13,8,22.03,16.4,27.65,66.08,71.8924358974359,2025-10-21 13:19:41+00:00,0.33338377723970947,0,0
O0456,2.0,14,5,14.43,13.629999999999999,31.41,59.47,63.255714285714284,2025-10-21 13:45:59+00:00,0.24264334958802758,0,0
O0457,1.0,14,9,19.52,20.29,25.77,65.58,69.87936996336995,2025-10-21 14:09:18+00:00,0.29765172308630683,0,0
O0457,2.0,9,6,6.95,17.2,2.68,26.83,38.71842490842491,2025-10-21 14:40:47+00:00,0.2590383898620947,1,501
O0458,1.0,13,6,21.15,16.75,24.89,62.79,70.17621402407117,2025-10-21 15:01:30+00:00,0.3368370759675107,0,0
O0458,2.0,14,5,5.93,22.45,29.12,57.5,53.27836996336996,2025-10-21 15:25:16+00:00,0.1031304347826087,0,0
O0462,1.0,14,8,15.260000000000002,19.64,20.3,55.2,57.593387231815804,2025-10-21 20:57:14+00:00,0.27644927536231884,0,0
O0462,2.0,10,7,11.59,21.3,7.4,40.29,53.877004477004476,2025-10-21 21:26:51+00:00,0.2876644328617523,1,411
O0464,1.0,13,6,18.92,18.42,25.189999999999998,62.53,68.25378335949765,2025-10-21 22:40:50+00:00,0.30257476411322565,0,0
O0464,2.0,14,6,18.88,11.57,32.29,62.74,70.3347619047619,2025-10-21 23:08:05+00:00,0.30092445011157154,0,0
O0466,1.0,13,8,17.96,17.53,26.119999999999997,61.61,62.31465201465202,2025-10-22 00:15:32+00:00,0.29151111832494725,0,0
O0466,2.0,14,5,19.619999999999997,15.649999999999999,33.06,68.33,78.1960989010989,2025-10-22 00:43:55+00:00,0.2871359578516025,0,0
O0469,1.0,13,6,23.060000000000002,13.18,24.990000000000002,61.230000000000004,72.53655416012559,2025-10-22 02:57:09+00:00,0.3766127715172301,0,0
O0469,2.0,14,6,16.740000000000002,13.290000000000001,30.41,60.44,66.31716117216118,2025-10-22 03:20:45+00:00,0.2769688947716744,0,0
O0470,1.0,13,8,14.01,14.899999999999999,29.7,58.61,53.5376295133438,2025-10-22 03:44:08+00:00,0.23903770687595974,0,0
O0470,2.0,14,5,20.53,15.780000000000001,31.61,67.92,79.9589194139194,2025-10-22 04:12:19+00:00,0.30226737338044757,0,0
O0474,1.0,15,6,22.34,9.89,35.53,67.76,68.68765567765568,2025-10-22 07:12:47+00:00,0.3296930342384888,0,0
O0474,2.0,14,5,22.16,11.639999999999999,32.89,66.69,78.26168498168498,2025-10-22 07:50:57+00:00,0.3322837007047533,0,0
O0475,1.0,14,6,15.46,21.87,26.689999999999998,64.02,67.6072951915809,2025-10-22 08:11:13+00:00,0.2414870353014683,0,0
O0475,2.0,13,6,9.35,16.93,29.76,56.04,54.39340252340252,2025-10-22 08:41:58+00:00,0.16684511063526053,0,0
O0478,1.0,13,6,15.290000000000001,27.47,18.58,61.34,68.61777080062794,2025-10-22 10:46:46+00:00,0.249266384088686,0,0
O0478,2.0,13,6,13.41,20.04,31.16,64.61,66.82616605616604,2025-10-22 11:18:31+00:00,0.20755301036991178,0,0
O0479,1.0,12,7,14.19,22.87,24.990000000000002,62.05,61.41986394557823,2025-10-22 11:38:20+00:00,0.22868654311039485,0,0
O0479,2.0,13,6,10.809999999999999,16.67,29.59,57.07,56.484090354090355,2025-10-22 12:01:01+00:00,0.18941650604520763,0,0
O0482,1.0,14,7,24.73,12.149999999999999,24.58,61.46,77.07438252223966,2025-10-22 14:17:12+00:00,0.402375528799219,0,0
O0482,2.0,14,5,17.69,11.47,30.48,59.64,67.94543956043957,2025-10-22 14:49:35+00:00,0.29661301140174384,0,0
O0483,1.0,13,7,20.31,16.01,24.71,61.03,65.13176085818944,2025-10-22 15:10:06+00:00,0.33278715385875796,0,0
O0483,2.0,14,5,19.34,9.850000000000001,29.91,59.1,70.13181318681319,2025-10-22 15:33:45+00:00,0.3272419627749577,0,0
O0487,1.0,15,9,14.4,24.79,17.59,56.78,63.056092134466525,2025-10-22 22:19:02+00:00,0.2536104262064107,0,0
O0487,2.0,8,5,8.49,17.96,7.26,33.71,39.06972527472527,2025-10-22 22:51:31+00:00,0.25185404924354793,0,0
O0488,1.0,14,9,17.3,23.02,20.14,60.46,68.12089842833684,2025-10-22 23:22:52+00:00,0.28613959642739,0,0
O0488,2.0,13,6,7.45,19.94,33.04,60.43,52.02175824175824,2025-10-22 23:51:54+00:00,0.12328313751447957,0,0
O0489,1.0,16,9,20.65,22.39,19.869999999999997,62.91,74.42063570255688,2025-10-23 00:14:16+00:00,0.32824670163725955,0,0
O0489,2.0,13,5,4.71,19.62,36.379999999999995,60.71,48.63985347985348,2025-10-23 00:46:10+00:00,0.07758194696096195,0,0
O0491,1.0,13,7,18.68,29.0,17.69,65.37,77.34513605442177,2025-10-23 01:57:50+00:00,0.2857579929631329,0,0
O0491,2.0,13,6,8.739999999999998,22.259999999999998,33.72,64.72,58.93130036630036,2025-10-23 02:26:20+00:00,0.13504326328800986,0,0
O0492,1.0,16,11,20.55,33.34,17.15,71.04,86.08707031884373,2025-10-23 02:47:05+00:00,0.28927364864864863,0,0
O0492,2.0,9,6,7.22,21.72,9.8,38.74,43.25686813186813,2025-10-23 03:11:42+00:00,0.1863706763035622,0,0
O0494,1.0,17,10,21.18,27.55,8.38,57.11,78.9137248055721,2025-10-23 04:24:13+00:00,0.37086324636666085,0,0
O0494,2.0,9,6,7.7299999999999995,20.97,12.809999999999999,41.51,45.22613553113553,2025-10-23 04:53:26+00:00,0.18622018790652856,0,0
O0496,1.0,17,10,15.02,26.02,19.369999999999997,60.41,69.50119381439578,2025-10-23 05:59:31+00:00,0.24863433206422778,0,0
O0496,2.0,9,5,10.54,19.54,11.940000000000001,42.019999999999996,50.305030525030524,2025-10-23 06:26:00+00:00,0.25083293669681106,0,0
O0497,1.0,14,8,15.549999999999999,28.5,21.759999999999998,65.81,72.92228351287464,2025-10-23 06:48:41+00:00,0.23628627868105148,0,0
O0497,2.0,13,6,4.84,19.93,29.93,54.7,46.02098901098901,2025-10-23 07:20:26+00:00,0.08848263254113345,0,0
O0499,1.0,14,7,13.629999999999999,25.7,25.27,64.6,67.46761119832549,2025-10-23 08:39:21+00:00,0.21099071207430342,0,0
O0499,2.0,13,6,4.83,18.57,32.98,56.38,46.574835164835164,2025-10-23 09:16:52+00:00,0.08566867683575735,0,0
O0500,1.0,14,7,14.84,24.62,24.490000000000002,63.95,66.84149921507064,2025-10-23 09:42:00+00:00,0.23205629397967162,0,0
O0500,2.0,13,6,8.030000000000001,17.58,32.09,57.7,53.28961538461539,2025-10-23 10:14:01+00:00,0.1391681109185442,0,0
O0501,1.0,15,9,14.559999999999999,26.5,18.35,59.41,69.39183312582327,2025-10-23 10:39:50+00:00,0.24507658643326038,0,0
O0501,2.0,8,5,8.72,16.13,6.48,31.330000000000002,34.93380952380953,2025-10-23 11:08:13+00:00,0.27832748164698373,0,0
O0502,1.0,15,9,14.96,30.689999999999998,19.52,65.17,72.93527057507353,2025-10-23 11:24:32+00:00,0.22955347552554858,0,0
O0502,2.0,8,5,8.68,18.47,5.28,32.43,39.254230769230766,2025-10-23 11:53:42+00:00,0.26765340733888376,0,0
O0505,1.0,15,9,14.09,26.23,21.96,62.28,67.00723136469442,2025-10-17 11:57:38+00:00,0.2262363519588953,0,0
O0505,2.0,13,6,6.75,21.09,31.59,59.43,51.824780219780216,2025-10-23 14:40:41+00:00,0.11357900050479555,0,0
O0506,1.0,15,8,12.12,25.82,16.919999999999998,54.86,59.7705120987387,2025-10-23 14:59:27+00:00,0.22092599343784178,0,0
O0506,2.0,8,5,8.83,20.11,6.2,35.14,43.36300366300367,2025-10-23 15:08:22+00:00,0.25128059191804214,0,0
O0508,1.0,9,5,22.08,24.509999999999998,4.17,50.76,76.4793956043956,2025-10-23 16:28:52+00:00,0.4349881796690307,0,0
O0508,2.0,9,5,7.6899999999999995,18.39,12.879999999999999,38.96,42.041227106227105,2025-10-23 19:54:15+00:00,0.1973819301848049,0,0
O0509,1.0,15,8,20.799999999999997,19.0,11.09,50.89,67.47350267958642,2025-10-23 20:09:32+00:00,0.4087247003340538,0,0
O0509,2.0,10,5,9.17,18.0,12.04,39.21,44.1851282051282,2025-10-23 20:35:13+00:00,0.23386891099209384,0,0
O0510,1.0,15,9,15.14,24.58,14.06,53.78,63.4511296667208,2025-10-23 20:52:29+00:00,0.28151729267385645,0,0
O0510,2.0,9,6,10.99,15.75,4.8,31.54,42.325274725274724,2025-10-23 21:15:11+00:00,0.3484464172479391,0,0
O0513,1.0,15,8,15.95,27.82,13.48,57.25,66.56376811201935,2025-10-23 23:02:21+00:00,0.2786026200873362,0,0
O0513,2.0,8,5,7.25,19.65,4.99,31.89,39.04996336996337,2025-10-23 23:30:47+00:00,0.2273439949827532,0,0
O0514,1.0,15,8,12.91,37.3,18.4,68.61,79.77084348328191,2025-10-23 23:49:45+00:00,0.18816499052616237,0,0
O0514,2.0,8,5,10.07,19.41,4.8,34.28,40.615201465201466,2025-10-24 00:14:26+00:00,0.293757292882147,0,0
O0515,1.0,15,8,12.52,23.84,15.28,51.64,55.66017142135369,2025-10-24 00:33:25+00:00,0.24244771494965142,0,0
O0515,2.0,9,5,10.0,20.2,7.99,38.19,46.4535347985348,2025-10-24 01:01:58+00:00,0.2618486514794449,0,0
O0516,1.0,15,9,14.31,24.84,14.98,54.129999999999995,65.95985293852289,2025-10-24 01:16:55+00:00,0.2643635691852947,0,0
O0516,2.0,8,5,9.87,20.08,6.34,36.29,44.99730769230769,2025-10-24 01:46:02+00:00,0.27197575089556353,0,0
O0517,1.0,15,8,14.58,27.6,16.96,59.14,65.149420415381,2025-10-24 02:00:14+00:00,0.2465336489685492,0,0
O0517,2.0,8,5,7.28,21.23,6.69,35.2,40.13705128205128,2025-10-24 02:28:37+00:00,0.20681818181818182,0,0
O0518,1.0,15,9,13.76,27.869999999999997,14.870000000000001,56.5,63.59469017845865,2025-10-24 02:45:19+00:00,0.24353982300884955,0,0
O0518,2.0,9,5,8.57,21.61,8.84,39.02,43.65490842490843,2025-10-24 03:11:52+00:00,0.21963095848282932,0,0
O0519,1.0,15,9,15.57,21.28,16.84,53.69,63.91992177772966,2025-10-24 03:32:22+00:00,0.2899981374557646,0,0
O0519,2.0,10,5,9.91,19.939999999999998,12.5,42.35,47.336630036630034,2025-10-24 03:57:25+00:00,0.23400236127508856,0,0
O0520,1.0,16,8,13.23,30.23,17.36,60.82,66.7450072177412,2025-10-24 04:12:48+00:00,0.21752712923380468,0,0
O0520,2.0,9,5,13.23,17.13,6.970000000000001,37.33,51.94860805860806,2025-10-24 04:43:07+00:00,0.3544066434503081,0,0
O0521,1.0,18,8,11.74,26.830000000000002,21.2,59.769999999999996,60.92192388891897,2025-10-24 04:58:46+00:00,0.19641960849924714,0,0
O0521,2.0,9,5,7.4,20.03,9.27,36.7,40.70437728937729,2025-10-24 05:23:50+00:00,0.2016348773841962,0,0
O0522,1.0,15,8,9.469999999999999,29.939999999999998,14.54,53.95,57.092859308179506,2025-10-24 05:44:18+00:00,0.1755329008341056,0,0
O0522,2.0,9,5,5.76,21.939999999999998,8.3,36.0,41.174084249084245,2025-10-24 06:15:41+00:00,0.16,0,0
O0524,1.0,15,9,14.56,23.25,14.180000000000001,51.99,61.60084925747488,2025-10-24 07:18:06+00:00,0.28005385651086745,0,0
O0524,2.0,9,5,7.11,20.55,10.969999999999999,38.63,42.21380952380952,2025-10-24 07:51:14+00:00,0.18405384416256795,0,0
O0526,1.0,15,8,13.670000000000002,27.18,14.25,55.1,62.15132851549108,2025-10-24 09:01:19+00:00,0.24809437386569874,0,0
O0526,2.0,9,5,9.2,19.66,4.23,33.09,42.415677655677655,2025-10-24 09:29:04+00:00,0.2780296161982472,0,0
O0528,1.0,15,9,18.19,25.75,14.879999999999999,58.82,73.85366958985186,2025-10-24 10:36:29+00:00,0.30924855491329484,0,0
O0528,2.0,8,5,7.32,19.11,4.97,31.400000000000002,39.11637362637363,2025-10-24 10:58:26+00:00,0.23312101910828026,0,0
O0529,1.0,15,9,14.62,22.18,14.0,50.8,56.04309938829643,2025-10-24 11:23:06+00:00,0.2877952755905512,1,764
O0529,2.0,8,5,11.91,19.23,5.27,36.41,52.49128205128205,2025-10-24 11:54:29+00:00,0.32710793737984073,0,0
O0537,1.0,15,8,13.120000000000001,29.29,15.86,58.269999999999996,67.73503184828309,2025-10-24 20:03:54+00:00,0.22515874377896006,0,0
O0537,2.0,8,5,8.8,20.05,6.84,35.69,41.55847985347985,2025-10-24 20:11:58+00:00,0.2465676660128888,0,0
O0538,1.0,15,8,12.76,30.63,12.479999999999999,55.87,67.13150886879951,2025-10-24 20:58:03+00:00,0.22838732772507608,0,0
O0538,2.0,8,5,9.32,21.68,6.35,37.35,45.005311355311356,2025-10-24 21:29:13+00:00,0.24953145917001338,0,0
O0539,1.0,15,8,13.34,32.33,16.91,62.58,70.65322236056227,2025-10-24 21:41:48+00:00,0.2131671460530521,0,0
O0539,2.0,8,5,8.91,20.32,5.22,34.45,43.02946886446887,2025-10-24 22:05:27+00:00,0.25863570391872276,0,0
O0540,1.0,15,8,15.149999999999999,26.240000000000002,15.87,57.26,65.27363828289937,2025-10-24 22:26:33+00:00,0.26458260565840025,0,0
O0540,2.0,8,5,8.15,18.18,6.9,33.23,39.7967032967033,2025-10-24 22:58:52+00:00,0.24526030695154985,0,0
O0541,1.0,15,8,12.36,31.540000000000003,19.009999999999998,62.91,70.4266890416644,2025-10-24 23:13:09+00:00,0.19647114926084883,0,0
O0541,2.0,9,5,7.62,23.53,9.629999999999999,40.78,45.37391941391941,2025-10-24 23:36:51+00:00,0.1868563021088769,0,0
O0542,1.0,15,8,11.63,35.14,17.1,63.87,72.33705453003482,2025-10-24 23:57:44+00:00,0.18208861750430563,0,0
O0542,2.0,8,5,9.77,18.74,2.32,30.83,39.400989010989015,2025-10-25 00:22:16+00:00,0.31689912422964645,0,0
O0543,1.0,15,7,9.83,33.97,15.009999999999998,58.81,65.68204370342302,2025-10-25 00:42:04+00:00,0.16714844414215269,0,0
O0543,2.0,8,5,10.84,15.57,6.73,33.14,39.56750915750916,2025-10-25 01:11:20+00:00,0.32709716354858176,0,0
O0544,1.0,15,7,9.59,33.55,14.049999999999999,57.19,62.39876215738285,2025-10-25 01:27:50+00:00,0.16768665850673195,0,0
O0544,2.0,8,5,9.79,20.21,4.95,34.95,43.019047619047626,2025-10-25 01:59:21+00:00,0.2801144492131616,0,0
O0546,1.0,15,7,10.780000000000001,33.08,17.91,61.769999999999996,64.77013262599469,2025-10-25 02:55:31+00:00,0.17451837461550918,0,0
O0546,2.0,10,5,8.88,20.619999999999997,13.48,42.980000000000004,44.89699633699634,2025-10-25 03:28:43+00:00,0.20660772452303397,0,0
O0548,1.0,16,7,8.67,26.72,16.630000000000003,52.02,53.247460527977765,2025-10-25 04:24:38+00:00,0.16666666666666666,0,0
O0548,2.0,8,5,8.56,29.21,4.28,42.05,55.23023809523809,2025-10-25 05:00:04+00:00,0.20356718192627826,0,0
O0549,1.0,15,8,7.279999999999999,24.41,17.46,49.15,50.17572967564801,2025-10-25 05:12:33+00:00,0.14811800610376397,0,0
O0549,2.0,9,5,12.86,18.729999999999997,11.01,42.6,48.283095238095235,2025-10-25 05:44:13+00:00,0.3018779342723004,0,0
O0550,1.0,15,8,8.07,28.77,19.41,56.25,58.477627457237254,2025-10-25 05:57:44+00:00,0.14346666666666666,0,0
O0550,2.0,8,5,8.92,22.38,6.85,38.15,46.925549450549454,2025-10-25 06:24:10+00:00,0.23381389252948886,0,0
O0551,1.0,15,8,15.309999999999999,28.49,19.240000000000002,63.04,72.15492376260849,2025-10-25 15:56:27+00:00,0.24286167512690354,0,0
O0551,2.0,8,5,10.57,16.96,3.69,31.22,38.515897435897436,2025-10-25 16:21:04+00:00,0.3385650224215247,0,0
O0552,1.0,15,8,14.510000000000002,26.82,18.53,59.86,67.02685149497465,2025-10-25 16:36:32+00:00,0.2423989308386235,0,0
O0552,2.0,9,5,8.49,19.8,10.61,38.9,42.86203296703297,2025-10-25 17:04:42+00:00,0.21825192802056556,0,0
O0555,1.0,15,8,14.030000000000001,26.79,14.01,54.83,64.12550939208575,2025-10-25 18:55:29+00:00,0.2558818165238009,0,0
O0555,2.0,9,5,9.24,15.67,9.25,34.16,38.07115384615385,2025-10-25 19:18:58+00:00,0.27049180327868855,0,0
O0556,1.0,15,8,12.08,25.96,13.59,51.63,59.77272316353597,2025-10-25 06:49:20+00:00,0.23397249661049777,0,0
O0556,2.0,8,5,9.34,19.61,7.36,36.31,42.75003663003663,2025-10-25 07:16:00+00:00,0.2572294133847425,0,0
O0557,1.0,15,8,15.33,28.47,13.53,57.33,68.08594823075119,2025-10-25 07:36:24+00:00,0.2673992673992674,0,0
O0557,2.0,10,5,9.51,14.39,12.09,35.99,43.06489010989011,2025-10-25 07:59:30+00:00,0.2642400666851903,0,0
O0560,1.0,15,9,21.58,20.509999999999998,14.41,56.5,72.34424033273787,2025-10-25 09:52:56+00:00,0.38194690265486725,0,0
O0560,2.0,9,6,8.27,15.990000000000002,9.49,33.75,40.24199633699634,2025-10-25 10:24:41+00:00,0.24503703703703703,0,0
O0561,1.0,15,9,16.65,23.12,12.75,52.52,63.98306221692921,2025-10-25 10:44:12+00:00,0.31702208682406696,0,0
O0561,2.0,9,6,12.530000000000001,14.7,7.4799999999999995,34.71,44.4147619047619,2025-10-25 11:12:25+00:00,0.36099106885623744,0,0
O0563,1.0,15,9,16.71,26.33,15.9,58.94,73.47308323860048,2025-10-25 12:15:22+00:00,0.28350865286732274,0,0
O0563,2.0,8,5,10.33,17.55,7.17,35.05,40.82598901098901,2025-10-25 12:44:18+00:00,0.29472182596291013,0,0
O0564,1.0,15,9,20.78,18.740000000000002,15.780000000000001,55.300000000000004,71.26895225464192,2025-10-25 12:57:16+00:00,0.37576853526220616,0,0
O0564,2.0,8,6,10.75,17.42,4.8,32.97,44.05155677655677,2025-10-25 13:21:50+00:00,0.32605398847437067,0,0
O0565,1.0,15,9,15.91,27.75,13.44,57.1,73.5912808783991,2025-10-25 13:43:00+00:00,0.27863397548161123,0,0
O0565,2.0,9,6,14.84,11.83,11.399999999999999,38.07,43.17225274725275,2025-10-25 14:07:05+00:00,0.3898082479642763,0,0
O0569,1.0,15,8,20.82,23.42,18.08,62.32,69.62736408091088,2025-10-25 20:21:05+00:00,0.3340821566110398,0,0
O0569,2.0,9,5,10.71,12.64,4.62,27.97,40.38972527472527,2025-10-25 20:48:08+00:00,0.3829102609939221,0,0
O0570,1.0,15,8,13.75,26.14,14.27,54.16,63.536931557768995,2025-10-25 21:02:00+00:00,0.253877400295421,0,0
O0570,2.0,10,6,15.07,17.88,1.3,34.25,53.90860805860806,2025-10-25 21:25:53+00:00,0.44,0,0
O0571,1.0,15,8,13.56,27.37,8.98,49.910000000000004,61.172425792598204,2025-10-25 21:44:36+00:00,0.27168904027249047,0,0
O0571,2.0,8,5,7.38,18.58,1.03,26.990000000000002,36.36824175824176,2025-10-25 22:06:39+00:00,0.2734346054094109,0,0
O0572,1.0,15,9,13.030000000000001,29.91,13.59,56.53,68.63601914505855,2025-10-25 22:28:53+00:00,0.23049708119582524,0,0
O0572,2.0,8,6,10.850000000000001,13.58,4.09,28.52,39.0314652014652,2025-10-25 22:52:56+00:00,0.38043478260869573,0,0
O0574,1.0,15,9,12.02,28.31,16.29,56.620000000000005,62.115965553330085,2025-10-25 23:52:47+00:00,0.21229247615683502,0,0
O0574,2.0,8,5,8.21,17.06,7.41,32.68,37.50434065934066,2025-10-26 00:25:28+00:00,0.25122399020807834,0,0
O0575,1.0,15,8,14.05,21.45,13.510000000000002,49.01,56.353433479492594,2025-10-26 00:45:11+00:00,0.28667618853295246,0,0
O0575,2.0,8,5,7.890000000000001,23.259999999999998,9.86,41.01,49.67989010989011,2025-10-26 01:08:37+00:00,0.1923920994879298,0,0
O0576,1.0,15,8,12.76,30.259999999999998,16.76,59.78,69.11772190043126,2025-10-26 01:31:14+00:00,0.21344931415189025,0,0
O0576,2.0,8,5,9.370000000000001,22.79,5.46,37.62,45.93071428571429,2025-10-26 01:56:53+00:00,0.24906964380648597,0,0
O0577,1.0,15,9,12.219999999999999,32.68,20.619999999999997,65.52,69.45058301304607,2025-10-26 02:15:28+00:00,0.1865079365079365,0,0
O0577,2.0,9,6,11.309999999999999,27.69,6.21,45.21,57.44445054945055,2025-10-26 02:46:30+00:00,0.2501658925016589,0,0
O0578,1.0,15,9,12.77,34.49,13.6,60.86,70.14720628304373,2025-10-26 03:02:05+00:00,0.20982582977325007,0,0
O0578,2.0,8,7,12.510000000000002,9.87,2.04,24.42,34.54529304029304,2025-10-26 03:27:40+00:00,0.5122850122850123,0,0
O0579,1.0,16,9,24.78,22.12,16.05,62.95,85.38461538461539,2025-10-26 03:39:54+00:00,0.3936457505957109,0,0
O0579,2.0,8,5,7.45,23.91,2.92,34.28,44.141831501831504,2025-10-26 04:11:25+00:00,0.2173278879813302,0,0
O0580,1.0,15,9,20.6,25.1,20.93,66.63,76.61078132048576,2025-10-26 04:20:01+00:00,0.30917004352393823,0,0
O0580,2.0,13,6,12.969999999999999,14.94,31.61,59.52,58.522604802604796,2025-10-26 04:50:01+00:00,0.2179099462365591,0,0
O0581,1.0,15,10,16.6,25.68,16.68,58.96,69.17077789205868,2025-10-26 05:18:10+00:00,0.28154681139755766,0,0
O0581,2.0,8,5,7.710000000000001,19.88,8.94,36.53,39.960311355311354,2025-10-26 05:50:16+00:00,0.21105940323022176,0,0
O0583,1.0,14,9,24.15,16.71,19.63,60.489999999999995,72.26505494505494,2025-10-26 07:01:55+00:00,0.39923954372623577,0,0
O0583,2.0,9,6,8.34,21.3,7.29,36.93,46.0590293040293,2025-10-26 07:11:57+00:00,0.2258326563769293,0,0
O0586,1.0,14,8,14.21,15.67,20.86,50.74,50.94510989010989,2025-10-26 10:02:14+00:00,0.28005518328734724,0,0
O0586,2.0,9,6,11.02,20.85,4.25,36.12,52.51996336996337,2025-10-26 09:40:40+00:00,0.30509413067552604,0,0
O0587,1.0,11,7,25.09,11.67,19.56,56.32,74.64580586080586,2025-10-26 10:50:58+00:00,0.4454900568181818,0,0
O0587,2.0,9,5,7.78,20.58,9.55,37.91,42.66620879120879,2025-10-26 11:14:50+00:00,0.20522289633342128,0,0
O0588,1.0,15,9,17.75,28.66,18.009999999999998,64.42,79.46215296198055,2025-10-26 11:33:56+00:00,0.27553554796647,0,0
O0588,2.0,8,5,17.009999999999998,11.16,0.01,28.18,50.27155677655678,2025-10-26 12:06:12+00:00,0.6036195883605393,0,0
O0589,1.0,15,7,23.96,25.990000000000002,15.16,65.11,91.68309523809523,2025-10-26 12:22:38+00:00,0.3679926278605437,0,0
O0589,2.0,8,6,13.85,15.06,4.38,33.29,48.536373626373624,2025-10-26 12:46:31+00:00,0.41604085310904176,0,0
O0591,1.0,15,8,18.39,21.509999999999998,12.5,52.4,69.63470695970696,2025-10-26 13:01:53+00:00,0.35095419847328246,0,0
O0591,2.0,8,5,7.62,21.16,5.37,34.15,42.303278388278386,2025-10-26 14:14:39+00:00,0.22313323572474378,0,0
O0595,1.0,14,8,20.509999999999998,17.17,19.02,56.7,67.60750915750916,2025-10-26 16:47:21+00:00,0.3617283950617283,0,0
O0595,2.0,9,6,12.5,20.580000000000002,5.69,38.77,53.761043956043956,2025-10-26 17:11:24+00:00,0.3224142378127418,0,0
O0597,1.0,14,8,22.9,13.14,18.34,54.38,68.90827838827839,2025-10-26 18:19:27+00:00,0.4211107024641412,0,0
O0597,2.0,9,7,12.11,16.880000000000003,2.58,31.57,47.783076923076926,2025-10-26 18:41:32+00:00,0.38359201773835916,0,0
O0616,1.0,14,8,21.13,12.34,19.98,53.45,63.478956043956046,2025-10-27 09:48:13+00:00,0.3953227315247895,0,0
O0616,2.0,9,7,13.6,13.989999999999998,5.51,33.1,51.538498168498165,2025-10-27 10:16:12+00:00,0.41087613293051356,0,0
O0617,1.0,14,9,17.93,10.4,23.38,51.71,53.59025117739404,2025-10-27 10:31:27+00:00,0.346741442660994,0,0
O0617,2.0,9,7,14.06,18.07,4.68,36.81,55.61009157509157,2025-10-27 10:57:15+00:00,0.3819614235262157,0,0
O0619,1.0,14,9,24.2,8.99,20.15,53.339999999999996,66.42940607012035,2025-10-27 12:00:35+00:00,0.45369328833895767,0,0
O0619,2.0,10,7,8.72,17.59,10.21,36.519999999999996,45.021739926739926,2025-10-27 12:13:57+00:00,0.23877327491785327,0,0
O0622,1.0,14,7,15.81,15.15,31.03,61.99,56.674241234955524,2025-10-27 14:06:59+00:00,0.25504113566704306,0,0
O0622,2.0,14,5,18.86,9.91,29.67,58.44,66.65510989010988,2025-10-27 14:34:45+00:00,0.32272416153319644,0,0
O0623,1.0,13,6,25.310000000000002,13.120000000000001,24.009999999999998,62.44,75.02110936682365,2025-10-27 14:56:40+00:00,0.405349135169763,0,0
O0623,2.0,14,5,19.25,10.309999999999999,28.9,58.46,69.04349816849816,2025-10-27 15:20:48+00:00,0.32928498118371535,0,0
O0628,1.0,15,8,10.350000000000001,27.009999999999998,18.58,55.940000000000005,60.670058800848274,2025-10-27 22:20:35+00:00,0.18501966392563463,0,0
O0628,2.0,8,5,7.83,22.68,4.06,34.57,44.483919413919416,2025-10-27 20:59:25+00:00,0.22649696268440844,0,0
O0647,1.0,15,9,16.36,14.18,16.8,47.34,56.099797983970916,2025-10-28 13:17:10+00:00,0.3455851288550908,0,0
O0647,2.0,8,5,8.46,19.169999999999998,4.37,32.0,41.41994505494505,2025-10-28 13:46:15+00:00,0.264375,0,0
O0655,1.0,9,5,24.24,22.57,5.02,51.83,76.62884615384615,2025-10-28 22:33:04+00:00,0.46768280918387034,1,218
O0663,1.0,15,9,17.29,18.86,26.47,62.62,65.93680712770939,2025-10-29 05:11:25+00:00,0.27610986905142126,0,0
O0663,2.0,8,5,8.32,17.83,2.34,28.490000000000002,36.97276556776557,2025-10-29 05:41:18+00:00,0.29203229203229203,1,74
O0668,1.0,15,9,28.23,7.12,19.74,55.09,74.72916659781322,2025-10-29 09:16:43+00:00,0.5124341985841351,0,0
O0668,2.0,8,6,12.82,14.07,5.71,32.6,46.67554538054538,2025-10-29 09:50:14+00:00,0.3932515337423313,1,632
O0674,1.0,15,10,17.75,18.45,16.8,53.0,63.20523492797929,2025-10-29 15:01:52+00:00,0.33490566037735847,0,0
O0674,2.0,8,5,10.12,20.1,3.21,33.43,45.965604395604394,2025-10-29 14:47:55+00:00,0.30272210589291054,1,213
O0682,1.0,15,10,21.75,16.81,21.15,59.71,70.32086134138765,2025-10-29 23:14:38+00:00,0.36426059286551665,1,198
O0682,2.0,8,5,13.639999999999999,8.86,4.24,26.74,41.29053113553113,2025-10-29 23:43:03+00:00,0.5100972326103216,0,0
O0684,1.0,14,9,20.67,12.11,20.46,53.239999999999995,61.86421507064364,2025-10-30 00:58:18+00:00,0.38824192336589036,0,0
O0684,2.0,9,7,12.780000000000001,19.56,2.95,35.29,55.783150183150184,2025-10-30 00:35:15+00:00,0.36214224992915844,1,248
O0685,1.0,14,9,23.05,8.89,20.81,52.75,66.63382783882784,2025-10-30 01:48:27+00:00,0.4369668246445498,0,0
O0685,2.0,9,7,14.34,15.45,2.01,31.8,54.89170329670329,2025-10-30 02:23:50+00:00,0.4509433962264151,1,82
O0689,1.0,14,9,21.54,7.67,17.6,46.81,58.88739403453689,2025-10-30 05:02:02+00:00,0.46015808587908563,0,0
O0689,2.0,9,6,17.74,18.57,2.26,38.57,64.36734432234432,2025-10-30 05:37:12+00:00,0.4599429608504018,1,54
O0690,1.0,11,5,13.59,23.21,13.59,50.39,61.058571428571426,2025-10-29 17:25:15+00:00,0.269696368327049,0,0
O0690,2.0,9,6,10.21,21.55,3.92,35.68,56.072051282051284,2025-10-30 06:16:27+00:00,0.2861547085201794,1,371
O0694,1.0,15,10,20.009999999999998,16.91,17.900000000000002,54.82,68.61130413946955,2025-10-30 21:36:09+00:00,0.36501276906238594,0,0
O0694,2.0,9,4,10.86,18.95,11.18,40.99,52.61622710622711,2025-10-30 22:23:51+00:00,0.26494266894364477,1,268
O0695,1.0,15,8,13.049999999999999,22.6,23.47,59.120000000000005,63.333540334352364,2025-10-30 22:57:04+00:00,0.2207374830852503,0,0
O0695,2.0,8,4,13.86,12.39,5.31,31.56,48.12082417582417,2025-10-30 23:26:03+00:00,0.4391634980988593,1,347
O0696,1.0,15,9,18.06,16.03,18.1,52.19,63.19244402214327,2025-10-30 23:51:52+00:00,0.34604330331481126,1,366
O0696,2.0,8,5,19.39,8.41,4.72,32.519999999999996,55.32608058608058,2025-10-31 00:25:10+00:00,0.5962484624846249,0,0
O0699,1.0,15,9,17.17,17.57,21.0,55.74,65.1676396210306,2025-10-31 02:29:51+00:00,0.3080373161105131,0,0
O0699,2.0,8,5,9.95,21.89,4.76,36.599999999999994,52.595732600732596,2025-10-31 02:59:41+00:00,0.2718579234972678,1,359
O0700,1.0,9,5,18.04,27.13,4.46,49.629999999999995,68.4054945054945,2025-10-31 03:27:48+00:00,0.3634898247028007,1,254
O0702,1.0,15,9,15.39,21.75,23.520000000000003,60.660000000000004,63.60749863670164,2025-10-31 05:03:12+00:00,0.25370919881305637,0,0
O0702,2.0,8,5,7.25,15.280000000000001,6.89,29.419999999999998,33.333937728937734,2025-10-31 05:35:32+00:00,0.24643099932019036,1,140
O0703,1.0,15,9,17.25,21.810000000000002,26.32,65.38,68.4868801674516,2025-10-31 05:49:54+00:00,0.263842153563781,1,209
O0703,2.0,8,5,7.58,16.75,3.94,28.27,34.265622710622715,2025-10-31 06:18:13+00:00,0.26812875840113193,0,0
O0704,1.0,15,9,14.379999999999999,21.72,19.15,55.25,60.98100261643119,2025-10-31 06:41:26+00:00,0.2602714932126697,1,524
O0704,2.0,8,5,8.26,19.1,5.18,32.54,45.31128205128205,2025-10-31 07:08:11+00:00,0.2538414259373079,0,0
O0707,1.0,9,6,28.79,20.57,4.6,53.96,86.81181318681318,2025-10-31 09:28:23+00:00,0.5335433654558932,1,64
O0708,1.0,15,9,12.82,21.02,19.27,53.11,56.398892478448865,2025-10-31 10:18:17+00:00,0.24138580305027302,1,137
O0708,2.0,8,5,11.149999999999999,15.64,7.48,34.269999999999996,47.18701465201465,2025-10-31 09:58:50+00:00,0.3253574555004377,1,118
O0715,1.0,9,4,19.73,22.11,4.51,46.35,66.53928571428571,2025-10-31 15:56:13+00:00,0.4256742179072276,1,385
O0720,1.0,9,5,27.62,17.82,4.84,50.28,75.6120989010989,2025-11-01 01:16:16+00:00,0.5493237867939539,1,176
O0722,1.0,14,9,22.69,13.899999999999999,19.6,56.19,69.41128780743067,2025-11-01 02:53:42+00:00,0.403808506851753,0,0
O0722,2.0,9,7,9.370000000000001,19.64,5.09,34.1,46.4767032967033,2025-11-01 03:21:25+00:00,0.2747800586510264,1,177
O0723,1.0,15,9,28.65,8.98,23.810000000000002,61.44,81.26902825745682,2025-11-01 03:40:38+00:00,0.46630859375,0,0
O0723,2.0,9,7,15.07,14.74,3.2,33.01,58.27765567765567,2025-11-01 04:08:01+00:00,0.45652832475007576,1,773
O0748,1.0,14,9,22.369999999999997,10.6,23.3,56.269999999999996,64.01615750915751,2025-11-02 00:07:21+00:00,0.39754753865292336,0,0
O0748,2.0,9,7,19.11,18.669999999999998,3.69,41.47,71.7484065934066,2025-11-02 00:37:57+00:00,0.4608150470219436,1,307
O0751,1.0,15,9,17.82,18.45,22.509999999999998,58.78,66.56409720271374,2025-11-02 02:43:27+00:00,0.3031643416127935,0,0
O0751,2.0,8,5,15.55,19.12,5.4,40.07,55.08469678469679,2025-11-02 03:08:44+00:00,0.38807087596705764,1,711
O0757,1.0,16,10,16.62,21.56,25.009999999999998,63.19,65.8715583464155,2025-11-02 08:34:59+00:00,0.2630163000474759,0,0
O0757,2.0,8,5,7.09,19.39,5.26,31.740000000000002,38.48318681318681,2025-11-02 08:24:28+00:00,0.22337744171392562,1,753
O0758,1.0,16,10,15.4,26.49,21.92,63.81,69.50723280729295,2025-11-02 09:24:37+00:00,0.2413414825262498,0,0
O0758,2.0,8,6,11.899999999999999,12.030000000000001,4.96,28.89,40.02274725274725,2025-11-02 09:59:16+00:00,0.4119072343371408,1,108
O0759,1.0,11,5,30.7,4.41,13.120000000000001,48.23,77.75904761904762,2025-10-30 09:29:13+00:00,0.636533278042712,0,0
O0759,2.0,8,5,13.66,20.45,8.13,42.24,60.00725274725275,2025-11-02 11:05:46+00:00,0.3233901515151515,0,0
O0760,1.0,15,9,17.41,20.25,19.5,57.16,67.81684286418121,2025-11-02 10:29:46+00:00,0.3045836249125263,0,0
O0760,2.0,8,6,15.35,10.61,6.07,32.03,43.71773300773301,2025-11-02 11:46:55+00:00,0.47923821417421164,1,27
O0763,1.0,14,9,17.450000000000003,13.54,24.58,55.57,62.62738880167452,2025-11-02 13:54:47+00:00,0.3140183552276409,0,0
O0763,2.0,10,7,10.44,17.95,11.67,40.06,50.908956043956046,2025-11-02 14:33:21+00:00,0.26060908637044433,0,0
O0765,1.0,14,9,20.0,11.21,22.380000000000003,53.59,58.77828100470958,2025-11-02 15:32:30+00:00,0.3732039559619332,0,0
O0765,2.0,9,7,12.120000000000001,16.0,6.35,34.47,48.656410256410254,2025-11-02 15:54:29+00:00,0.3516100957354221,1,528
O0766,1.0,14,9,20.509999999999998,16.169999999999998,24.880000000000003,61.56,69.43891156462585,2025-11-02 16:18:35+00:00,0.333170890188434,0,0
O0766,2.0,9,7,11.93,19.19,2.97,34.09,50.384139194139195,2025-11-02 16:41:04+00:00,0.3499559988266353,1,321
O0767,1.0,14,7,12.309999999999999,25.369999999999997,24.36,62.04,62.70178283621141,2025-11-02 17:15:57+00:00,0.19842037395228881,0,0
O0767,2.0,9,7,16.03,19.509999999999998,4.8,40.339999999999996,60.372802197802194,2025-11-02 17:39:35+00:00,0.39737233515121473,1,102
O0772,1.0,15,7,23.950000000000003,15.82,16.13,55.9,77.65838880167452,2025-11-02 21:32:00+00:00,0.428443649373882,0,0
O0772,2.0,9,6,16.15,13.62,1.95,31.72,51.98021978021978,2025-11-02 22:01:31+00:00,0.5091424968474149,1,177
O0773,1.0,14,7,19.72,11.69,16.009999999999998,47.42,60.19374829931973,2025-11-02 22:29:04+00:00,0.41585828764234495,0,0
O0773,2.0,9,6,16.65,16.67,4.61,37.93,56.55122710622711,2025-11-02 22:50:15+00:00,0.43896651726865277,1,470
O0779,1.0,14,7,23.36,13.61,20.59,57.56,70.21119675562532,2025-11-03 03:03:31+00:00,0.4058373870743572,1,210
O0779,2.0,9,6,11.74,17.44,3.51,32.69,48.533736263736266,2025-11-03 03:30:58+00:00,0.35913123279290304,1,134
O0780,1.0,15,7,26.6,15.52,16.35,58.47,78.48062637362638,2025-11-03 03:56:21+00:00,0.45493415426714556,0,0
O0780,2.0,9,6,16.34,15.41,3.59,35.34,56.73924908424908,2025-11-03 04:32:28+00:00,0.46236559139784944,1,91
O0783,1.0,14,7,18.97,16.14,16.91,52.02,64.68770434327577,2025-11-03 06:24:31+00:00,0.3646674356016916,0,0
O0783,2.0,9,6,18.240000000000002,15.809999999999999,4.52,38.57,60.44979853479853,2025-11-03 06:53:08+00:00,0.47290640394088673,1,246
O0786,1.0,15,9,11.26,19.09,20.25,50.6,51.63931609242888,2025-11-03 08:57:40+00:00,0.2225296442687747,0,0
O0786,2.0,8,5,8.030000000000001,21.43,2.83,32.29,43.071172161172164,2025-11-03 09:22:38+00:00,0.2486838030349954,1,129
O0791,1.0,15,9,12.969999999999999,23.65,22.63,59.25,62.66489333223168,2025-11-03 23:09:43+00:00,0.21890295358649786,0,0
O0791,2.0,8,6,9.879999999999999,18.09,7.83,35.8,41.9547619047619,2025-11-03 23:37:16+00:00,0.2759776536312849,0,0
O0805,1.0,15,9,13.690000000000001,18.4,18.470000000000002,50.56,55.087167919799505,2025-11-04 11:13:48+00:00,0.27076740506329117,0,0
O0805,2.0,10,6,11.57,18.08,9.64,39.29,49.53357142857143,2025-11-04 11:43:34+00:00,0.29447696614914737,0,0
O0812,1.0,9,4,25.83,19.84,4.8,50.47,76.91923076923077,2025-11-04 16:52:26+00:00,0.5117891816920943,0,0
O0812,2.0,10,6,12.3,8.3,17.0,37.6,38.039377289377285,2025-11-04 17:00:52+00:00,0.3271276595744681,0,0
O0814,1.0,15,8,23.13,10.01,33.26,66.4,72.56878713878714,2025-11-04 21:22:38+00:00,0.34834337349397587,0,0
O0814,2.0,13,7,11.77,27.35,22.77,61.89,73.27736263736264,2025-11-04 21:38:45+00:00,0.1901761189206657,0,0
O0825,1.0,15,8,16.88,23.64,21.7,62.22,73.45422867608582,2025-11-05 06:29:05+00:00,0.27129540340726455,0,0
O0825,2.0,13,6,8.56,15.34,32.55,56.45,51.24814814814815,2025-11-05 07:00:26+00:00,0.15163861824623562,0,0
O0826,1.0,18,9,14.71,33.49,16.71,64.91,73.40194270917917,2025-11-05 07:16:32+00:00,0.22662147588969345,0,0
O0826,2.0,9,6,11.89,13.99,8.66,34.54,44.88831501831502,2025-11-05 07:47:36+00:00,0.34423856398378694,0,0
O0827,1.0,15,9,16.6,24.64,17.41,58.65,66.933906512207,2025-11-05 08:06:14+00:00,0.2830349531116795,0,0
O0827,2.0,9,6,16.37,7.369999999999999,8.49,32.230000000000004,45.96131868131868,2025-11-05 08:36:40+00:00,0.5079118833385045,1,72
O0828,1.0,16,8,18.71,17.6,24.98,61.29,67.31871527213892,2025-11-05 08:58:14+00:00,0.3052700277369881,0,0
O0828,2.0,14,7,11.8,16.37,30.82,58.99,59.56363654863655,2025-11-05 09:31:24+00:00,0.20003390405153415,0,0
O0830,1.0,16,9,15.17,24.43,14.32,53.92,63.69483065374691,2025-11-05 10:39:20+00:00,0.2813427299703264,0,0
O0830,2.0,8,4,16.86,4.77,10.36,31.990000000000002,44.991794871794866,2025-11-05 11:15:58+00:00,0.5270396999062207,0,0
O0834,1.0,15,8,13.620000000000001,19.81,18.09,51.52,55.95559340659341,2025-11-05 13:53:04+00:00,0.2643633540372671,0,0
O0834,2.0,9,6,12.18,16.4,11.08,39.66,47.25725274725275,2025-11-05 14:25:36+00:00,0.3071104387291982,0,0
O0837,1.0,11,4,26.0,11.79,13.4,51.19,76.91309523809524,2025-11-05 17:39:30+00:00,0.5079117015042001,0,0
O0844,1.0,14,8,15.53,22.07,18.71,56.31,64.77288226059655,2025-11-06 00:49:12+00:00,0.27579470786716387,0,0
O0844,2.0,8,5,6.86,17.75,4.73,29.34,35.57474358974359,2025-11-06 01:14:02+00:00,0.2338104976141786,1,561
O0848,1.0,14,8,24.22,18.45,15.68,58.35,79.42566823652538,2025-11-06 04:07:04+00:00,0.41508140531276777,0,0
O0848,2.0,8,5,7.61,14.08,7.06,28.75,35.563549043549045,2025-11-06 04:43:07+00:00,0.26469565217391305,1,90
O0854,1.0,17,8,14.540000000000001,28.919999999999998,18.95,62.410000000000004,73.57416378859236,2025-11-06 09:04:47+00:00,0.23297548469796506,0,0
O0854,2.0,9,5,10.809999999999999,13.66,9.85,34.32,40.621998371998366,2025-11-06 09:35:06+00:00,0.3149766899766899,0,0
O0861,1.0,14,6,14.78,26.6,23.54,64.92,73.14994243851386,2025-11-06 14:31:07+00:00,0.22766481823783116,0,0
O0861,2.0,13,5,5.45,15.9,33.65,55.0,46.8496336996337,2025-11-06 15:09:27+00:00,0.09909090909090909,0,0
O0863,1.0,9,5,32.39,14.350000000000001,3.46,50.2,83.9879120879121,2025-11-06 16:14:38+00:00,0.6452191235059761,0,0
O0863,2.0,7,2,19.59,0.0,15.66,35.25,33.205714285714286,2025-11-06 16:21:21+00:00,0.5557446808510639,0,0
O0865,1.0,14,8,12.08,29.240000000000002,18.9,60.22,68.80773714790956,2025-11-06 20:40:56+00:00,0.20059780803719696,0,0
O0865,2.0,8,6,14.559999999999999,18.7,5.32,38.58,56.29092389092389,2025-11-06 20:09:36+00:00,0.3773976153447382,1,558
O0866,1.0,14,8,9.71,34.480000000000004,15.49,59.68,66.48665491979285,2025-11-06 21:34:44+00:00,0.162701072386059,1,176
O0866,2.0,8,5,9.08,25.62,3.81,38.510000000000005,55.836707366707365,2025-11-06 22:06:35+00:00,0.2357829135289535,1,143
O0867,1.0,16,8,14.579999999999998,25.35,12.58,52.51,61.69384623805313,2025-11-06 22:35:27+00:00,0.2776613978289849,0,0
O0867,2.0,8,5,5.37,24.1,4.76,34.23,47.40168498168498,2025-11-06 23:00:46+00:00,0.15687992988606486,0,0
O0872,1.0,15,8,18.419999999999998,22.11,13.21,53.739999999999995,71.30343160287988,2025-11-07 03:37:31+00:00,0.3427614439895795,0,0
O0872,2.0,8,5,1.94,23.4,6.78,32.12,38.09809523809524,2025-11-07 04:08:02+00:00,0.06039850560398506,0,0
O0873,1.0,15,8,7.71,28.54,16.15,52.4,50.69622647467475,2025-11-07 04:30:44+00:00,0.14713740458015268,0,0
O0873,2.0,10,6,6.77,25.42,7.79,39.980000000000004,49.322765567765565,2025-11-07 05:01:31+00:00,0.1693346673336668,0,0
O0874,1.0,15,8,8.709999999999999,27.11,17.37,53.19,54.241663508904885,2025-11-07 05:19:45+00:00,0.16375258507238202,0,0
O0874,2.0,8,5,4.48,23.77,4.42,32.67,40.2823076923077,2025-11-07 05:46:32+00:00,0.1371288644015917,0,0
O0876,1.0,13,6,11.47,27.91,23.759999999999998,63.14,65.31661260578502,2025-11-07 06:51:47+00:00,0.18165980361102313,0,0
O0876,2.0,13,6,4.78,25.950000000000003,32.06,62.79,52.79967032967033,2025-11-07 07:18:29+00:00,0.0761267717789457,0,0
O0878,1.0,18,9,20.4,21.03,21.13,62.56,76.20969213484639,2025-11-07 08:25:08+00:00,0.3260869565217391,1,62
O0878,2.0,11,6,7.3999999999999995,30.57,5.08,43.05,60.29855311355311,2025-11-07 09:13:12+00:00,0.1718931475029036,0,0
O0879,1.0,14,9,11.59,24.3,21.11,57.0,55.71766983772429,2025-11-07 09:25:29+00:00,0.20333333333333334,0,0
O0879,2.0,10,5,5.04,29.32,7.59,41.95,54.347582417582416,2025-11-07 09:35:42+00:00,0.1201430274135876,0,0
O0881,1.0,16,9,8.93,31.23,14.99,55.15,60.63018893387314,2025-11-07 10:56:20+00:00,0.16192203082502266,0,0
O0881,2.0,8,5,13.120000000000001,19.47,5.17,37.76,54.009454619454615,2025-11-07 11:24:32+00:00,0.3474576271186441,0,0
O0882,1.0,14,8,15.07,24.81,23.63,63.51,68.42051585006473,2025-11-07 11:46:07+00:00,0.2372854668556133,0,0
O0882,2.0,13,6,8.75,16.25,32.9,57.9,50.94835164835165,2025-11-07 12:14:16+00:00,0.15112262521588946,0,0
O0883,1.0,14,9,13.54,23.45,11.72,48.71,58.15751494119915,2025-11-07 12:33:12+00:00,0.27797166906179427,1,67
O0883,2.0,9,6,13.879999999999999,20.51,6.91,41.3,60.485506715506716,2025-11-07 12:53:32+00:00,0.3360774818401937,0,0
O0887,1.0,9,7,19.44,19.2,5.03,43.67,65.17195552066981,2025-11-07 15:52:24+00:00,0.44515685825509504,1,411
O0894,1.0,14,9,15.15,21.8,16.2,53.15,60.93311459968603,2025-11-08 02:06:26+00:00,0.2850423330197554,0,0
O0894,2.0,9,5,4.62,23.14,8.85,36.61,41.46217948717948,2025-11-08 02:29:39+00:00,0.12619502868068835,0,0
O0904,1.0,14,9,18.6,22.990000000000002,19.87,61.46,73.28919152276295,2025-11-08 09:43:15+00:00,0.3026358607224211,0,0
O0904,2.0,13,6,13.08,15.4,29.74,58.22,62.84492673992674,2025-11-08 10:13:41+00:00,0.22466506355204396,0,0
O0905,1.0,16,10,25.06,20.04,21.25,66.35,84.37047148090005,2025-11-08 10:33:12+00:00,0.3776940467219292,0,0
O0905,2.0,8,6,12.55,21.61,4.47,38.63,56.260604395604396,2025-11-08 10:57:48+00:00,0.32487703857105876,0,0
O0914,1.0,14,9,19.88,27.869999999999997,18.63,66.38,77.72937519623234,2025-11-08 17:38:55+00:00,0.2994877975293763,1,127
O0914,2.0,9,5,6.119999999999999,18.64,8.84,33.6,42.06803418803418,2025-11-08 18:06:30+00:00,0.1821428571428571,0,0
O0919,1.0,14,7,16.43,23.41,22.82,62.66,69.19455625327053,2025-11-08 20:43:06+00:00,0.26220874561123525,0,0
O0919,2.0,13,6,9.27,19.75,28.87,57.89,58.272631257631254,2025-11-08 21:56:35+00:00,0.16013128346864744,0,0
O0925,1.0,14,9,15.75,27.76,16.259999999999998,59.77,68.36853532182104,2025-11-09 03:38:56+00:00,0.26351012213485026,0,0
O0925,2.0,9,6,10.8,17.83,9.7,38.33,49.53452380952381,2025-11-09 04:02:57+00:00,0.2817636316201409,0,0
O0929,1.0,14,9,17.48,25.13,19.09,61.7,69.21840397697541,2025-11-09 06:35:41+00:00,0.2833063209076175,0,0
O0929,2.0,10,6,11.58,19.21,11.879999999999999,42.67,56.29929588929589,2025-11-09 06:17:26+00:00,0.27138504804312163,0,0
O0941,1.0,13,7,14.440000000000001,23.55,24.04,62.03,65.47676661433805,2025-11-09 16:31:28+00:00,0.23279058520070936,0,0
O0941,2.0,13,6,7.98,19.62,32.11,59.71,54.30772893772894,2025-11-09 16:58:01+00:00,0.1336459554513482,0,0
O0944,1.0,13,6,15.34,29.57,20.9,65.81,74.27365253793825,2025-11-09 19:04:36+00:00,0.23309527427442636,0,0
O0944,2.0,13,6,7.82,19.84,30.98,58.64,54.23417582417582,2025-11-09 19:32:28+00:00,0.13335607094133697,0,0
O0945,1.0,14,8,15.67,24.18,16.6,56.45,65.64736002093144,2025-11-09 19:52:20+00:00,0.27759078830823736,0,0
O0945,2.0,9,5,4.89,27.2,9.66,41.75,48.86468864468864,2025-11-09 20:22:01+00:00,0.11712574850299401,0,0
O0946,1.0,14,9,14.54,25.57,18.34,58.45,66.22500481974166,2025-11-09 21:01:17+00:00,0.248759623609923,0,0
O0946,2.0,9,5,4.2,25.82,9.15,39.17,46.79871794871795,2025-11-09 21:24:51+00:00,0.10722491702833802,0,0
O0950,1.0,14,9,14.52,24.75,12.97,52.24,62.58979591836735,2025-11-10 00:08:58+00:00,0.277947932618683,0,0
O0950,2.0,9,5,4.17,24.92,11.84,40.93,46.03521978021978,2025-11-10 00:34:51+00:00,0.10188126068898119,0,0
O0951,1.0,14,9,17.490000000000002,22.88,14.66,55.03,72.1013286237572,2025-11-10 00:59:07+00:00,0.31782664001453753,0,0
O0951,2.0,10,5,10.27,17.69,11.620000000000001,39.58,49.31728937728938,2025-11-10 01:21:55+00:00,0.2594744820616473,0,0
O0952,1.0,12,7,15.61,24.08,21.7,61.39,67.08491522762952,2025-11-10 01:40:37+00:00,0.2542759407069555,0,0
O0952,2.0,14,7,13.21,17.23,31.11,61.55,63.89554945054945,2025-11-10 02:01:14+00:00,0.2146222583265638,0,0
O0962,1.0,14,9,13.41,27.85,15.620000000000001,56.88,68.79844950287807,2025-11-10 09:22:44+00:00,0.23575949367088606,0,0
O0962,2.0,9,6,6.07,22.5,9.0,37.57,46.164957264957266,2025-11-10 09:51:09+00:00,0.16156507852009583,1,34
O0965,1.0,14,9,17.41,26.39,17.64,61.44,71.03891732077446,2025-11-10 11:36:03+00:00,0.2833658854166667,0,0
O0965,2.0,9,5,10.16,18.59,12.01,40.76,54.22119047619047,2025-11-10 11:59:01+00:00,0.24926398429833171,0,0
O0969,1.0,14,9,15.4,24.990000000000002,16.740000000000002,57.13,66.23673783359499,2025-11-10 14:39:54+00:00,0.26956065114650796,0,0
O0969,2.0,8,5,1.83,29.259999999999998,6.63,37.72,46.2364652014652,2025-11-10 15:04:25+00:00,0.04851537645811241,0,0
O0976,1.0,14,9,24.01,15.440000000000001,16.03,55.480000000000004,76.83602197802198,2025-11-10 22:58:01+00:00,0.4327685652487383,0,0
O0976,2.0,8,5,8.469999999999999,20.31,2.11,30.89,49.50305860805861,2025-11-11 00:10:30+00:00,0.2741987698284234,1,229
O0980,1.0,14,7,12.0,26.740000000000002,24.82,63.56,64.68061172161173,2025-11-11 02:56:35+00:00,0.18879798615481433,0,0
O0980,2.0,13,6,6.58,18.6,31.19,56.37,48.71443223443223,2025-11-11 03:23:54+00:00,0.11672875643072557,0,0
O0985,1.0,13,9,18.98,23.28,18.990000000000002,61.25,68.62255625327055,2025-11-11 06:53:59+00:00,0.30987755102040815,0,0
O0985,2.0,8,5,5.29,16.67,3.73,25.69,35.3143549043549,2025-11-11 07:25:06+00:00,0.20591669910471,1,283
O0986,1.0,13,9,21.28,17.01,19.36,57.65,70.3013579277865,2025-11-11 07:44:39+00:00,0.3691240242844753,1,191
O0986,2.0,9,5,2.3,22.17,9.16,33.63,37.661483516483514,2025-11-11 08:10:53+00:00,0.06839131727624144,0,0
O0991,1.0,13,7,19.18,19.16,15.98,54.32,70.0759094714809,2025-11-11 12:02:09+00:00,0.3530927835051546,0,0
O0991,2.0,9,4,5.65,23.83,9.629999999999999,39.11,47.94296703296703,2025-11-11 12:28:34+00:00,0.14446433137305037,0,0
O1001,1.0,14,10,23.69,16.92,17.95,58.56,80.54220409967701,2025-11-12 02:07:02+00:00,0.40454234972677594,0,0
O1001,2.0,9,5,3.6,21.87,10.280000000000001,35.75,40.17785714285714,2025-11-12 02:28:28+00:00,0.1006993006993007,0,0
O1004,1.0,15,10,25.060000000000002,20.14,13.649999999999999,58.85,86.84094395423952,2025-11-12 04:27:17+00:00,0.4258283772302464,0,0
O1004,2.0,9,5,2.69,23.33,9.120000000000001,35.14,40.89247252747253,2025-11-12 04:51:47+00:00,0.0765509391007399,0,0
O1005,1.0,15,10,24.189999999999998,24.990000000000002,12.92,62.1,90.67039370973853,2025-11-12 05:10:52+00:00,0.3895330112721417,0,0
O1005,2.0,10,5,4.66,23.05,11.08,38.79,43.42868131868132,2025-11-12 05:37:52+00:00,0.12013405516885796,0,0
O1011,1.0,14,8,16.38,23.2,20.240000000000002,59.82,74.26184292390695,2025-11-12 09:46:46+00:00,0.2738214643931795,0,0
O1011,2.0,8,5,6.710000000000001,22.46,5.73,34.9,49.231703296703294,2025-11-12 10:16:09+00:00,0.19226361031518627,0,0
O1013,1.0,15,7,14.24,19.32,26.77,60.33,63.55107012035583,2025-11-12 11:23:08+00:00,0.23603514006298693,0,0
O1013,2.0,13,5,10.26,17.439999999999998,32.379999999999995,60.08,56.781245421245416,2025-11-12 11:54:34+00:00,0.1707723035952064,0,0
O1016,1.0,15,9,17.99,24.07,20.95,63.01,80.46808298597954,2025-11-12 13:52:14+00:00,0.2855102364704015,0,0
O1016,2.0,8,4,0.79,27.22,6.92,34.93,45.31216117216117,2025-11-12 14:22:36+00:00,0.02261666189521901,0,0
O1026,1.0,15,10,18.240000000000002,18.490000000000002,20.64,57.370000000000005,71.83351332575471,2025-11-13 00:36:04+00:00,0.3179362035907269,0,0
O1026,2.0,9,6,5.09,18.880000000000003,11.17,35.14,42.68430199430199,2025-11-13 01:00:00+00:00,0.1448491747296528,0,0
O1027,1.0,15,10,14.39,26.97,19.52,60.879999999999995,76.70468687634204,2025-11-13 01:21:48+00:00,0.2363666228646518,0,0
O1027,2.0,9,7,8.53,21.25,12.02,41.8,47.91710622710623,2025-11-13 01:49:06+00:00,0.204066985645933,0,0
O1029,1.0,14,8,19.72,26.369999999999997,21.27,67.36,82.0236563994298,2025-11-13 02:57:12+00:00,0.29275534441805223,0,0
O1029,2.0,13,6,4.48,20.32,33.73,58.53,47.90102564102564,2025-11-13 03:21:35+00:00,0.07654194430206732,0,0
O1032,1.0,16,10,21.79,21.880000000000003,21.98,65.65,85.54386813186812,2025-11-13 05:21:35+00:00,0.33191165270373185,0,0
O1032,2.0,8,6,7.859999999999999,17.53,8.4,33.79,41.49532967032967,2025-11-13 05:45:57+00:00,0.23261319917135245,0,0
O1034,1.0,14,10,24.990000000000002,12.51,17.91,55.410000000000004,80.72402919576318,2025-11-13 06:57:24+00:00,0.45100162425554957,0,0
O1034,2.0,8,5,7.28,19.26,5.14,31.68,42.6753194953195,2025-11-13 07:21:54+00:00,0.2297979797979798,1,117
O1042,1.0,14,6,12.55,25.84,27.96,66.35,69.29408686551544,2025-11-13 13:37:24+00:00,0.1891484551620196,0,0
O1042,2.0,13,5,5.6899999999999995,17.92,31.16,54.77,48.64518315018315,2025-11-13 14:06:28+00:00,0.1038889903231696,0,0
O1048,1.0,11,5,19.59,17.4,13.879999999999999,50.87,68.70304029304029,2025-11-12 16:17:34+00:00,0.3850992726557893,0,0
O1048,2.0,9,6,2.29,25.57,13.870000000000001,41.730000000000004,44.93972527472528,2025-11-13 21:54:38+00:00,0.054876587586867955,0,0
O1050,1.0,14,10,15.18,19.28,18.16,52.62,63.34576033490319,2025-11-13 23:08:27+00:00,0.2884834663625998,0,0
O1050,2.0,9,6,10.530000000000001,15.77,11.870000000000001,38.17,49.29320512820512,2025-11-13 23:33:51+00:00,0.27587110296044015,0,0
O1052,1.0,12,8,32.61,17.14,1.97,51.72,83.05335845107274,2025-11-14 00:56:30+00:00,0.6305104408352669,1,439
O1058,1.0,15,9,15.42,21.740000000000002,16.330000000000002,53.49,68.54184967914291,2025-11-14 05:45:11+00:00,0.2882781828379136,0,0
O1058,2.0,10,6,4.99,21.41,13.33,39.73,43.949285714285715,2025-11-14 06:13:32+00:00,0.1255977850490813,0,0
O1065,1.0,14,8,27.05,13.63,16.81,57.49,89.01972475143904,2025-11-14 11:29:25+00:00,0.47051661158462343,0,0
O1065,2.0,11,5,9.96,16.0,10.85,36.81,51.98482905982906,2025-11-14 11:52:40+00:00,0.2705786471067645,0,0
O1084,1.0,17,8,17.78,23.29,18.12,59.19,73.0171386167199,2025-11-15 06:00:42+00:00,0.30038857915188377,0,0
O1084,2.0,9,6,15.16,15.52,2.63,33.31,53.47529304029304,2025-11-15 06:26:20+00:00,0.45511858300810565,1,66
O1085,1.0,15,8,25.42,17.04,16.24,58.7,79.1153815478446,2025-11-15 06:50:08+00:00,0.43304940374787054,1,291
O1085,2.0,9,6,17.3,14.89,2.37,34.56,56.080934065934066,2025-11-15 07:24:10+00:00,0.5005787037037037,0,0
O1089,1.0,13,9,13.84,19.36,21.52,54.72,58.678333333333335,2025-11-15 10:19:26+00:00,0.25292397660818716,0,0
O1089,2.0,8,5,7.68,18.06,5.59,31.33,37.44630036630036,2025-11-15 10:48:11+00:00,0.24513246090009577,1,145
O1100,1.0,13,9,17.990000000000002,16.37,21.53,55.89,65.05710779696494,2025-11-15 19:11:18+00:00,0.32188226874217213,0,0
O1100,2.0,8,4,7.140000000000001,17.84,5.14,30.12,39.35948717948718,2025-11-15 19:37:38+00:00,0.23705179282868527,1,635
O1104,1.0,13,8,13.5,17.06,20.71,51.27,54.850364207221354,2025-11-15 22:21:19+00:00,0.26331187829139846,0,0
O1104,2.0,8,5,13.54,14.75,4.88,33.17,49.45826007326007,2025-11-15 22:53:10+00:00,0.408200180886343,1,322
O1115,1.0,13,9,20.71,14.68,22.39,57.78,65.92266928309786,2025-11-16 07:24:57+00:00,0.35842852197992386,0,0
O1115,2.0,8,5,12.040000000000001,11.82,3.97,27.83,39.58202279202279,2025-11-16 07:53:27+00:00,0.4326266618756738,1,245
O1116,1.0,13,9,16.12,17.35,22.84,56.31,62.300162742019886,2025-11-16 08:46:24+00:00,0.2862724205292133,1,121
O1116,2.0,8,5,8.98,16.48,7.03,32.49,41.45696784696784,2025-11-16 09:18:22+00:00,0.2763927362265312,1,222
O1117,1.0,14,9,20.29,19.810000000000002,18.02,58.120000000000005,72.2207812663527,2025-11-16 09:43:24+00:00,0.3491052993805918,0,0
O1117,2.0,8,5,11.760000000000002,16.7,2.78,31.240000000000002,44.511037851037855,2025-11-16 10:15:18+00:00,0.3764404609475032,1,119
O1118,1.0,13,9,15.02,25.79,17.68,58.49,64.96635845107274,2025-11-16 10:42:35+00:00,0.2567960335100017,1,207
O1118,2.0,8,5,7.81,16.05,2.47,26.33,35.438809523809525,2025-11-16 11:06:55+00:00,0.29661982529434106,0,0
O1121,1.0,11,7,20.080000000000002,25.55,4.51,50.14,72.01254578754579,2025-11-16 13:25:06+00:00,0.4004786597526925,1,105
O1125,1.0,14,10,15.72,22.84,19.13,57.69,68.21351543694401,2025-11-16 16:42:39+00:00,0.27249089963598544,1,123
O1125,2.0,7,6,16.160000000000004,7.3100000000000005,5.17,28.64,44.561245421245424,2025-11-16 17:13:12+00:00,0.564245810055866,0,0
O1128,1.0,14,10,17.85,22.5,18.52,58.87,70.13611669283098,2025-11-16 19:15:28+00:00,0.30321046373365046,1,98
O1128,2.0,8,6,8.46,16.22,10.69,35.37,36.94813186813187,2025-11-16 19:44:06+00:00,0.23918575063613234,0,0
O1138,1.0,14,7,14.9,24.38,28.12,67.4,70.4435347985348,2025-11-17 03:00:28+00:00,0.22106824925816024,0,0
O1138,2.0,13,5,7.529999999999999,24.0,30.97,62.5,61.51783882783883,2025-11-17 03:27:59+00:00,0.12047999999999999,0,0
O1146,1.0,14,9,17.07,16.33,17.07,50.47,61.544977498691786,2025-11-17 09:30:30+00:00,0.3382207251832772,0,0
O1146,2.0,7,5,10.540000000000001,17.45,1.82,29.810000000000002,44.5135347985348,2025-11-17 09:56:20+00:00,0.35357262663535727,1,67
O1148,1.0,14,9,21.38,17.009999999999998,17.52,55.91,75.36993406593406,2025-11-17 11:20:07+00:00,0.38240028617420857,1,508
O1148,2.0,8,5,7.56,14.68,9.32,31.56,33.41692307692308,2025-11-17 11:55:56+00:00,0.23954372623574144,0,0
O1154,1.0,14,9,16.87,20.47,17.42,54.76,65.44223286237572,2025-11-17 19:56:53+00:00,0.30807158509861216,0,0
O1154,2.0,8,6,7.5,6.390000000000001,9.07,22.96,28.97857346357346,2025-11-17 20:20:49+00:00,0.32665505226480834,0,0
O1196,1.0,13,6,14.520000000000001,21.36,26.45,62.33,61.57343560872626,2025-11-19 10:31:21+00:00,0.23295363388416496,0,0
O1196,2.0,14,5,19.490000000000002,44.980000000000004,29.0,93.47,118.0834249084249,2025-11-19 10:55:20+00:00,0.20851610142291646,0,0
O1205,1.0,13,6,17.509999999999998,16.67,27.990000000000002,62.17,63.46719727891157,2025-11-19 20:53:26+00:00,0.28164709667041976,0,0
O1205,2.0,14,5,21.73,10.149999999999999,26.22,58.099999999999994,73.26225274725275,2025-11-19 21:19:05+00:00,0.37401032702237524,0,0
O1206,1.0,14,8,35.18,10.29,17.01,62.480000000000004,96.21849607535322,2025-11-19 21:39:44+00:00,0.5630601792573623,0,0
O1206,2.0,11,7,20.27,15.3,8.440000000000001,44.010000000000005,67.12569597069597,2025-11-19 22:02:11+00:00,0.4605771415587366,0,0
O1220,1.0,13,7,21.13,14.57,25.44,61.14,70.78513919413919,2025-11-20 08:42:21+00:00,0.34560026169447167,0,0
O1220,2.0,14,5,14.08,12.68,32.65,59.41,60.98608058608059,2025-11-20 09:12:37+00:00,0.2369971385288672,0,0
O1223,1.0,14,7,22.919999999999998,13.99,17.5,54.410000000000004,73.26464939822083,2025-11-20 11:19:06+00:00,0.4212460944679286,0,0
O1223,2.0,9,6,10.09,18.92,6.35,35.36,49.73836996336996,2025-11-20 11:43:59+00:00,0.28535067873303166,1,137
O1227,1.0,12,6,21.7,14.129999999999999,28.03,63.86,70.70459863945578,2025-11-20 14:31:00+00:00,0.33980582524271846,0,0
O1227,2.0,14,6,11.43,16.630000000000003,28.95,57.01,57.86620879120879,2025-11-20 14:57:22+00:00,0.20049114190492895,0,0
O1238,1.0,15,7,23.71,11.129999999999999,28.82,63.66,74.25692830978545,2025-11-20 23:16:24+00:00,0.3724473766886585,0,0
O1238,2.0,13,5,16.95,6.88,32.73,56.56,59.885274725274726,2025-11-20 23:51:37+00:00,0.29968175388967466,0,0
O1239,1.0,16,8,28.55,16.22,22.060000000000002,66.83,94.09549527665317,2025-11-21 00:23:06+00:00,0.42720335178811913,0,0
O1239,2.0,9,7,10.85,15.78,2.98,29.61,43.44919413919414,2025-11-21 00:56:23+00:00,0.3664302600472813,0,0
O1241,1.0,16,8,21.75,14.73,20.25,56.73,75.64097281665703,2025-11-21 01:57:46+00:00,0.38339502908514017,0,0
O1241,2.0,8,6,12.82,13.219999999999999,7.69,33.73,47.63586080586081,2025-11-21 02:27:51+00:00,0.3800770827156834,0,0
O1243,1.0,16,8,20.15,14.07,21.77,55.99,74.02763813379603,2025-11-21 03:27:54+00:00,0.359885693873906,0,0
O1243,2.0,8,6,12.44,14.39,7.71,34.54,43.76478021978022,2025-11-21 03:57:37+00:00,0.3601621308627678,0,0
O1246,1.0,16,8,19.130000000000003,21.69,23.740000000000002,64.56,77.18647792558319,2025-11-21 05:40:43+00:00,0.29631350681536556,0,0
O1246,2.0,8,6,10.19,20.57,4.8,35.56,47.58855311355311,2025-11-21 05:29:56+00:00,0.2865579302587176,0,0
O1249,1.0,9,5,24.24,21.93,5.13,51.3,76.51153846153846,2025-11-21 08:53:11+00:00,0.47251461988304094,1,114
O1250,1.0,14,9,15.780000000000001,20.57,17.65,54.0,64.35486603872319,2025-11-21 09:36:35+00:00,0.2922222222222222,0,0
O1250,2.0,8,6,15.129999999999999,11.26,9.48,35.87,44.251859991859995,2025-11-21 09:27:31+00:00,0.4218009478672986,0,0
O1252,1.0,11,5,24.38,15.299999999999999,12.41,52.09,76.9078205128205,2025-11-19 17:31:56+00:00,0.4680360913803033,0,0
O1252,2.0,11,6,18.03,12.120000000000001,7.07,37.22,54.90043956043956,2025-11-21 11:47:13+00:00,0.48441698011821605,0,0
O1255,1.0,14,9,15.799999999999999,18.81,18.91,53.519999999999996,64.61402616431188,2025-11-21 13:26:06+00:00,0.2952167414050822,0,0
O1255,2.0,7,5,9.43,17.67,6.05,33.15,40.60668498168498,2025-11-21 13:55:19+00:00,0.28446455505279034,0,0
O1257,1.0,14,5,13.62,25.9,29.69,69.21,72.34690214547358,2025-11-21 15:04:00+00:00,0.19679237104464672,0,0
O1257,2.0,13,5,7.03,22.52,36.5,66.05,59.9735347985348,2025-11-21 15:33:29+00:00,0.10643451930355792,0,0
O1260,1.0,16,8,24.8,23.04,29.880000000000003,77.72,97.83530113745903,2025-11-21 20:10:09+00:00,0.31909418425115804,0,0
O1260,2.0,10,7,11.969999999999999,19.23,6.949999999999999,38.15,48.637087912087914,2025-11-21 19:40:35+00:00,0.3137614678899082,0,0
O1261,1.0,16,8,24.28,14.67,25.82,64.77,81.83688220551379,2025-11-21 20:59:23+00:00,0.37486490659255833,0,0
O1261,2.0,9,6,14.82,15.83,3.42,34.07,52.36884615384615,2025-11-21 21:30:13+00:00,0.4349867918990314,0,0
O1262,1.0,15,9,20.92,17.5,20.400000000000002,58.82,73.30976085818943,2025-11-21 21:46:20+00:00,0.35566133968038083,0,0
O1262,2.0,9,6,15.02,12.25,15.809999999999999,43.08,47.15636548636549,2025-11-21 22:12:53+00:00,0.3486536675951718,0,0
O1263,1.0,14,9,15.440000000000001,17.189999999999998,23.29,55.92,59.416824699110414,2025-11-21 22:38:11+00:00,0.2761087267525036,0,0
O1263,2.0,7,4,7.799999999999999,24.75,7.4,39.95,51.68644688644689,2025-11-21 22:50:57+00:00,0.195244055068836,0,0
O1267,1.0,14,9,11.809999999999999,16.28,22.83,50.92,50.74834798534798,2025-11-22 02:28:24+00:00,0.23193244304791827,0,0
O1267,2.0,8,6,10.89,19.330000000000002,7.29,37.51,47.220018315018315,2025-11-22 02:52:47+00:00,0.2903225806451613,0,0
O1269,1.0,14,9,8.52,15.77,23.19,47.48,44.72616326530612,2025-11-22 03:10:21+00:00,0.17944397641112048,0,0
O1269,2.0,8,6,12.739999999999998,21.47,6.14,40.35,54.15321937321937,2025-11-22 04:08:29+00:00,0.31573729863692684,0,0
O1271,1.0,16,9,19.52,17.66,30.725,67.905,73.78363292847504,2025-11-22 04:46:54+00:00,0.28746042264928945,0,0
O1271,2.0,13,5,21.56,7.37,36.62,65.55,73.94952380952381,2025-11-22 05:47:08+00:00,0.32890922959572844,0,0
O1272,1.0,16,8,13.71,24.0,27.47,65.18,66.56510738384422,2025-11-22 06:12:03+00:00,0.21034059527462412,0,0
O1272,2.0,8,6,7.54,19.46,6.05,33.05,39.83937728937729,2025-11-22 06:45:41+00:00,0.2281391830559758,0,0
O1279,1.0,14,9,14.809999999999999,19.73,18.74,53.28,60.169937728937725,2025-11-22 11:40:15+00:00,0.2779654654654654,0,0
O1279,2.0,8,6,13.370000000000001,18.66,7.54,39.57,50.51838013838014,2025-11-22 12:10:08+00:00,0.33788223401566847,0,0
O1280,1.0,15,9,20.18,19.69,21.7,61.57,75.00889115646258,2025-11-22 12:32:28+00:00,0.32775702452493094,0,0
O1280,2.0,7,5,10.830000000000002,10.74,1.94,23.51,33.779633699633706,2025-11-22 12:45:38+00:00,0.46065504040833694,0,0
O1282,1.0,14,8,15.73,21.740000000000002,22.9,60.370000000000005,70.47957142857143,2025-11-22 13:55:49+00:00,0.2605598807354646,0,0
O1282,2.0,15,6,18.58,25.68,19.810000000000002,64.07000000000001,76.8618315018315,2025-11-22 14:09:17+00:00,0.2899953176213516,0,0
O1283,1.0,14,9,17.92,23.02,17.82,58.76,73.45511669283098,2025-11-22 14:38:40+00:00,0.30496936691626964,0,0
O1283,2.0,7,6,13.32,12.31,5.22,30.85,43.62956043956044,2025-11-22 15:11:20+00:00,0.4317666126418152,0,0
O1285,1.0,15,9,13.77,29.85,17.98,61.6,70.39150026164312,2025-11-22 16:16:54+00:00,0.22353896103896104,0,0
O1285,2.0,8,6,11.59,8.67,8.2,28.46,33.6976800976801,2025-11-22 16:47:38+00:00,0.4072382290934645,0,0
O1286,1.0,14,9,13.55,24.41,15.36,53.32,68.50741234955521,2025-11-22 17:06:05+00:00,0.254126031507877,0,0
O1286,2.0,7,6,11.99,12.58,6.81,31.38,40.10874643874644,2025-11-22 17:20:38+00:00,0.38209050350541746,0,0
O1287,1.0,14,9,17.259999999999998,17.36,22.75,57.37,68.7079345892203,2025-11-22 17:47:53+00:00,0.3008541049328917,0,0
O1287,2.0,8,5,12.93,13.350000000000001,9.41,35.69,46.314413919413916,2025-11-22 18:15:01+00:00,0.36228635472121046,0,0
O1291,1.0,15,5,12.0,28.32,27.75,68.07000000000001,73.2682103610675,2025-11-22 20:46:22+00:00,0.1762891141472014,0,0
O1291,2.0,13,5,7.29,17.439999999999998,28.97,53.7,50.37315018315018,2025-11-22 21:15:46+00:00,0.13575418994413407,0,0
O1296,1.0,15,6,9.77,28.060000000000002,27.630000000000003,65.46000000000001,63.23564102564102,2025-11-23 00:34:03+00:00,0.14925145126794986,0,0
O1296,2.0,13,6,11.62,14.4,32.47,58.49,57.2164652014652,2025-11-23 01:03:43+00:00,0.19866643870747133,0,0
O1304,1.0,14,9,21.69,15.23,17.26,54.18,72.20552799581371,2025-11-23 06:46:55+00:00,0.4003322259136213,0,0
O1304,2.0,9,5,7.95,20.34,12.14,40.43,43.93906593406594,2025-11-23 07:12:26+00:00,0.19663616126638636,0,0
O1328,1.0,14,6,11.18,27.939999999999998,28.8,67.92,63.051247315902486,2025-11-24 01:30:49+00:00,0.16460541813898705,0,0
O1328,2.0,13,6,10.59,11.06,31.11,52.76,50.07824175824175,2025-11-24 01:58:33+00:00,0.2007202426080364,0,0
O1339,1.0,14,6,13.09,25.07,27.58,65.74,66.3232129774987,2025-11-24 10:09:01+00:00,0.19911773653787648,0,0
O1339,2.0,13,5,14.42,11.540000000000001,32.3,58.26,59.609798534798536,2025-11-24 10:35:36+00:00,0.24751115688293857,0,0
O1340,1.0,14,8,12.49,20.11,19.04,51.64,58.54488644688645,2025-11-24 10:59:05+00:00,0.24186676994577846,0,0
O1340,2.0,8,5,13.65,15.14,9.46,38.25,46.81441391941392,2025-11-24 11:10:46+00:00,0.3568627450980392,0,0
O1348,1.0,16,8,24.759999999999998,18.009999999999998,28.57,71.34,89.05168343936765,2025-11-24 19:52:11+00:00,0.34707036725539664,1,186
O1348,2.0,8,7,13.35,14.26,4.25,31.86,48.47957875457875,2025-11-24 19:45:23+00:00,0.4190207156308851,0,0
O1352,1.0,16,8,22.189999999999998,15.42,22.27,59.88,76.56785521496047,2025-11-24 23:14:08+00:00,0.37057448229792916,1,183
O1352,2.0,9,6,10.04,19.53,5.96,35.53,49.29733007733008,2025-11-24 23:39:46+00:00,0.2825781030115395,0,0
O1358,1.0,15,8,12.28,24.31,23.57,60.16,62.25603428332103,2025-11-25 04:19:02+00:00,0.20412234042553193,0,0
O1358,2.0,8,5,17.03,9.11,7.75,33.89,52.068559218559216,2025-11-25 04:51:47+00:00,0.5025081144880496,0,0
O1361,1.0,15,6,11.34,24.32,29.04,64.7,62.21364730507588,2025-11-25 06:54:27+00:00,0.17527047913446675,0,0
O1361,2.0,16,5,9.97,17.71,32.0,59.68,53.60732600732601,2025-11-25 07:17:40+00:00,0.16705764075067026,0,0
O1362,1.0,15,9,15.5,26.15,21.9,63.550000000000004,75.23557176170607,2025-11-25 05:54:54+00:00,0.24390243902439024,0,0
O1362,2.0,9,5,15.84,9.95,20.22,46.01,53.74521978021978,2025-11-25 08:08:10+00:00,0.34427298413388396,0,0
O1363,1.0,14,7,12.12,20.55,28.94,61.61,58.35807430664573,2025-11-25 08:38:45+00:00,0.19672131147540983,0,0
O1363,2.0,15,6,9.19,15.219999999999999,39.59,64.0,55.81919413919414,2025-11-25 08:49:29+00:00,0.14359375,0,0
O1364,1.0,17,8,10.79,25.51,31.810000000000002,68.11,61.35435475293007,2025-11-25 09:28:32+00:00,0.15842020261341946,0,0
O1364,2.0,13,5,4.32,17.75,33.89,55.96,44.0553663003663,2025-11-25 09:44:01+00:00,0.07719799857040743,0,0
O1366,1.0,15,9,11.620000000000001,21.54,19.37,52.53,53.951164582543896,2025-11-25 11:06:40+00:00,0.22120692937369124,0,0
O1366,2.0,10,7,13.98,14.26,9.71,37.95,52.09477614977615,2025-11-25 11:35:43+00:00,0.3683794466403162,0,0
O1368,1.0,15,10,14.74,17.05,23.85,55.64,61.15747993990281,2025-11-25 13:20:37+00:00,0.2649173256649892,0,0
O1368,2.0,7,6,10.74,17.23,5.42,33.39,47.59196377696377,2025-11-25 13:52:32+00:00,0.3216531895777179,1,195
O1369,1.0,16,6,12.49,17.740000000000002,33.74,63.97,56.65397959183674,2025-11-25 14:07:58+00:00,0.19524777239330937,0,0
O1369,2.0,13,6,8.85,18.03,30.0,56.879999999999995,51.09716117216117,2025-11-25 14:37:10+00:00,0.15559071729957807,0,0
O1370,1.0,14,6,16.07,24.84,28.35,69.26,70.60850340136054,2025-11-25 15:01:11+00:00,0.23202425642506497,0,0
O1370,2.0,13,6,8.280000000000001,18.28,28.38,54.94,54.020164835164834,2025-11-25 15:13:36+00:00,0.15070986530760833,0,0
O1372,1.0,15,9,16.8,17.55,19.61,53.96,63.606788024437755,2025-11-25 16:37:21+00:00,0.3113417346182357,0,0
O1372,2.0,8,6,19.64,9.26,7.93,36.83,57.699010989010986,2025-11-25 19:49:03+00:00,0.5332609285908227,0,0
O1376,1.0,14,5,10.84,20.94,28.11,59.89,59.967017268445844,2025-11-25 22:21:28+00:00,0.18099849724494907,0,0
O1376,2.0,13,5,6.62,21.01,32.7,60.33,55.479945054945055,2025-11-25 22:59:11+00:00,0.10972981932703464,0,0
O1377,1.0,13,7,11.969999999999999,20.71,25.43,58.11,63.35621374865736,2025-11-25 23:21:39+00:00,0.20598864223025296,0,0
O1377,2.0,14,5,6.32,19.98,35.35,61.65,55.30531135531135,2025-11-25 23:32:49+00:00,0.10251419302514193,0,0
O1379,1.0,13,7,15.16,22.9,28.07,66.13,73.66022762951334,2025-11-26 00:58:55+00:00,0.22924542567669742,0,0
O1379,2.0,13,6,2.9299999999999997,20.52,30.349999999999998,53.8,46.37078754578755,2025-11-26 01:22:55+00:00,0.05446096654275093,0,0
O1380,1.0,14,8,11.21,28.310000000000002,23.91,63.43,70.87746357652372,2025-11-26 01:46:57+00:00,0.1767302538231121,0,0
O1380,2.0,13,6,6.54,17.48,32.6,56.620000000000005,47.94358974358975,2025-11-26 02:14:50+00:00,0.1155068880254327,0,0
O1384,1.0,13,7,13.68,20.950000000000003,25.98,60.61,66.08212247652098,2025-11-26 05:06:54+00:00,0.225705329153605,0,0
O1384,2.0,13,6,8.2,21.08,30.32,59.6,54.31371794871795,2025-11-26 05:34:36+00:00,0.13758389261744966,0,0
O1385,1.0,15,9,19.38,19.46,22.23,61.07,75.73172959872208,2025-11-26 05:55:48+00:00,0.3173407565089242,0,0
O1385,2.0,8,5,17.189999999999998,7.1000000000000005,7.91,32.2,49.77151607651607,2025-11-26 06:24:37+00:00,0.5338509316770185,1,820
O1386,1.0,17,7,14.77,23.34,29.97,68.08,71.73099878817924,2025-11-26 06:47:34+00:00,0.21695064629847238,0,0
O1386,2.0,14,5,8.14,23.67,28.55,60.36,57.66483516483517,2025-11-26 07:19:54+00:00,0.13485752153744202,0,0
O1388,1.0,15,9,15.059999999999999,28.07,17.44,60.57,79.16657054724723,2025-11-26 08:44:04+00:00,0.24863793957404653,0,0
O1388,2.0,8,5,16.23,4.68,11.629999999999999,32.54,45.19015873015873,2025-11-26 09:12:41+00:00,0.49877074370006147,0,0
O1389,1.0,15,9,15.18,20.48,17.7,53.36,69.99679707510535,2025-11-26 09:29:23+00:00,0.28448275862068967,0,0
O1389,2.0,8,5,14.85,10.690000000000001,11.120000000000001,36.66,50.876233211233206,2025-11-26 10:27:40+00:00,0.40507364975450083,0,0
O1405,1.0,11,5,24.9,11.98,13.5,50.38,74.36730769230769,2025-11-26 16:34:06+00:00,0.49424374751885664,0,0
O1405,2.0,9,6,16.14,11.9,12.18,40.22,56.2044647944648,2025-11-27 01:59:05+00:00,0.4012928891098956,0,0
O1407,1.0,15,10,15.770000000000001,26.03,17.68,59.480000000000004,73.42833288222451,2025-11-27 03:15:22+00:00,0.26513113651647613,0,0
O1407,2.0,8,6,7.390000000000001,15.58,11.030000000000001,34.0,39.1581684981685,2025-11-27 03:44:49+00:00,0.2173529411764706,0,0
O1408,1.0,15,9,18.55,25.2,16.4,60.15,79.6241622006893,2025-11-27 04:00:24+00:00,0.30839567747298424,0,0
O1408,2.0,8,6,9.4,14.44,9.28,33.12,41.32468253968254,2025-11-27 04:28:17+00:00,0.283816425120773,0,0
O1409,1.0,15,8,19.619999999999997,30.46,12.96,63.04,86.41651789097602,2025-11-27 04:49:19+00:00,0.31123096446700504,0,0
O1409,2.0,7,6,11.17,13.73,5.0,29.9,43.30995115995116,2025-11-27 05:22:51+00:00,0.37357859531772575,1,95
O1415,1.0,15,8,15.870000000000001,24.59,29.14,69.6,83.80331945722585,2025-11-28 00:06:40+00:00,0.22801724137931037,0,0
O1415,2.0,7,6,11.03,11.77,7.26,30.06,40.5739886039886,2025-11-28 00:36:21+00:00,0.3669328010645376,0,0
O1416,1.0,15,9,8.44,34.94,22.43,65.81,76.35928427073748,2025-11-28 00:54:49+00:00,0.128247986628172,0,0
O1416,2.0,8,6,10.49,12.71,15.15,38.35,43.562840862840865,2025-11-28 01:20:04+00:00,0.27353324641460236,0,0
O1417,1.0,15,9,7.93,27.23,21.29,56.449999999999996,63.75805249102293,2025-11-28 01:42:36+00:00,0.1404782993799823,0,0
O1417,2.0,8,6,11.3,13.15,11.02,35.47,46.13135124135124,2025-11-28 02:10:27+00:00,0.318579080913448,0,0
O1419,1.0,15,9,10.05,25.419999999999998,27.09,62.56,70.82505193164799,2025-11-28 03:20:38+00:00,0.1606457800511509,0,0
O1419,2.0,7,6,10.14,11.02,7.06,28.22,37.879004884004885,2025-11-28 03:06:41+00:00,0.3593196314670447,0,0
O1420,1.0,15,9,13.57,26.64,26.130000000000003,66.34,80.10750515166279,2025-11-28 04:13:33+00:00,0.2045523063008743,0,0
O1420,2.0,7,5,11.0,11.28,5.7,27.98,41.43956043956044,2025-11-28 04:35:48+00:00,0.39313795568263044,0,0
O1424,1.0,15,9,12.670000000000002,21.740000000000002,27.98,62.39,61.48958528663455,2025-11-28 07:18:29+00:00,0.20307741625260461,0,0
O1424,2.0,15,6,11.87,14.98,31.07,57.92,56.63483109483109,2025-11-28 07:49:04+00:00,0.20493784530386738,0,0
O1426,1.0,15,8,11.01,22.16,22.3,55.47,66.24966497049748,2025-11-28 08:50:46+00:00,0.19848566792861005,0,0
O1426,2.0,12,6,16.43,9.15,15.120000000000001,40.7,51.52896011396011,2025-11-28 09:17:53+00:00,0.40368550368550365,0,0
O1427,1.0,15,8,9.15,26.3,21.79,57.24,61.380996445262454,2025-11-28 09:42:33+00:00,0.159853249475891,0,0
O1427,2.0,8,6,16.91,10.76,7.950000000000001,35.62,52.85834350834351,2025-11-28 10:08:30+00:00,0.47473329590117913,0,0
O1429,1.0,16,9,11.02,26.85,19.9,57.77,69.2744425377578,2025-11-28 11:23:08+00:00,0.19075644798338237,0,0
O1429,2.0,7,6,10.1,10.86,1.52,22.48,35.71554945054945,2025-11-28 11:49:01+00:00,0.449288256227758,0,0
O1430,1.0,15,9,9.31,27.55,20.43,57.29,65.11107394575868,2025-11-28 12:12:35+00:00,0.16250654564496422,0,0
O1430,2.0,10,6,9.54,13.979999999999999,14.57,38.09,44.877057387057384,2025-11-28 12:36:15+00:00,0.2504594381727487,0,0
O1431,1.0,16,10,10.32,28.95,20.169999999999998,59.44,71.59413194030928,2025-11-28 12:53:09+00:00,0.1736204576043069,0,0
O1431,2.0,8,6,12.81,8.26,9.67,30.740000000000002,40.66912087912088,2025-11-28 13:18:37+00:00,0.41672088484059855,0,0
O1432,1.0,16,9,12.27,23.880000000000003,27.240000000000002,63.39,65.38980860354752,2025-11-28 13:37:37+00:00,0.19356365357311878,0,0
O1432,2.0,16,6,10.9,20.53,29.65,61.08,64.65723443223443,2025-11-28 13:59:44+00:00,0.1784544859201048,0,0
O1433,1.0,15,9,13.83,24.96,23.0,61.79,77.72685799094174,2025-11-28 14:24:23+00:00,0.22382262502022982,0,0
O1433,2.0,7,6,8.42,13.9,6.7,29.02,38.08329263329263,2025-11-28 15:00:49+00:00,0.290144727773949,0,0
O1438,1.0,15,9,7.24,33.69,23.46,64.39,67.42521635179271,2025-11-28 21:33:55+00:00,0.11243981984780245,0,0
O1438,2.0,7,6,9.66,12.07,5.81,27.54,40.05946886446886,2025-11-28 22:05:31+00:00,0.35076252723311546,0,0
O1439,1.0,9,5,24.560000000000002,19.97,3.89,48.42,73.77637362637363,2025-11-28 22:26:45+00:00,0.5072284180090871,1,159
O1441,1.0,15,9,8.29,30.2,21.3,59.79,63.5451033580541,2025-11-29 00:00:35+00:00,0.13865194848636894,0,0
O1441,2.0,8,6,14.41,13.200000000000001,11.780000000000001,39.39,50.57166056166056,2025-11-29 00:29:41+00:00,0.3658288905813658,0,0
O1446,1.0,15,9,10.87,24.16,25.75,60.78,62.88079827014802,2025-11-29 04:14:37+00:00,0.17884172425139847,0,0
O1446,2.0,7,5,13.3,10.69,7.44,31.43,45.24242368742369,2025-11-29 04:45:04+00:00,0.423162583518931,0,0
O1448,1.0,15,7,5.18,32.84,21.02,59.04,60.60731918656057,2025-11-29 06:04:47+00:00,0.0877371273712737,0,0
O1448,2.0,7,6,12.170000000000002,10.3,2.16,24.630000000000003,38.63943426943427,2025-11-29 06:39:11+00:00,0.49411287048315067,0,0
O1449,1.0,15,6,4.68,28.3,23.28,56.26,55.45593709738537,2025-11-29 06:53:14+00:00,0.08318521151795236,0,0
O1449,2.0,9,5,20.54,12.22,11.07,43.83,67.97928571428571,2025-11-29 07:25:10+00:00,0.4686287930641113,0,0
O1451,1.0,16,7,8.23,29.53,18.04,55.8,64.17738360490084,2025-11-29 08:29:19+00:00,0.1474910394265233,0,0
O1451,2.0,8,5,11.68,12.05,6.48,30.21,41.82319698819698,2025-11-29 08:59:38+00:00,0.3866269447202913,0,0
O1452,1.0,15,7,9.34,29.5,22.94,61.78,67.79172301918115,2025-11-29 09:20:38+00:00,0.151181612172224,0,0
O1452,2.0,7,5,11.04,12.96,6.61,30.61,42.944440374440376,2025-11-29 09:51:09+00:00,0.3606664488729173,0,0
O1456,1.0,16,8,8.3,27.41,23.73,59.44,63.57393107057146,2025-11-29 12:34:22+00:00,0.13963660834454913,0,0
O1456,2.0,7,6,14.11,18.46,4.41,36.980000000000004,55.26589947089947,2025-11-29 13:01:36+00:00,0.381557598702001,0,0
O1460,1.0,16,8,21.15,17.14,24.810000000000002,63.1,78.79833333333333,2025-11-29 15:47:05+00:00,0.3351822503961965,0,0
O1460,2.0,8,6,8.85,17.95,3.71,30.509999999999998,41.90397435897436,2025-11-29 16:16:01+00:00,0.29006882989183874,1,317
O1461,1.0,16,8,26.42,17.11,23.86,67.39,91.17532234432234,2025-11-29 16:37:21+00:00,0.3920462976702775,0,0
O1461,2.0,8,6,6.04,13.53,6.29,25.86,28.960402930402932,2025-11-29 17:09:50+00:00,0.23356535189481825,0,0
O1471,1.0,15,9,9.350000000000001,28.86,22.759999999999998,60.97,63.618581641675235,2025-11-30 00:45:51+00:00,0.1533541085779892,0,0
O1471,2.0,7,6,5.6899999999999995,16.05,7.67,29.41,35.02489010989011,2025-11-30 01:14:30+00:00,0.19347160829649776,1,370
O1482,1.0,16,8,10.969999999999999,17.37,19.27,47.61,51.45406488749346,2025-11-30 10:36:06+00:00,0.23041377861793738,0,0
O1482,2.0,8,5,13.3,21.919999999999998,4.59,39.81,61.89566951566951,2025-11-30 10:47:53+00:00,0.33408691283597086,0,0
O1490,1.0,15,10,17.79,24.310000000000002,20.71,62.81,76.58506297479204,2025-11-30 16:40:28+00:00,0.2832351536379557,0,0
O1490,2.0,7,5,17.32,6.41,7.91,31.64,48.58233211233211,2025-11-30 17:13:40+00:00,0.5474083438685209,0,0
O1493,1.0,14,8,5.53,36.74,21.99,64.26,69.06495238095238,2025-11-30 19:04:31+00:00,0.08605664488017428,1,60
O1493,2.0,7,5,11.82,11.39,6.21,29.42,44.301318681318676,2025-11-30 19:28:55+00:00,0.4017675050985724,0,0
O1494,1.0,14,8,5.95,33.63,20.8,60.38,63.263062271062275,2025-11-30 19:48:08+00:00,0.09854256376283538,1,194
O1494,2.0,8,5,9.379999999999999,12.95,11.25,33.58,42.230769230769226,2025-11-30 20:15:53+00:00,0.2793329362715902,0,0
O1503,1.0,15,8,3.14,31.240000000000002,23.48,57.86,57.74261904761905,2025-12-01 04:12:58+00:00,0.05426892499135846,0,0
O1503,2.0,7,5,14.879999999999999,16.88,4.11,35.870000000000005,57.393626373626375,2025-12-01 04:24:43+00:00,0.4148313353777529,1,614
O1514,1.0,15,7,7.5600000000000005,23.63,29.48,60.67,60.324384615384616,2025-12-01 12:56:48+00:00,0.124608537992418,0,0
O1514,2.0,13,5,14.879999999999999,16.58,28.59,60.05,63.721117216117214,2025-12-01 13:29:26+00:00,0.24779350541215653,0,0
O1516,1.0,14,5,13.809999999999999,24.8,29.41,68.02,70.93064887493459,2025-12-01 14:30:06+00:00,0.20302852102322846,0,0
O1516,2.0,13,4,9.41,13.370000000000001,29.53,52.31,50.9375641025641,2025-12-01 14:58:57+00:00,0.17988912253871153,0,0
O1523,1.0,17,6,24.37,9.89,29.28,63.54,74.78638461538462,2025-12-01 23:07:17+00:00,0.3835379288637079,0,0
O1523,2.0,13,5,10.92,13.280000000000001,32.77,56.97,54.76838827838828,2025-12-01 23:40:57+00:00,0.19167983149025802,0,0
O1527,1.0,16,8,19.96,20.14,21.29,61.39,74.34122710622711,2025-12-02 02:31:03+00:00,0.3251343867079329,0,0
O1527,2.0,8,5,6.45,18.23,4.06,28.74,41.87357142857143,2025-12-02 03:01:35+00:00,0.2244258872651357,1,301
O1538,1.0,16,8,18.63,10.83,22.96,52.42,61.13177981277981,2025-12-02 11:12:50+00:00,0.3553987027851965,1,137
O1538,2.0,9,5,10.219999999999999,23.9,4.12,38.24,54.40080586080586,2025-12-02 11:41:56+00:00,0.2672594142259414,0,0
O1540,1.0,15,6,16.509999999999998,17.009999999999998,29.36,62.879999999999995,69.57621978021977,2025-12-02 12:45:52+00:00,0.26256361323155214,0,0
O1540,2.0,14,5,19.47,12.71,28.88,61.06,72.27254578754578,2025-12-02 13:21:32+00:00,0.3188666885031117,0,0
O1547,1.0,9,5,21.97,20.560000000000002,6.44,48.97,69.29697802197802,2025-12-02 21:19:20+00:00,0.4486420257300388,1,222
O1552,1.0,7,5,44.43,6.17,9.52,60.12,81.71294505494507,2025-12-03 01:50:23+00:00,0.7390219560878244,1,954
O1584,1.0,16,9,17.97,18.8,26.85,63.62,70.90471794871794,2025-12-04 09:58:10+00:00,0.2824583464319396,0,0
O1584,2.0,8,6,12.11,19.959999999999997,2.56,34.629999999999995,52.138681318681314,2025-12-04 10:33:55+00:00,0.34969679468668785,1,391
O1600,1.0,14,8,15.71,18.11,21.810000000000002,55.63,61.315712715855575,2025-12-05 02:45:59+00:00,0.2824015818802804,0,0
O1600,2.0,8,4,16.880000000000003,2.61,12.45,31.939999999999998,33.295543345543344,2025-12-05 03:04:00+00:00,0.5284909204758924,0,0
O1608,1.0,14,6,18.66,19.76,16.36,54.78,70.32631868131868,2025-12-05 12:00:32+00:00,0.34063526834611174,1,77
O1608,2.0,8,6,11.15,15.11,9.42,35.68,44.89961538461539,2025-12-05 12:32:17+00:00,0.3125,0,0
O1609,1.0,14,6,12.28,25.37,27.65,65.3,66.64679487179487,2025-12-05 12:47:46+00:00,0.1880551301684533,0,0
O1609,2.0,13,6,8.52,14.5,32.47,55.49,47.52507326007326,2025-12-05 13:17:20+00:00,0.15354117859073704,0,0
O1610,1.0,14,6,14.45,20.04,28.88,63.37,61.41501046572475,2025-12-05 13:42:26+00:00,0.22802587975382674,0,0
O1610,2.0,14,7,7.59,20.48,34.86,62.93,56.75772893772894,2025-12-05 14:16:02+00:00,0.12061020181153663,0,0
O1611,1.0,12,7,13.95,20.46,22.939999999999998,57.35,59.662234432234435,2025-12-05 14:44:13+00:00,0.24324324324324323,0,0
O1611,2.0,8,5,7.23,9.61,16.98,33.82,34.46961538461538,2025-12-05 14:56:35+00:00,0.21377882909520995,0,0
O1615,1.0,13,7,15.07,22.77,21.32,59.16,69.34128205128205,2025-12-05 21:59:23+00:00,0.25473292765382016,0,0
O1615,2.0,13,6,8.64,20.29,36.36,65.29,58.58428571428571,2025-12-05 22:25:53+00:00,0.13233266962781437,0,0
O1617,1.0,15,7,17.16,23.1,27.91,68.17,73.7637147508576,2025-12-05 23:40:50+00:00,0.25172363209623,0,0
O1617,2.0,13,6,8.66,13.02,30.9,52.58,47.02746235246235,2025-12-06 00:07:31+00:00,0.16470140737923167,0,0
O1618,1.0,14,6,14.59,22.86,29.52,66.97,66.65371591371591,2025-12-06 00:27:15+00:00,0.21785874272062117,0,0
O1618,2.0,13,7,7.0600000000000005,12.73,37.69,57.480000000000004,46.06769841269841,2025-12-06 00:54:39+00:00,0.12282533054975643,0,0
O1619,1.0,14,6,20.240000000000002,17.87,14.780000000000001,52.89,71.34974358974358,2025-12-06 01:19:52+00:00,0.3826810361126867,0,0
O1619,2.0,7,5,12.47,18.17,7.06,37.7,50.81652014652015,2025-12-06 01:49:39+00:00,0.33076923076923076,0,0
O1621,1.0,14,6,19.46,24.22,15.68,59.36,76.64992673992674,2025-12-06 03:01:55+00:00,0.3278301886792453,0,0
O1621,2.0,8,5,13.27,13.52,7.59,34.38,46.19483516483517,2025-12-06 03:27:28+00:00,0.38598022105875507,0,0
O1622,1.0,14,6,13.46,25.86,29.07,68.39,67.69095499738357,2025-12-06 03:47:13+00:00,0.19681239947360726,0,0
O1622,2.0,13,5,4.75,28.77,30.740000000000002,64.26,58.235128205128206,2025-12-06 04:18:50+00:00,0.07391845627139744,0,0
O1623,1.0,16,5,10.149999999999999,24.39,31.14,65.68,58.78769230769231,2025-12-06 04:44:02+00:00,0.15453714981729594,0,0
O1623,2.0,13,5,8.83,13.440000000000001,31.990000000000002,54.260000000000005,49.172399267399264,2025-12-06 05:12:21+00:00,0.16273497972723922,0,0
O1624,1.0,14,6,17.64,23.41,16.86,57.91,70.1865750915751,2025-12-06 05:32:23+00:00,0.30461060265929896,0,0
O1624,2.0,8,5,11.99,16.68,7.18,35.85,50.139761904761905,2025-12-06 05:43:36+00:00,0.33444909344490936,0,0
O1627,1.0,14,5,13.29,22.91,29.09,65.29,64.86389586603872,2025-12-06 08:00:28+00:00,0.2035533772400061,0,0
O1627,2.0,13,6,6.46,17.62,29.4,53.48,46.64358974358974,2025-12-06 08:31:20+00:00,0.12079281974569933,0,0
O1628,1.0,14,6,15.16,23.16,28.55,66.87,67.86361852433281,2025-12-06 08:56:30+00:00,0.22670853895618362,0,0
O1628,2.0,13,6,8.05,18.1,36.32,62.47,56.258040293040295,2025-12-06 09:25:48+00:00,0.1288618536897711,0,0
O1629,1.0,14,6,16.35,15.97,32.19,64.51,62.98902668759812,2025-12-06 09:54:00+00:00,0.25344907766237795,0,0
O1629,2.0,13,6,11.64,17.9,35.29,64.83,65.84657509157509,2025-12-06 10:05:03+00:00,0.17954650624710783,0,0
O1631,1.0,13,6,7.87,29.12,27.16,64.15,60.369358974358974,2025-12-06 11:36:28+00:00,0.12268121590023381,0,0
O1631,2.0,13,6,5.6899999999999995,17.16,32.5,55.35,45.748717948717946,2025-12-06 12:07:34+00:00,0.10280036133694669,0,0
O1634,1.0,14,7,10.91,28.88,20.04,59.83,65.49428571428571,2025-12-06 13:22:22+00:00,0.18234999164298848,0,0
O1634,2.0,13,6,8.89,17.02,37.99,63.9,53.35234432234432,2025-12-06 14:28:11+00:00,0.13912363067292646,0,0
O1635,1.0,14,6,16.86,17.79,28.520000000000003,63.17,65.14679690679691,2025-12-06 14:58:21+00:00,0.2668988443881589,0,0
O1635,2.0,13,6,10.56,20.3,35.35,66.21,62.83103378103378,2025-12-06 15:25:37+00:00,0.15949252378794745,0,0
O1636,1.0,14,6,19.61,18.58,15.930000000000001,54.120000000000005,68.75362026862027,2025-12-06 15:48:06+00:00,0.36234294161123426,0,0
O1636,2.0,7,5,11.600000000000001,19.28,5.91,36.79,49.68016483516484,2025-12-06 16:22:17+00:00,0.31530307148681713,0,0
O1638,1.0,14,6,14.5,22.6,21.11,58.21,64.016336996337,2025-12-06 17:37:09+00:00,0.24909809311114928,0,0
O1638,2.0,7,6,21.28,10.17,4.93,36.379999999999995,58.22794871794871,2025-12-06 18:07:55+00:00,0.5849367784496977,0,0
O1639,1.0,14,6,19.72,19.15,27.38,66.25,74.7831030873888,2025-12-06 18:21:06+00:00,0.29766037735849055,0,0
O1639,2.0,13,6,10.26,12.0,32.27,54.53,50.90391941391941,2025-12-06 18:51:39+00:00,0.1881533101045296,0,0
O1640,1.0,13,7,22.22,18.36,19.95,60.53,78.14780219780219,2025-12-06 19:10:51+00:00,0.3670906988270279,0,0
O1640,2.0,13,6,8.850000000000001,20.71,34.83,64.39,63.34653846153846,2025-12-06 19:39:56+00:00,0.13744370243826684,0,0
O1643,1.0,15,9,35.3,6.5600000000000005,21.91,63.77,85.26579196464911,2025-12-06 21:51:48+00:00,0.5535518268778422,0,0
O1643,2.0,8,6,9.28,20.54,8.61,38.43,51.18703296703296,2025-12-06 22:20:37+00:00,0.24147801196981522,0,0
O1647,1.0,16,9,21.5,16.939999999999998,14.72,53.16,72.04866143380428,2025-12-07 01:08:42+00:00,0.4044394281414598,0,0
O1647,2.0,8,5,15.86,17.919999999999998,6.93,40.71,55.761098901098904,2025-12-07 01:39:10+00:00,0.3895848685826578,0,0
O1648,1.0,14,6,14.32,23.13,28.81,66.26,67.04293301936158,2025-12-07 01:57:33+00:00,0.21611832176275278,0,0
O1648,2.0,13,5,15.08,15.34,37.09,67.51,60.4847619047619,2025-12-07 02:11:18+00:00,0.22337431491630869,0,0
O1650,1.0,14,6,17.84,18.11,27.81,63.76,70.3897493458922,2025-12-07 03:26:43+00:00,0.27979924717691346,0,0
O1650,2.0,13,6,10.4,15.21,32.28,57.89,47.46283882783883,2025-12-07 03:57:05+00:00,0.17965106235964762,0,0
O1654,1.0,15,9,17.0,19.23,18.84,55.07,64.14650235478807,2025-12-07 06:39:18+00:00,0.3086980207009261,0,0
O1654,2.0,8,5,23.01,11.64,3.15,37.8,64.05302197802199,2025-12-07 06:55:16+00:00,0.6087301587301588,0,0
O1657,1.0,15,9,18.27,19.18,22.93,60.379999999999995,69.21432705389849,2025-12-07 09:16:10+00:00,0.30258363696588275,0,0
O1657,2.0,7,6,7.5,22.09,7.66,37.25,49.647838827838825,2025-12-07 09:43:51+00:00,0.20134228187919462,0,0
O1659,1.0,15,9,19.36,26.07,19.79,65.22,80.08561486132915,2025-12-07 10:44:33+00:00,0.29684145967494635,0,0
O1659,2.0,7,4,8.129999999999999,14.51,4.98,27.62,34.70285714285714,2025-12-07 11:11:35+00:00,0.29435191889934825,0,0
O1660,1.0,15,7,17.83,23.75,16.71,58.29,70.500905285191,2025-12-07 11:28:18+00:00,0.3058843712472122,0,0
O1660,2.0,9,4,6.57,20.52,8.24,35.33,42.89831501831502,2025-12-07 11:49:49+00:00,0.18596093971129354,0,0
O1665,1.0,14,7,22.84,20.58,27.37,70.78999999999999,82.31126993307444,2025-12-07 15:10:37+00:00,0.32264444130526915,0,0
O1665,2.0,13,5,8.74,18.68,30.2,57.62,47.635714285714286,2025-12-07 15:42:40+00:00,0.15168344324887192,0,0
O1666,1.0,14,8,20.759999999999998,21.98,23.77,66.51,73.46834558924785,2025-12-07 16:04:26+00:00,0.3121335137573297,0,0
O1666,2.0,7,4,7.2,15.82,5.68,28.7,35.631794871794874,2025-12-07 16:16:28+00:00,0.2508710801393728,0,0
O1669,1.0,14,8,23.0,13.55,23.0,59.55,70.14008799471205,2025-12-07 18:20:51+00:00,0.3862300587741394,0,0
O1669,2.0,8,5,7.8999999999999995,16.82,8.46,33.18,38.83978021978022,2025-12-07 18:50:26+00:00,0.23809523809523808,0,0
O1678,1.0,18,8,19.61,23.97,24.98,68.56,72.72304281924971,2025-12-08 01:46:29+00:00,0.28602683780630106,0,0
O1678,2.0,8,7,13.81,11.54,10.379999999999999,35.73,41.417142857142856,2025-12-08 02:17:06+00:00,0.3865099356283236,0,0
O1680,1.0,16,8,17.42,32.97,13.95,64.34,79.17162480376766,2025-12-08 03:23:50+00:00,0.270749145166304,0,0
O1680,2.0,7,5,12.91,10.68,4.22,27.81,38.56765567765568,2025-12-08 03:55:23+00:00,0.46422150305645454,0,0
O1686,1.0,19,7,20.28,24.42,36.3,81.0,84.6884484563056,2025-12-17 03:59:03+00:00,0.2503703703703704,0,0
O1686,2.0,13,4,11.67,18.21,30.45,60.33,54.83681318681319,2025-12-17 04:53:45+00:00,0.19343610144206863,0,0
O1692,1.0,15,9,24.96,23.06,14.82,62.84,85.87277339901478,2025-12-17 20:56:30+00:00,0.3971992361553151,1,138
O1692,2.0,7,6,15.48,16.05,3.97,35.5,51.646959706959706,2025-12-17 20:22:19+00:00,0.436056338028169,1,116
O1712,1.0,14,6,32.78,8.0,21.0,61.78,86.4969387755102,2025-12-18 20:53:22+00:00,0.5305924247329233,0,0
O1712,2.0,7,5,12.36,16.0,6.96,35.32,49.995549450549454,2025-12-18 21:23:30+00:00,0.34994337485843713,1,372
O1713,1.0,14,7,22.1,13.82,18.73,54.65,68.76985975928832,2025-12-18 21:45:28+00:00,0.40439158279963405,1,69
O1713,2.0,7,5,10.61,15.36,4.85,30.82,46.642765567765565,2025-12-18 22:24:07+00:00,0.34425697598961713,1,375
O1714,1.0,14,7,26.67,10.23,20.44,57.34,75.22733124018838,2025-12-18 23:09:15+00:00,0.4651203348447855,0,0
O1714,2.0,7,5,13.91,15.35,2.42,31.68,53.735512820512824,2025-12-18 23:42:17+00:00,0.4390782828282828,1,82
O1715,1.0,14,7,29.18,13.37,22.44,64.99,86.18650758765044,2025-12-19 00:07:12+00:00,0.44899215263886755,1,203
O1715,2.0,7,5,11.1,12.61,5.61,29.32,42.754340659340656,2025-12-19 00:40:38+00:00,0.37858117326057295,0,0
O1725,1.0,14,7,11.95,25.2,19.81,56.96,59.872374636857394,2025-12-19 10:25:39+00:00,0.20979634831460672,0,0
O1725,2.0,9,4,7.0,16.5,15.04,38.54,40.397948717948715,2025-12-19 10:52:00+00:00,0.1816294758692268,0,0
O1726,1.0,13,7,10.57,26.39,20.51,57.47,59.982841732979665,2025-12-19 11:10:24+00:00,0.1839220462850183,0,0
O1726,2.0,8,4,7.51,15.459999999999999,12.17,35.14,38.56985347985348,2025-12-19 11:38:56+00:00,0.21371656232214,0,0
O1727,1.0,14,7,10.39,25.64,25.580000000000002,61.61,60.582630794492864,2025-12-19 12:07:17+00:00,0.16864145430936536,0,0
O1727,2.0,7,4,9.280000000000001,15.209999999999999,7.86,32.35,39.277142857142856,2025-12-19 12:37:57+00:00,0.2868624420401855,0,0
O1734,1.0,13,8,14.82,26.48,21.0,62.3,72.36647593785526,2025-12-19 21:51:15+00:00,0.23788121990369182,1,138
O1734,2.0,7,4,10.01,13.5,3.47,26.98,36.22589743589744,2025-12-19 22:19:01+00:00,0.3710155670867309,0,0
O1735,1.0,13,7,13.3,24.97,19.34,57.61,62.41574182139699,2025-12-19 22:38:25+00:00,0.23086269744835966,0,0
O1735,2.0,8,4,10.3,16.35,11.100000000000001,37.75,43.56813186813187,2025-12-19 23:04:48+00:00,0.2728476821192053,0,0
O1743,1.0,14,7,23.8,13.690000000000001,18.61,56.1,72.44584510727368,2025-12-20 05:24:54+00:00,0.42424242424242425,1,1039
O1743,2.0,8,5,10.600000000000001,16.27,10.030000000000001,36.9,48.849926739926744,2025-12-20 05:56:41+00:00,0.28726287262872635,0,0
O1744,1.0,14,7,27.89,12.86,16.79,57.54,78.04914442700158,2025-12-20 06:21:14+00:00,0.48470629127563436,1,716
O1744,2.0,8,5,10.7,17.919999999999998,10.96,39.58,52.43849816849817,2025-12-20 06:59:44+00:00,0.27033855482566954,1,398
O1753,1.0,14,9,22.240000000000002,14.25,22.98,59.47,70.42959549973835,2025-12-20 14:39:04+00:00,0.3739700689423239,0,0
O1753,2.0,7,5,10.55,16.16,9.739999999999998,36.45,42.46534798534799,2025-12-20 15:15:21+00:00,0.289437585733882,1,97
O1756,1.0,14,9,22.259999999999998,21.81,18.88,62.95,81.41676975405547,2025-12-20 17:08:28+00:00,0.3536139793486894,1,64
O1756,2.0,6,5,7.82,15.65,3.58,27.05,35.81531135531136,2025-12-20 17:37:06+00:00,0.28909426987061,0,0
O1769,1.0,13,8,15.67,22.16,21.7,59.53,65.09157925982063,2025-12-21 05:12:46+00:00,0.2632286242230808,0,0
O1769,2.0,8,4,5.63,14.66,9.25,29.54,33.68003663003663,2025-12-21 05:38:55+00:00,0.1905890318212593,0,0
O1774,1.0,13,8,11.91,22.759999999999998,20.14,54.81,57.42611898446381,2025-12-21 09:29:38+00:00,0.21729611384783798,0,0
O1774,2.0,9,4,12.09,18.35,9.75,40.19,48.7521978021978,2025-12-21 09:59:15+00:00,0.3008210997760637,0,0
O1782,1.0,13,8,24.310000000000002,19.77,24.42,68.5,83.63566614338043,2025-12-21 16:18:14+00:00,0.35489051094890517,1,217
O1782,2.0,7,4,5.4399999999999995,20.25,4.82,30.51,40.531941391941395,2025-12-21 16:51:22+00:00,0.17830219600131103,0,0
O1787,1.0,13,8,16.68,16.52,26.28,59.480000000000004,64.38169754055468,2025-12-21 20:48:15+00:00,0.2804303967720242,1,237
O1787,2.0,14,5,15.0,26.02,20.33,61.35,68.464673992674,2025-12-21 21:26:02+00:00,0.24449877750611246,0,0
O1795,1.0,13,8,16.14,18.95,21.61,56.7,64.82500313971742,2025-12-22 03:24:39+00:00,0.28465608465608466,1,142
O1795,2.0,7,4,7.76,17.05,4.69,29.5,38.87981684981685,2025-12-22 03:51:37+00:00,0.26305084745762713,0,0
O1799,1.0,13,7,17.009999999999998,21.630000000000003,22.240000000000002,60.88,69.42325588697017,2025-12-22 06:49:10+00:00,0.2794021024967148,0,0
O1799,2.0,7,4,7.59,17.27,4.71,29.57,38.98208791208791,2025-12-22 07:16:51+00:00,0.2566790666215759,1,171
O1801,1.0,13,7,24.16,17.18,19.7,61.04,75.00849712192569,2025-12-22 08:47:49+00:00,0.39580602883355176,1,288
O1801,2.0,7,4,7.36,20.229999999999997,5.89,33.48,43.600695970695966,2025-12-22 09:18:57+00:00,0.21983273596176825,0,0
O1811,1.0,13,8,17.5,19.5,16.0,53.0,66.87551020408164,2025-12-22 20:17:40+00:00,0.330188679245283,0,0
O1811,2.0,8,5,12.73,19.87,6.99,39.59,52.232035002035005,2025-12-22 19:58:02+00:00,0.3215458449103309,1,224
O1812,1.0,13,8,18.98,17.79,18.04,54.81,66.30461172161172,2025-12-22 21:28:03+00:00,0.34628717387338076,0,0
O1812,2.0,7,5,13.73,15.01,5.25,33.99,46.010032560032556,2025-12-22 22:15:47+00:00,0.4039423359811709,1,262
O1838,1.0,13,9,16.8,17.6,26.9,61.3,67.62567242281528,2025-12-23 23:40:00+00:00,0.2740619902120718,0,0
O1838,2.0,7,5,10.530000000000001,8.8,1.93,21.259999999999998,30.295551485551485,2025-12-24 00:14:49+00:00,0.49529633113828797,1,156
O1844,1.0,13,8,17.0,20.8,20.28,58.08,66.66370068027211,2025-12-24 04:36:56+00:00,0.2926997245179063,0,0
O1844,2.0,7,5,11.0,15.7,5.3,32.0,43.116280016280015,2025-12-24 05:45:39+00:00,0.34375,1,76
O1847,1.0,13,8,17.27,21.79,19.1,58.16,68.76869756809606,2025-12-24 07:04:59+00:00,0.296939477303989,0,0
O1847,2.0,7,5,11.4,14.0,4.0,29.4,40.5966625966626,2025-12-24 08:28:59+00:00,0.38775510204081637,1,140
O1868,1.0,14,10,21.13,16.6,21.18,58.91,65.10490608389105,2025-12-25 05:04:42+00:00,0.35868273637752507,0,0
O1868,2.0,7,5,9.53,14.33,10.21,34.07,36.990695970695974,2025-12-25 05:33:45+00:00,0.27971822717933664,0,0
O1872,1.0,13,9,17.79,19.93,24.84,62.56,67.53845974827178,2025-12-25 08:10:18+00:00,0.28436700767263423,0,0
O1872,2.0,7,5,11.0,11.99,3.0,25.990000000000002,36.21864061864062,2025-12-25 08:37:52+00:00,0.42323970757983836,1,92
O1874,1.0,13,8,21.14,12.58,18.49,52.21,61.69240353631331,2025-12-25 09:51:59+00:00,0.4049032752346294,0,0
O1874,2.0,7,5,14.57,11.969999999999999,6.56,33.1,43.24173382173382,2025-12-25 10:18:30+00:00,0.44018126888217524,1,81
O1896,1.0,13,8,22.97,11.879999999999999,24.68,59.53,65.95261202456692,2025-12-26 03:21:42+00:00,0.3858558709894171,0,0
O1896,2.0,7,4,16.68,10.29,7.93,34.9,43.94195970695971,2025-12-26 03:49:14+00:00,0.47793696275071634,0,0
O1901,1.0,14,8,27.06,6.54,23.580000000000002,57.18,66.38311079897547,2025-12-26 07:38:14+00:00,0.4732423924449108,0,0
O1901,2.0,7,5,14.190000000000001,11.21,7.9,33.3,41.31916971916972,2025-12-26 08:10:52+00:00,0.4261261261261262,0,0
O1905,1.0,14,6,18.13,18.85,27.71,64.69,67.31880952380952,2025-12-26 10:40:27+00:00,0.2802597001082084,0,0
O1905,2.0,13,3,11.44,12.65,30.51,54.6,45.9743956043956,2025-12-26 11:06:47+00:00,0.2095238095238095,0,0
O1909,1.0,13,9,23.299999999999997,15.62,17.25,56.17,70.08188689799528,2025-12-26 13:44:37+00:00,0.4148121773188534,0,0
O1909,2.0,7,5,7.75,13.85,6.96,28.56,35.62610500610501,2025-12-26 14:11:18+00:00,0.271358543417367,0,0
O1915,1.0,13,9,23.11,11.219999999999999,20.68,55.01,64.59917923624691,2025-12-26 21:17:57+00:00,0.4201054353753863,0,0
O1915,2.0,7,5,12.690000000000001,13.23,7.29,33.21,42.97932844932845,2025-12-26 21:57:29+00:00,0.3821138211382114,1,330
O1921,1.0,13,9,20.39,12.52,21.78,54.69,60.80856619570905,2025-12-27 02:07:39+00:00,0.37282867068933995,0,0
O1921,2.0,8,6,19.02,8.46,7.68,35.160000000000004,50.476628001628,2025-12-27 01:48:41+00:00,0.5409556313993173,0,0
O1922,1.0,13,9,21.06,16.82,21.689999999999998,59.57,68.03715604640416,2025-12-27 02:59:45+00:00,0.35353365788148394,0,0
O1922,2.0,7,5,16.37,10.23,6.04,32.64,45.136874236874235,2025-12-27 03:29:17+00:00,0.5015318627450981,0,0
O1923,1.0,13,10,29.599999999999998,12.83,21.58,64.01,83.2643379817064,2025-12-27 03:45:23+00:00,0.4624277456647398,0,0
O1923,2.0,7,5,10.03,8.31,7.36,25.7,31.576467236467238,2025-12-27 04:15:07+00:00,0.39027237354085603,0,0
O1924,1.0,14,10,28.64,10.98,20.32,59.94,77.83502146697636,2025-12-27 04:32:23+00:00,0.47781114447781114,0,0
O1924,2.0,7,5,15.3,7.44,7.31,30.05,43.78067765567766,2025-12-27 05:01:38+00:00,0.5091514143094842,0,0
O1925,1.0,15,10,24.23,11.959999999999999,23.12,59.31,72.91169460586754,2025-12-27 05:17:07+00:00,0.40853144495026134,0,0
O1925,2.0,7,5,16.41,14.16,5.7,36.27,54.14313186813187,2025-12-27 05:47:42+00:00,0.4524400330851943,0,0
O1928,1.0,14,10,19.09,12.29,22.8,54.18,59.34971965934372,2025-12-27 07:44:45+00:00,0.35234403839055,0,0
O1928,2.0,8,5,15.559999999999999,12.82,7.94,36.32,45.292617012617015,2025-12-27 08:16:34+00:00,0.4284140969162995,1,357
O1932,1.0,16,10,28.87,17.23,16.990000000000002,63.09,78.87716844002559,2025-12-27 11:01:36+00:00,0.45760025360595974,0,0
O1932,2.0,9,6,18.96,7.81,10.94,37.71,50.18417175417176,2025-12-27 11:29:47+00:00,0.5027844073190135,0,0
O1934,1.0,15,10,21.33,15.43,19.96,56.72,64.94843938295067,2025-12-27 11:53:10+00:00,0.37605782792665726,0,0
O1934,2.0,9,5,10.0,19.85,12.04,41.89,47.92981684981685,2025-12-27 12:22:29+00:00,0.23872045834328,0,0
O1943,1.0,13,9,19.88,15.93,20.57,56.379999999999995,65.43727135298563,2025-12-27 19:56:10+00:00,0.3526073075558709,0,0
O1943,2.0,8,5,15.93,8.29,10.57,34.79,44.53749694749695,2025-12-27 20:19:14+00:00,0.45789019833285427,0,0
O1945,1.0,9,5,35.88,13.379999999999999,3.35,52.61,91.50384615384615,2025-12-27 22:09:29+00:00,0.6819996198441362,0,0
O1946,1.0,13,9,18.71,19.37,23.44,61.519999999999996,70.18718912666282,2025-12-27 22:56:40+00:00,0.3041287386215865,0,0
O1946,2.0,8,5,11.76,15.14,10.129999999999999,37.03,47.46754578754579,2025-12-27 22:34:33+00:00,0.31758034026465026,0,0
O1948,1.0,13,9,20.42,17.990000000000002,22.01,60.42,69.98880924839571,2025-12-28 00:39:26+00:00,0.3379675604104601,0,0
O1948,2.0,7,5,11.64,11.09,5.97,28.7,41.4193956043956,2025-12-28 01:08:03+00:00,0.4055749128919861,0,0
O1954,1.0,14,9,29.71,10.04,16.32,56.07,77.50547970912503,2025-12-28 05:27:42+00:00,0.5298733725700018,0,0
O1954,2.0,9,5,20.400000000000002,11.62,4.68,36.7,63.802582417582414,2025-12-28 05:55:43+00:00,0.555858310626703,0,0
O1963,1.0,15,9,20.23,19.75,15.280000000000001,55.26,69.51084371384864,2025-12-28 13:29:46+00:00,0.3660875859572928,0,0
O1963,2.0,8,6,16.74,11.21,4.25,32.2,47.65493487993488,2025-12-28 13:49:19+00:00,0.5198757763975155,0,0
O1972,1.0,13,9,24.21,14.52,20.29,59.019999999999996,71.1227832707532,2025-12-28 20:28:33+00:00,0.410199932226364,0,0
O1972,2.0,7,5,11.22,10.44,5.07,26.73,35.358050468050465,2025-12-28 20:56:26+00:00,0.4197530864197531,0,0
O1973,1.0,13,9,20.61,14.66,20.97,56.24,64.54769362355829,2025-12-28 21:24:18+00:00,0.36646514935988617,0,0
O1973,2.0,8,5,12.94,11.96,9.469999999999999,34.37,40.57758648758649,2025-12-28 21:48:53+00:00,0.37649112598196105,1,61
O1975,1.0,13,9,14.98,23.82,19.9,58.7,63.919548639503276,2025-12-28 23:05:04+00:00,0.25519591141396936,0,0
O1975,2.0,8,5,9.899999999999999,10.94,9.74,30.58,37.43529304029304,2025-12-28 23:32:58+00:00,0.3237410071942446,0,0
O1978,1.0,13,8,17.52,15.16,24.63,57.31,62.999212454212454,2025-12-29 01:44:53+00:00,0.305705810504275,0,0
O1978,2.0,6,4,13.62,12.0,4.8,30.42,43.06510989010989,2025-12-29 02:12:05+00:00,0.44773175542406307,0,0
O1979,1.0,14,8,20.02,19.07,19.82,58.91,72.0343956043956,2025-12-29 02:40:33+00:00,0.33984043456119506,0,0
O1979,2.0,8,3,10.26,13.36,15.11,38.73,40.24765567765568,2025-12-29 02:51:07+00:00,0.26491092176607284,0,0
O1989,1.0,13,9,18.98,15.69,25.619999999999997,60.28999999999999,66.67621169835455,2025-12-29 20:26:19+00:00,0.31481174324100186,0,0
O1989,2.0,15,5,14.41,28.34,35.12,77.87,75.89238095238095,2025-12-29 20:57:36+00:00,0.18505200975985617,0,0
O1991,1.0,13,8,17.4,19.25,18.67,55.32,64.19881097738241,2025-12-29 23:08:35+00:00,0.3145336225596529,0,0
O1991,2.0,8,5,10.36,10.5,16.23,37.09,36.933036223036225,2025-12-29 23:35:09+00:00,0.2793205715826368,0,0
O1992,1.0,14,6,21.58,12.16,29.12,62.86,67.92988749345892,2025-12-30 00:08:12+00:00,0.3433025771555838,0,0
O1992,2.0,13,5,18.42,9.129999999999999,30.57,58.12,65.72873626373627,2025-12-30 00:36:09+00:00,0.3169304886441845,0,0
O1993,1.0,13,8,21.32,16.369999999999997,22.45,60.14,72.40772893772893,2025-12-30 01:01:31+00:00,0.3545061523112737,0,0
O1993,2.0,6,4,10.37,13.059999999999999,6.8,30.229999999999997,37.829344729344726,2025-12-30 01:31:18+00:00,0.3430367184915647,0,0
O1994,1.0,13,8,22.73,18.62,18.78,60.13,78.46741758241758,2025-12-30 01:51:42+00:00,0.37801430234491934,0,0
O1994,2.0,7,4,11.18,7.28,11.52,29.98,32.99357142857143,2025-12-30 02:21:31+00:00,0.37291527685123416,0,0
O1997,1.0,13,8,20.92,20.22,23.05,64.19,76.76957875457876,2025-12-30 04:34:44+00:00,0.3259074622215299,0,0
O1997,2.0,6,4,11.77,8.04,6.1,25.91,34.098992673992676,2025-12-30 05:05:02+00:00,0.45426476263990734,0,0
O1998,1.0,12,8,24.189999999999998,17.36,17.759999999999998,59.31,79.13124542124542,2025-12-30 05:21:26+00:00,0.4078570224245489,0,0
O1998,2.0,6,4,13.74,9.280000000000001,3.53,26.55,41.17858974358975,2025-12-30 05:52:26+00:00,0.5175141242937853,0,0
O2004,1.0,10,7,35.05,7.68,15.74,58.47,74.51701850780798,2025-12-31 01:35:22+00:00,0.599452710791859,0,0
O2010,1.0,13,8,19.94,20.03,20.79,60.760000000000005,70.56414849700565,2025-12-31 06:31:47+00:00,0.3281764318630678,1,137
O2010,2.0,9,8,8.14,14.74,9.83,32.71,42.093058608058605,2025-12-31 06:58:08+00:00,0.2488535616019566,0,0
O2017,1.0,13,8,18.67,19.799999999999997,18.8,57.27,71.11267980696552,2025-12-31 21:10:33+00:00,0.32599965077702114,0,0
O2017,2.0,9,6,10.65,14.42,14.23,39.3,42.79840048840049,2025-12-31 21:38:36+00:00,0.27099236641221375,0,0
O2030,1.0,16,10,13.82,17.09,34.95,65.86,60.57844876706946,2026-01-01 06:51:11+00:00,0.20983905253568175,0,0
O2030,2.0,13,4,6.6,18.13,31.080000000000002,55.81,47.68087912087912,2026-01-01 07:13:36+00:00,0.11825837663501164,0,0
O2040,1.0,13,8,12.04,18.52,20.79,51.35,54.09101132583891,2026-01-01 15:31:07+00:00,0.2344693281402142,0,0
O2040,2.0,9,7,13.84,17.5,10.399999999999999,41.74,51.41436711436712,2026-01-01 15:59:06+00:00,0.3315764254911356,1,198
O2041,1.0,13,8,14.780000000000001,19.47,20.33,54.58,59.86096880131363,2026-01-01 16:14:04+00:00,0.27079516306339324,0,0
O2041,2.0,9,6,13.82,13.55,7.18,34.55,47.44209198209198,2026-01-01 16:45:45+00:00,0.4,0,0
O2043,1.0,14,8,12.469999999999999,28.53,19.13,60.13,68.91518197202407,2026-01-01 17:04:58+00:00,0.20738400133045065,0,0
O2043,2.0,9,7,14.95,6.55,12.4,33.9,41.05242165242166,2026-01-01 18:14:08+00:00,0.4410029498525074,0,0
O2044,1.0,14,8,19.69,15.77,20.09,55.55,66.84570518175781,2026-01-01 18:42:51+00:00,0.3544554455445545,0,0
O2044,2.0,8,6,17.05,8.09,11.46,36.6,47.83282051282051,2026-01-01 19:12:12+00:00,0.46584699453551914,0,0
O2051,1.0,16,9,17.34,25.23,19.46,62.03,74.69930617141144,2026-01-02 02:06:12+00:00,0.2795421570207964,1,381
O2051,2.0,8,6,8.34,16.86,11.49,36.69,40.98714285714286,2026-01-02 02:36:13+00:00,0.22730989370400656,0,0
O2057,1.0,14,7,16.75,26.04,20.560000000000002,63.35,72.77091853565537,2026-01-02 07:15:20+00:00,0.2644041041831097,0,0
O2057,2.0,7,5,10.11,18.34,2.03,30.48,48.40194139194139,2026-01-02 07:46:12+00:00,0.33169291338582674,1,364
O2058,1.0,14,8,23.490000000000002,15.27,20.32,59.08,71.96122721333248,2026-01-02 08:21:04+00:00,0.3975964793500339,1,70
O2058,2.0,8,6,7.13,15.79,3.4499999999999997,26.369999999999997,38.38901098901099,2026-01-02 08:32:19+00:00,0.27038301099734546,0,0
O2059,1.0,14,7,16.0,25.779999999999998,20.59,62.37,72.90245132060922,2026-01-02 08:58:21+00:00,0.2565335898669232,0,0
O2059,2.0,7,5,8.26,17.41,4.1,29.77,41.038919413919416,2026-01-02 09:32:21+00:00,0.2774605307356399,1,16
O2060,1.0,14,6,16.05,29.240000000000002,18.119999999999997,63.41,73.2348987854251,2026-01-02 09:47:42+00:00,0.2531146506860117,1,132
O2060,2.0,8,7,10.620000000000001,15.33,2.26,28.21,43.60276353276353,2026-01-02 10:22:42+00:00,0.3764622474299894,0,0
O2061,1.0,11,5,24.65,14.39,12.99,52.03,75.67065934065934,2026-01-01 21:53:20+00:00,0.47376513549875066,0,0
O2061,2.0,8,5,19.25,9.34,9.42,38.01,49.00565934065934,2026-01-02 11:19:45+00:00,0.5064456721915286,0,0
O2065,1.0,14,8,14.52,21.67,18.759999999999998,54.95,62.758224682585585,2026-01-02 14:46:01+00:00,0.2642402183803457,1,35
O2065,2.0,6,4,8.84,16.02,5.94,30.8,39.254725274725274,2026-01-02 14:57:44+00:00,0.287012987012987,0,0
O2069,1.0,15,11,22.42,24.049999999999997,15.870000000000001,62.34,80.10730036630036,2026-01-02 20:58:57+00:00,0.3596406801411614,1,90
O2069,2.0,7,5,16.05,7.140000000000001,5.92,29.11,41.549615384615386,2026-01-02 21:31:14+00:00,0.5513569220199245,0,0
O2072,1.0,15,11,18.3,23.21,16.63,58.14,70.57179591836734,2026-01-02 23:20:08+00:00,0.31475748194014447,0,0
O2072,2.0,6,4,10.07,16.82,6.9,33.79,40.24276556776557,2026-01-02 23:48:47+00:00,0.2980171648416691,0,0
O2088,1.0,14,6,19.4,15.2,27.38,61.98,66.54952991452991,2026-01-03 12:10:19+00:00,0.31300419490158116,0,0
O2088,2.0,13,6,10.9,13.450000000000001,34.12,58.47,50.73569597069597,2026-01-03 12:32:49+00:00,0.18642038652300327,0,0
O2111,1.0,14,8,20.35,18.35,13.73,52.43,63.79780226797468,2026-01-04 06:35:21+00:00,0.38813656303642957,0,0
O2111,2.0,8,6,19.11,7.37,10.969999999999999,37.449999999999996,48.60124338624338,2026-01-04 07:03:04+00:00,0.5102803738317757,0,0
O2116,1.0,15,9,17.21,28.99,13.13,59.33,73.37193283089834,2026-01-04 11:10:00+00:00,0.29007247598179675,1,40
O2116,2.0,6,4,14.17,8.940000000000001,6.23,29.34,37.57178266178266,2026-01-04 11:35:53+00:00,0.4829584185412406,0,0
O2121,1.0,14,8,14.2,23.11,28.0,65.31,68.88867157209262,2026-01-04 14:55:41+00:00,0.2174245904149441,0,0
O2121,2.0,13,5,15.97,15.98,32.46,64.41,62.67769230769231,2026-01-04 15:28:48+00:00,0.24794286601459403,0,0
O2125,1.0,15,9,14.22,27.02,13.66,54.9,65.67382783882785,2026-01-04 18:21:05+00:00,0.25901639344262295,0,0
O2125,2.0,6,4,10.77,14.64,7.3,32.71,36.809432234432236,2026-01-04 18:53:41+00:00,0.32925710791806784,0,0
O2127,1.0,14,8,18.509999999999998,22.34,17.65,58.5,70.1265347985348,2026-01-04 19:53:15+00:00,0.3164102564102564,0,0
O2127,2.0,7,6,8.3,12.8,5.93,27.029999999999998,33.999377289377286,2026-01-04 20:24:41+00:00,0.3070662227155013,0,0
O2133,1.0,14,7,29.48,23.049999999999997,15.99,68.52,96.27423076923077,2026-01-05 00:41:19+00:00,0.43023934617629894,0,0
O2133,2.0,8,6,22.3,7.98,7.63,37.91,57.506113146113144,2026-01-05 01:09:33+00:00,0.5882352941176471,0,0
O2134,1.0,15,8,29.0,25.02,19.62,73.64,98.35785714285714,2026-01-05 01:31:11+00:00,0.39380771319934815,0,0
O2134,2.0,8,6,14.23,9.38,6.94,30.55,38.17309116809117,2026-01-05 02:00:18+00:00,0.4657937806873977,0,0
O2136,1.0,14,6,18.57,29.4,13.690000000000001,61.66,79.27734432234432,2026-01-05 03:04:06+00:00,0.3011676938047357,1,63
O2136,2.0,7,6,15.0,15.93,8.1,39.029999999999994,54.12514245014245,2026-01-05 03:28:24+00:00,0.38431975403535745,0,0
O2139,1.0,15,7,22.65,21.83,21.25,65.73,80.38185795685796,2026-01-05 05:27:54+00:00,0.344591510725696,1,94
O2139,2.0,7,6,18.13,10.79,4.87,33.79,49.947407407407404,2026-01-05 06:00:27+00:00,0.5365492749334122,0,0
O2141,1.0,15,7,26.6,26.4,15.32,68.32,90.30743996743996,2026-01-05 06:14:56+00:00,0.389344262295082,0,0
O2141,2.0,7,4,14.48,15.32,9.36,39.16,53.43923076923077,2026-01-05 07:27:00+00:00,0.3697650663942799,0,0
O2144,1.0,14,7,24.08,19.07,19.53,62.68,75.49723036223037,2026-01-05 09:21:05+00:00,0.38417358008934266,0,0
O2144,2.0,13,5,19.72,7.75,31.099999999999998,58.57,60.58315018315018,2026-01-05 09:53:58+00:00,0.33669113880826357,0,0
O2158,1.0,15,10,13.61,22.95,15.81,52.37,61.95427088784231,2026-01-06 00:02:23+00:00,0.2598816116097002,1,269
O2158,2.0,8,6,12.7,12.57,12.24,37.51,47.207218152218154,2026-01-06 00:36:01+00:00,0.3385763796320981,0,0
O2160,1.0,15,11,20.71,20.009999999999998,18.06,58.78,74.64268678411536,2026-01-06 01:46:46+00:00,0.3523307247363049,1,121
O2160,2.0,9,6,10.6,19.01,11.35,40.96,52.97274114774115,2026-01-06 02:20:08+00:00,0.2587890625,0,0
O2162,1.0,15,10,17.22,18.83,21.380000000000003,57.43,68.55074539217397,2026-01-06 03:32:28+00:00,0.2998432874804109,0,0
O2162,2.0,10,5,10.78,14.83,14.260000000000002,39.870000000000005,47.09371794871795,2026-01-06 04:04:17+00:00,0.2703787308753448,0,0
O2165,1.0,15,10,19.520000000000003,18.63,23.33,61.48,71.74638641781499,2026-01-06 05:50:46+00:00,0.317501626545218,1,62
O2165,2.0,8,6,15.48,10.149999999999999,4.81,30.44,46.6742735042735,2026-01-06 06:26:52+00:00,0.5085413929040736,0,0
O2172,1.0,15,10,18.47,20.92,16.35,55.739999999999995,71.72609105180534,2026-01-06 11:43:37+00:00,0.3313598851811984,0,0
O2172,2.0,8,5,12.29,11.06,10.97,34.32,44.05816239316239,2026-01-06 12:16:29+00:00,0.3581002331002331,0,0
O2177,1.0,16,10,20.51,26.97,16.740000000000002,64.22,81.69711582068724,2026-01-06 21:15:47+00:00,0.31937091248832145,1,502
O2177,2.0,8,6,7.2,14.42,3.97,25.59,36.77580586080586,2026-01-06 21:43:25+00:00,0.2813599062133646,0,0
O2187,1.0,15,11,19.89,21.77,15.66,57.32,74.08425664282807,2026-01-07 05:40:59+00:00,0.3469993021632938,1,157
O2187,2.0,8,5,19.669999999999998,9.83,6.22,35.72,53.640986975986976,2026-01-07 06:12:42+00:00,0.5506718924972004,0,0
O2189,1.0,15,10,18.72,18.24,17.770000000000003,54.730000000000004,67.19784842141985,2026-01-07 07:11:32+00:00,0.342042755344418,1,298
O2189,2.0,8,6,10.27,9.59,5.92,25.78,36.36011599511599,2026-01-07 07:43:01+00:00,0.39837083010085333,0,0
O2191,1.0,15,10,17.97,19.22,19.14,56.33,65.93703442060585,2026-01-07 08:56:05+00:00,0.31901295934670687,0,0
O2191,2.0,8,6,13.370000000000001,11.71,8.719999999999999,33.8,45.53091371591371,2026-01-07 09:26:58+00:00,0.39556213017751485,1,56
O2195,1.0,14,9,24.29,15.229999999999999,17.61,57.129999999999995,78.19052904238619,2026-01-07 12:12:46+00:00,0.42517066339926485,0,0
O2195,2.0,8,6,13.4,6.22,7.029999999999999,26.650000000000002,35.987065527065525,2026-01-07 12:42:55+00:00,0.5028142589118199,0,0
O2198,1.0,14,8,26.56,6.720000000000001,28.69,61.97,74.27007064364207,2026-01-07 14:30:46+00:00,0.4285944812005809,0,0
O2198,2.0,13,5,18.78,6.71,32.78,58.27,59.390677655677656,2026-01-07 15:03:35+00:00,0.3222927750128711,0,0
O2231,1.0,14,9,17.73,21.47,17.88,57.08,70.20434589220304,2026-01-09 00:10:46+00:00,0.31061667834618084,1,92
O2231,2.0,7,6,10.27,12.33,6.92,29.52,38.87946886446886,2026-01-09 00:41:46+00:00,0.34789972899728994,0,0
O2232,1.0,14,9,20.75,16.810000000000002,19.79,57.35,69.32071486714344,2026-01-09 00:58:16+00:00,0.3618134263295554,1,113
O2232,2.0,8,5,19.57,7.1,6.779999999999999,33.449999999999996,50.122230362230354,2026-01-09 01:31:39+00:00,0.585052316890882,0,0
O2245,1.0,17,8,14.66,23.509999999999998,13.24,51.410000000000004,66.33593668236526,2026-01-09 11:40:30+00:00,0.2851585294689749,1,157
O2245,2.0,7,5,13.7,12.39,6.32,32.410000000000004,48.711062271062275,2026-01-09 12:14:22+00:00,0.4227090404196235,0,0
O2249,1.0,18,9,23.54,23.79,27.67,75.0,93.38858567358567,2026-01-09 14:53:21+00:00,0.3138666666666667,0,0
O2249,2.0,13,7,12.100000000000001,16.79,34.28,63.17,59.76430402930403,2026-01-09 15:15:49+00:00,0.19154662023112237,0,0
O2259,1.0,15,6,21.669999999999998,17.03,29.12,67.82,76.72047415547415,2026-01-10 05:11:53+00:00,0.3195222648186376,0,0
O2259,2.0,13,5,10.01,13.58,30.189999999999998,53.78,47.6770695970696,2026-01-10 05:44:18+00:00,0.18612867236891037,0,0
O2264,1.0,14,5,19.32,13.39,27.189999999999998,59.9,68.06015873015873,2026-01-10 09:52:19+00:00,0.3225375626043406,0,0
O2264,2.0,15,5,11.51,19.79,33.67,64.97,62.49961538461538,2026-01-10 09:44:26+00:00,0.17715868862551948,0,0
O2282,1.0,14,7,21.02,16.47,28.25,65.74,71.68016018373162,2026-01-11 00:34:30+00:00,0.31974444782476424,0,0
O2282,2.0,13,5,9.739999999999998,14.18,31.700000000000003,55.620000000000005,50.30924908424908,2026-01-11 01:01:40+00:00,0.17511686443725274,0,0
O2293,1.0,14,6,20.9,14.75,27.28,62.93,68.55687627187626,2026-01-11 10:35:38+00:00,0.3321150484665501,0,0
O2293,2.0,13,5,6.52,15.04,32.7,54.26,42.698901098901096,2026-01-11 11:00:40+00:00,0.12016218208625137,0,0
O2294,1.0,14,7,13.54,20.86,26.83,61.230000000000004,61.93044159544159,2026-01-11 11:23:36+00:00,0.2211334313245141,0,0
O2294,2.0,13,5,9.07,16.53,33.31,58.910000000000004,48.763772893772895,2026-01-11 11:52:10+00:00,0.15396367340010184,0,0
O2296,1.0,16,8,19.799999999999997,18.669999999999998,24.27,62.739999999999995,73.18706328154605,2026-01-11 13:05:39+00:00,0.31558814153649983,0,0
O2296,2.0,13,4,11.61,18.14,26.35,56.1,55.7731684981685,2026-01-11 13:43:19+00:00,0.206951871657754,1,63
O2299,1.0,15,7,14.64,16.68,28.39,59.71,59.44277370777371,2026-01-11 15:42:03+00:00,0.24518506112878916,0,0
O2299,2.0,13,5,10.56,20.689999999999998,30.08,61.33,56.198095238095235,2026-01-11 16:13:30+00:00,0.17218327082993642,0,0
O2302,1.0,16,10,14.49,26.13,24.65,65.27,70.69838406360729,2026-01-11 18:52:58+00:00,0.22200091925846485,0,0
O2302,2.0,8,4,5.14,20.92,11.120000000000001,37.18,42.484688644688646,2026-01-11 19:23:29+00:00,0.13824636901559978,0,0
O2308,1.0,14,9,20.78,13.89,20.81,55.48,65.37779120879121,2026-01-11 23:47:43+00:00,0.37454938716654657,0,0
O2308,2.0,7,5,10.43,16.0,5.7,32.13,42.58787138787139,2026-01-12 00:30:36+00:00,0.32461873638344224,1,134
O2311,1.0,14,8,21.93,16.11,20.63,58.67,73.76095970695971,2026-01-12 02:26:52+00:00,0.373785580364752,0,0
O2311,2.0,9,5,8.18,17.82,11.05,37.05,45.670695970695974,2026-01-12 02:57:06+00:00,0.22078272604588395,1,85
O2322,1.0,14,7,19.65,12.559999999999999,30.64,62.85,65.21477237048666,2026-01-12 11:50:59+00:00,0.3126491646778043,0,0
O2322,2.0,13,5,15.73,11.93,29.78,57.44,56.90084249084249,2026-01-12 12:20:50+00:00,0.27385097493036215,0,0
O2338,1.0,15,8,19.9,18.41,27.48,65.79,73.37135007849294,2026-01-13 03:42:23+00:00,0.3024775801793585,0,0
O2338,2.0,15,5,12.08,25.39,35.2,72.67,70.80531135531136,2026-01-13 03:17:00+00:00,0.16623090683913583,0,0
O2341,1.0,14,5,11.05,23.169999999999998,29.87,64.09,59.47315018315018,2026-01-13 06:13:23+00:00,0.1724137931034483,0,0
O2341,2.0,13,5,10.15,14.16,31.84,56.15,47.82899267399267,2026-01-13 06:44:15+00:00,0.18076580587711488,0,0
O2342,1.0,14,6,17.4,17.8,30.4,65.6,69.21959706959707,2026-01-13 07:35:06+00:00,0.2652439024390244,0,0
O2342,2.0,13,5,18.12,8.89,32.07,59.08,58.583681318681315,2026-01-13 07:37:12+00:00,0.3067027758970887,1,130
O2344,1.0,16,9,17.509999999999998,18.39,19.21,55.11,58.64522420108627,2026-01-13 09:03:54+00:00,0.31772818000362907,0,0
O2344,2.0,7,5,11.16,18.47,5.84,35.47,43.52514652014652,2026-01-13 08:42:31+00:00,0.3146320834508035,0,0
O2351,1.0,13,7,18.439999999999998,19.439999999999998,23.7,61.58,72.82284144427001,2026-01-13 14:45:07+00:00,0.299447872685937,0,0
O2351,2.0,15,5,9.0,20.04,32.94,61.98,58.152527472527474,2026-01-13 15:14:56+00:00,0.14520813165537272,0,0
O2361,1.0,12,6,15.47,18.41,24.51,58.39,60.40965463108321,2026-01-14 01:32:41+00:00,0.2649426271621853,0,0
O2361,2.0,13,5,15.11,13.059999999999999,33.07,61.24,58.21976190476191,2026-01-14 01:59:42+00:00,0.24673416067929457,0,0
O2364,1.0,13,7,13.41,24.63,18.240000000000002,56.28,64.21731030873889,2026-01-14 04:02:26+00:00,0.23827292110874201,0,0
O2364,2.0,7,5,2.62,25.99,4.8,33.41,43.23186813186813,2026-01-14 04:34:42+00:00,0.07841963483986832,0,0
O2382,1.0,14,6,10.25,24.55,27.73,62.53,60.54003663003663,2026-01-14 22:12:28+00:00,0.1639213177674716,0,0
O2382,2.0,13,5,13.370000000000001,12.03,32.480000000000004,57.88,52.10908424908425,2026-01-14 22:42:13+00:00,0.2309951624049758,0,0
O2383,1.0,14,7,13.6,15.54,32.01,61.15,54.6685754985755,2026-01-14 23:01:03+00:00,0.2224039247751431,0,0
O2383,2.0,13,5,9.98,15.44,33.62,59.04,51.91106227106227,2026-01-14 23:30:34+00:00,0.1690379403794038,0,0
O2386,1.0,13,9,15.92,16.04,19.79,51.75,60.7549136577708,2026-01-15 01:39:10+00:00,0.3076328502415459,0,0
O2386,2.0,8,5,5.74,21.619999999999997,9.43,36.79,42.98307692307692,2026-01-15 02:06:42+00:00,0.15602065778744226,0,0
O2388,1.0,13,9,10.370000000000001,24.74,17.98,53.09,58.29430926216641,2026-01-15 03:14:57+00:00,0.1953286871350537,0,0
O2388,2.0,7,5,4.59,22.45,5.03,32.07,37.83637362637363,2026-01-15 03:44:27+00:00,0.1431244153414406,0,0
O2392,1.0,13,8,16.62,25.17,13.219999999999999,55.01,73.17831501831502,2026-01-15 06:20:45+00:00,0.3021268860207235,0,0
O2392,2.0,7,5,5.39,19.1,5.76,30.25,37.04435897435897,2026-01-15 06:55:33+00:00,0.17818181818181816,0,0
O2394,1.0,15,9,15.06,28.42,21.87,65.35,71.83612768184197,2026-01-15 08:03:36+00:00,0.23045141545524103,0,0
O2394,2.0,13,5,13.030000000000001,13.55,28.64,55.22,52.65875457875458,2026-01-15 08:46:32+00:00,0.23596522998913438,0,0
O2395,1.0,13,6,14.34,30.31,12.2,56.85,73.99947671376242,2026-01-15 09:07:59+00:00,0.25224274406332453,0,0
O2395,2.0,7,5,2.98,24.009999999999998,9.8,36.79,41.148168498168495,2026-01-15 22:41:14+00:00,0.08100027181299266,0,0
O2404,1.0,13,10,26.8,16.42,19.16,62.38,80.59699720914006,2026-01-16 07:05:56+00:00,0.42962487976915675,1,191
O2404,2.0,7,7,10.059999999999999,14.850000000000001,2.95,27.86,45.522893772893774,2026-01-16 07:38:42+00:00,0.36109117013639624,0,0
O2410,1.0,13,9,17.66,18.64,20.09,56.39,67.90270451770452,2026-01-16 12:14:57+00:00,0.31317609505231425,0,0
O2410,2.0,7,5,3.8,26.7,3.2,33.7,44.68113553113553,2026-01-16 13:01:17+00:00,0.11275964391691393,0,0
O2526,1.0,10,7,31.95,12.370000000000001,2.59,46.91,79.14862637362637,2026-01-20 21:47:09+00:00,0.681091451716052,1,489
O2536,1.0,14,8,31.74,10.780000000000001,14.100000000000001,56.62,86.30778987150416,2026-01-21 05:58:41+00:00,0.5605793006004945,0,0
O2536,2.0,7,7,11.43,21.0,5.09,37.519999999999996,55.90639397639397,2026-01-21 06:30:06+00:00,0.30463752665245203,1,368
O2537,1.0,14,10,24.25,11.370000000000001,19.47,55.09,69.81668608640037,2026-01-21 06:52:06+00:00,0.4401887819931022,0,0
O2537,2.0,8,7,15.7,10.41,1.79,27.9,51.47574684574685,2026-01-21 07:42:18+00:00,0.5627240143369175,1,416
O2539,1.0,15,9,32.62,14.19,13.73,60.54,89.35678754578754,2026-01-21 09:33:19+00:00,0.538817310868847,0,0
O2539,2.0,7,7,8.43,13.89,1.77,24.09,37.87334350834351,2026-01-21 10:01:24+00:00,0.34993773349937735,1,383
O2550,1.0,12,6,21.08,11.55,27.3,59.93,63.789795918367346,2026-01-21 22:06:35+00:00,0.3517437009844819,0,0
O2550,2.0,14,5,21.71,6.91,35.53,64.15,66.44141025641025,2026-01-21 22:18:34+00:00,0.3384255650818394,0,0
O2555,1.0,13,7,25.54,9.969999999999999,17.39,52.9,71.25169544740973,2026-01-22 02:18:23+00:00,0.48279773156899813,0,0
O2555,2.0,7,5,12.100000000000001,9.45,9.82,31.369999999999997,37.09595238095238,2026-01-22 02:50:31+00:00,0.3857188396557221,1,100
O2559,1.0,13,7,26.41,10.239999999999998,17.75,54.4,72.15069858712715,2026-01-22 05:30:05+00:00,0.4854779411764706,0,0
O2559,2.0,7,5,14.73,5.09,8.6,28.419999999999998,43.963095238095235,2026-01-22 05:53:43+00:00,0.5182969739619986,0,0
O2563,1.0,13,8,17.830000000000002,17.87,24.82,60.52,65.30434589220303,2026-01-22 08:42:02+00:00,0.2946133509583609,0,0
O2563,2.0,15,4,22.2,9.39,36.92,68.51,67.48523809523809,2026-01-22 09:10:07+00:00,0.32404028608962193,0,0
O2570,1.0,14,8,14.43,25.02,24.79,64.24,69.76375912308244,2026-01-22 14:40:17+00:00,0.22462640099626402,0,0
O2570,2.0,13,5,15.690000000000001,15.54,30.08,61.31,60.31842490842491,2026-01-22 15:15:18+00:00,0.2559125754363073,0,0
O2574,1.0,14,10,11.09,29.58,14.61,55.28,63.126944442597804,2026-01-22 21:05:58+00:00,0.2006150506512301,0,0
O2574,2.0,7,5,2.59,22.77,2.3,27.66,38.63717948717949,2026-01-22 21:34:15+00:00,0.09363702096890816,0,0
O2575,1.0,14,9,6.960000000000001,34.47,14.68,56.11,66.1589836993013,2026-01-22 21:49:56+00:00,0.12404206023881663,0,0
O2575,2.0,7,5,6.33,18.94,4.49,29.76,40.60920227920228,2026-01-22 22:18:40+00:00,0.21270161290322578,0,0
O2577,1.0,16,9,14.61,29.060000000000002,23.185000000000002,66.855,76.61343569546577,2026-01-22 23:27:34+00:00,0.21853264527709218,0,0
O2577,2.0,7,5,6.03,20.7,2.39,29.12,42.234884004884,2026-01-22 23:53:58+00:00,0.20707417582417584,0,0
O2579,1.0,14,8,11.58,38.5,20.22,70.3,80.93501583629403,2026-01-23 00:57:42+00:00,0.1647226173541963,0,0
O2579,2.0,13,5,11.63,13.73,29.27,54.63,50.26188644688645,2026-01-23 01:31:21+00:00,0.21288669229361157,0,0
O2581,1.0,14,9,15.58,28.509999999999998,14.81,58.9,74.612958097319,2026-01-23 02:37:10+00:00,0.2645161290322581,0,0
O2581,2.0,7,5,6.48,16.869999999999997,2.78,26.13,37.32707366707366,2026-01-23 03:05:00+00:00,0.2479908151549943,0,0
O2585,1.0,17,9,19.36,21.21,21.869999999999997,62.44,78.89568633121264,2026-01-23 05:39:47+00:00,0.31005765534913515,0,0
O2585,2.0,13,5,16.0,16.0,24.0,56.0,61.13186813186813,2026-01-23 05:58:11+00:00,0.2857142857142857,0,0
O2587,1.0,14,9,13.2,34.66,19.82,67.68,79.9842929937576,2026-01-23 07:22:56+00:00,0.19503546099290778,0,0
O2587,2.0,7,5,9.02,12.1,5.57,26.69,37.799696784696785,2026-01-23 07:54:36+00:00,0.33795428999625327,0,0
O2588,1.0,15,10,10.77,29.529999999999998,18.400000000000002,58.7,65.144148903795,2026-01-23 08:18:16+00:00,0.18347529812606472,0,0
O2588,2.0,7,5,7.3,17.990000000000002,5.43,30.72,41.405441595441594,2026-01-23 08:54:53+00:00,0.23763020833333334,0,0
O2589,1.0,14,9,17.4,23.220000000000002,15.77,56.39,69.05745661467466,2026-01-23 09:06:25+00:00,0.30856534846604006,0,0
O2589,2.0,7,4,6.38,16.86,5.43,28.669999999999998,37.5103663003663,2026-01-23 09:31:48+00:00,0.22253226369026857,0,0
O2591,1.0,14,6,10.27,25.28,32.3,67.85,61.61776556776557,2026-01-23 10:34:31+00:00,0.1513633014001474,0,0
O2591,2.0,13,5,10.54,15.379999999999999,32.26,58.18,54.01899267399267,2026-01-23 11:02:09+00:00,0.18116191130972842,0,0
O2592,1.0,15,11,10.370000000000001,25.9,17.43,53.699999999999996,57.89248857744969,2026-01-23 11:26:37+00:00,0.19310986964618254,0,0
O2592,2.0,7,6,9.85,16.53,6.0,32.38,43.85775335775335,2026-01-23 12:00:57+00:00,0.30420012353304504,0,0
O2593,1.0,15,9,13.4,33.39,14.675,61.465,75.93238574363153,2026-01-23 12:22:08+00:00,0.21801024973562189,1,197
O2593,2.0,7,6,11.63,11.68,4.64,27.95,40.52375457875458,2026-01-23 12:34:36+00:00,0.4161001788908766,1,1047
O2606,1.0,14,6,14.309999999999999,24.57,33.26,72.14,70.45386243386244,2026-01-24 01:56:39+00:00,0.19836429165511504,0,0
O2606,2.0,13,6,16.77,13.83,34.4,65.0,60.715934065934064,2026-01-24 02:29:43+00:00,0.258,0,0
O2612,1.0,14,7,14.700000000000001,17.79,34.22,66.71,65.55172161172162,2026-01-24 06:51:54+00:00,0.22035676810073457,0,0
O2612,2.0,13,5,15.0,13.85,35.75,64.6,58.37628205128205,2026-01-24 07:22:08+00:00,0.2321981424148607,0,0
O2616,1.0,14,7,19.4,21.45,27.869999999999997,68.72,74.02503256003256,2026-01-24 10:10:04+00:00,0.28230500582072177,0,0
O2616,2.0,13,6,14.3,15.74,32.29,62.33,59.57250101750102,2026-01-24 10:34:47+00:00,0.2294240333707685,0,0
O2618,1.0,14,7,17.95,24.22,34.25,76.42,79.0793549043549,2026-01-24 11:52:30+00:00,0.23488615545668673,0,0
O2618,2.0,13,6,17.16,7.0200000000000005,31.9,56.08,51.54530932030932,2026-01-24 12:21:07+00:00,0.30599144079885876,0,0
O2621,1.0,15,11,25.82,17.11,19.19,62.12,85.93190523622854,2026-01-24 14:32:28+00:00,0.4156471345782357,0,0
O2621,2.0,7,6,8.57,19.509999999999998,3.78,31.86,47.79258038258038,2026-01-24 15:03:12+00:00,0.26898932831136224,0,0
O2624,1.0,14,10,22.41,19.88,25.64,67.92999999999999,84.80548095819525,2026-01-24 17:35:15+00:00,0.3298984248491094,0,0
O2624,2.0,13,6,16.14,11.71,28.9,56.75,54.270095645095644,2026-01-24 18:11:14+00:00,0.28440528634361234,0,0
O2626,1.0,15,10,14.24,30.79,18.669999999999998,63.7,78.03484411578397,2026-01-24 19:24:27+00:00,0.22354788069073783,0,0
O2626,2.0,7,6,6.449999999999999,16.509999999999998,5.81,28.77,37.12915750915751,2026-01-24 19:53:10+00:00,0.22419186652763293,0,0
O2627,1.0,14,9,13.899999999999999,22.16,28.72,64.78,67.40349114544603,2026-01-24 20:11:02+00:00,0.21457239888854582,0,0
O2627,2.0,13,6,17.05,14.11,34.83,65.99,64.61820105820105,2026-01-24 20:40:22+00:00,0.2583724806788908,0,0
O2629,1.0,13,9,19.75,18.880000000000003,28.42,67.05,79.11708391858768,2026-01-24 21:49:35+00:00,0.29455630126771065,0,0
O2629,2.0,13,6,15.41,11.66,31.14,58.21,57.941538461538464,2026-01-24 22:19:30+00:00,0.2647311458512283,0,0
O2633,1.0,15,9,19.96,16.57,26.37,62.9,69.55425431711146,2026-01-25 01:14:09+00:00,0.31732909379968205,0,0
O2633,2.0,13,6,13.25,22.16,29.87,65.28,63.450846560846564,2026-01-25 01:43:44+00:00,0.2029718137254902,0,0
O2638,1.0,15,9,11.67,26.959999999999997,30.82,69.45,71.97033283758849,2026-01-25 05:12:49+00:00,0.16803455723542116,0,0
O2638,2.0,13,5,11.399999999999999,23.080000000000002,34.31,68.79,62.00260073260073,2026-01-25 05:44:40+00:00,0.16572176188399473,0,0
O2644,1.0,13,9,14.49,24.53,31.759999999999998,70.78,72.48361122586687,2026-01-25 10:51:48+00:00,0.20471884713195818,0,0
O2644,2.0,13,6,12.889999999999999,11.01,30.48,54.379999999999995,47.553772893772894,2026-01-25 11:19:22+00:00,0.23703567488047075,0,0
O2645,1.0,13,8,12.95,24.16,31.77,68.88,65.23314219614971,2026-01-25 11:38:20+00:00,0.18800813008130082,0,0
O2645,2.0,13,6,11.93,16.08,33.06,61.07,53.551786731786734,2026-01-25 12:10:54+00:00,0.19534959882102504,0,0
O2646,1.0,14,9,11.41,24.71,33.44,69.56,67.60778666161426,2026-01-25 12:31:17+00:00,0.16403105232892468,0,0
O2646,2.0,13,6,8.34,21.68,34.22,64.24,52.76042124542125,2026-01-25 12:55:48+00:00,0.12982565379825656,0,0
O2647,1.0,15,11,13.65,34.76,20.959999999999997,69.37,79.11835699844956,2026-01-25 13:25:11+00:00,0.19677093844601412,0,0
O2647,2.0,8,6,13.29,5.48,6.96,25.73,36.42206552706553,2026-01-25 13:53:03+00:00,0.5165176836377768,0,0
O2649,1.0,14,9,20.36,15.08,34.14,69.58,72.59110634339206,2026-01-25 15:12:14+00:00,0.2926128197757976,0,0
O2649,2.0,13,5,6.83,20.57,28.34,55.74,47.022490842490846,2026-01-25 15:41:09+00:00,0.12253318980983136,0,0
O2652,1.0,14,9,16.29,23.66,25.02,64.97,72.39994133685863,2026-01-25 17:49:15+00:00,0.25073110666461446,0,0
O2652,2.0,13,4,8.79,19.85,31.59,60.230000000000004,53.33769230769231,2026-01-25 18:16:29+00:00,0.14594056118213514,0,0
O2654,1.0,15,11,22.12,17.39,22.52,62.03,79.37792068082294,2026-01-25 19:30:26+00:00,0.3566016443656295,1,357
O2654,2.0,7,5,10.030000000000001,12.15,6.12,28.3,32.04357142857143,2026-01-25 20:05:41+00:00,0.35441696113074206,0,0
O2655,1.0,15,9,13.46,23.51,19.93,56.9,60.215696655431685,2026-01-25 20:22:30+00:00,0.2365553602811951,0,0
O2655,2.0,8,5,15.42,12.18,7.92,35.52,47.14833333333333,2026-01-25 20:58:39+00:00,0.4341216216216216,0,0
O2659,1.0,16,9,11.21,22.19,19.83,53.23,55.3771082946092,2026-01-26 01:43:54+00:00,0.21059552883712196,0,0
O2659,2.0,7,5,10.030000000000001,16.3,8.22,34.550000000000004,42.3400814000814,2026-01-26 02:18:53+00:00,0.2903039073806078,0,0
O2666,1.0,15,8,13.21,26.04,23.720000000000002,62.97,65.95974196174197,2026-01-26 07:12:57+00:00,0.20978243608067335,0,0
O2666,2.0,8,6,7.08,13.379999999999999,2.27,22.73,35.06006512006512,2026-01-26 07:45:45+00:00,0.31148262208534977,1,70
O2669,1.0,17,12,17.299999999999997,25.759999999999998,26.34,69.4,80.06615385227414,2026-01-26 09:44:45+00:00,0.24927953890489907,0,0
O2669,2.0,13,6,8.65,16.16,34.38,59.19,46.878681318681316,2026-01-26 10:16:02+00:00,0.1461395505997635,0,0
O2671,1.0,14,10,13.790000000000001,23.08,30.68,67.55,68.61054598033546,2026-01-26 11:32:38+00:00,0.20414507772020726,0,0
O2671,2.0,13,6,12.139999999999999,16.05,30.07,58.26,52.36199837199837,2026-01-26 12:00:49+00:00,0.20837624442155853,0,0
O2683,1.0,16,12,15.89,24.23,25.66,65.78,76.2433490686423,2026-01-27 00:18:32+00:00,0.24156278504104592,0,0
O2683,2.0,9,6,10.08,12.62,12.9,35.6,43.83244810744811,2026-01-27 00:46:17+00:00,0.28314606741573034,0,0
O2685,1.0,17,12,13.45,22.36,31.55,67.36,68.36582542130662,2026-01-27 01:53:16+00:00,0.1996733966745843,0,0
O2685,2.0,13,6,11.71,13.99,32.1,57.8,49.02787952787953,2026-01-27 02:26:05+00:00,0.20259515570934258,0,0
O2688,1.0,17,11,13.42,21.19,29.880000000000003,64.49000000000001,66.22904546775976,2026-01-27 04:30:51+00:00,0.20809427818266396,0,0
O2688,2.0,14,4,6.25,21.12,36.86,64.23,52.62402930402931,2026-01-27 04:48:13+00:00,0.0973065545695158,0,0
O2689,1.0,17,11,21.2,20.509999999999998,25.06,66.77,77.04006018403763,2026-01-27 05:21:32+00:00,0.31750786281264043,0,0
O2689,2.0,7,5,15.48,16.84,7.18,39.5,54.52849816849817,2026-01-27 05:49:17+00:00,0.3918987341772152,0,0
O2693,1.0,15,10,19.79,11.29,36.75,67.83,68.16464881679167,2026-01-27 08:35:57+00:00,0.29175880878667254,0,0
O2693,2.0,13,6,10.15,16.59,35.269999999999996,62.01,52.34677655677656,2026-01-27 09:07:51+00:00,0.16368327689082407,0,0
O2695,1.0,15,9,14.59,17.57,32.24,64.4,65.55009171279848,2026-01-27 10:23:29+00:00,0.22655279503105588,0,0
O2695,2.0,13,5,9.629999999999999,16.79,33.5,59.92,50.532600732600734,2026-01-27 10:55:45+00:00,0.1607142857142857,0,0
O2696,1.0,15,12,19.700000000000003,19.14,20.72,59.56,72.8419551136694,2026-01-27 11:17:40+00:00,0.3307588985896575,0,0
O2696,2.0,7,5,10.17,18.21,4.31,32.69,50.06633699633699,2026-01-27 11:43:11+00:00,0.31110431324564086,1,365
O2698,1.0,15,11,17.34,13.3,37.72,68.36,67.06341159369731,2026-01-27 12:57:08+00:00,0.25365710942071384,0,0
O2698,2.0,13,6,13.99,9.81,36.66,60.46,49.18605616605617,2026-01-27 13:28:27+00:00,0.23139265630168707,0,0
O2699,1.0,15,12,17.0,21.37,25.63,64.0,71.56476359090645,2026-01-27 13:45:21+00:00,0.265625,0,0
O2699,2.0,7,6,11.540000000000001,13.969999999999999,4.78,30.29,46.772413512413515,2026-01-27 14:21:01+00:00,0.38098382304390893,1,65
O2700,1.0,15,11,15.57,16.18,30.32,62.07,65.0248367928368,2026-01-27 14:39:44+00:00,0.2508458192363461,0,0
O2700,2.0,14,6,11.45,18.33,33.06,62.84,58.06862637362637,2026-01-27 15:12:09+00:00,0.18220878421387648,0,0
O2704,1.0,15,10,17.47,27.95,24.04,69.46,85.49783464154892,2026-01-27 20:58:59+00:00,0.25151166138784914,1,641
O2704,2.0,7,5,8.22,18.76,7.77,34.75,47.36225274725275,2026-01-27 21:30:34+00:00,0.23654676258992807,0,0
O2706,1.0,16,11,18.95,17.32,32.47,68.74,76.20603192046049,2026-01-27 22:40:25+00:00,0.27567646203084084,0,0
O2706,2.0,13,5,9.379999999999999,20.68,31.1,61.16,55.17545787545788,2026-01-27 23:12:14+00:00,0.15336821451929364,0,0
O2709,1.0,16,9,17.28,18.83,30.52,66.63,74.3953830455259,2026-01-28 01:12:37+00:00,0.2593426384511482,0,0
O2709,2.0,16,7,14.71,17.27,28.18,60.16,60.09889906389906,2026-01-28 01:43:56+00:00,0.2445146276595745,0,0
O2710,1.0,15,10,18.63,14.14,32.39,65.16,69.41812634455492,2026-01-28 02:10:07+00:00,0.28591160220994477,0,0
O2710,2.0,14,5,11.399999999999999,20.66,29.59,61.65,59.521849816849816,2026-01-28 02:36:57+00:00,0.1849148418491484,0,0
O2711,1.0,15,9,18.92,15.38,26.669999999999998,60.97,64.9305808477237,2026-01-28 03:02:50+00:00,0.3103165491225193,0,0
O2711,2.0,15,6,20.37,10.64,34.64,65.65,62.66315018315019,2026-01-28 03:15:49+00:00,0.31028179741051026,0,0
O2715,1.0,15,9,15.33,22.2,30.72,68.25,73.8205363683935,2026-01-28 06:45:55+00:00,0.2246153846153846,0,0
O2715,2.0,13,4,8.52,17.619999999999997,31.57,57.71,49.05630036630037,2026-01-28 07:14:02+00:00,0.1476347253508924,0,0
O2722,1.0,15,10,13.9,15.89,32.38,62.17,62.5664442700157,2026-01-28 14:20:41+00:00,0.22358050506675245,0,0
O2722,2.0,13,5,8.29,24.17,39.91,72.37,61.35937728937729,2026-01-28 14:57:04+00:00,0.11455022799502554,0,0
O2728,1.0,15,11,15.59,17.52,30.650000000000002,63.76,67.19707116692831,2026-01-28 21:45:22+00:00,0.24451066499372648,0,0
O2728,2.0,13,6,12.21,16.81,36.61,65.63,56.36255189255189,2026-01-28 22:13:17+00:00,0.18604296815480728,0,0
O2729,1.0,15,12,17.36,16.5,26.27,60.13,65.61965550322692,2026-01-28 22:38:26+00:00,0.2887077997671711,0,0
O2729,2.0,14,6,12.9,24.81,28.41,66.12,66.75457468457468,2026-01-28 23:08:36+00:00,0.19509981851179672,0,0
O2732,1.0,15,10,15.59,22.51,21.12,59.22,66.66912076283505,2026-01-29 02:08:57+00:00,0.26325565687267816,0,0
O2732,2.0,7,5,7.09,20.41,7.25,34.75,45.02037037037037,2026-01-29 02:33:39+00:00,0.20402877697841726,0,0
O2738,1.0,13,9,24.96,16.38,19.419999999999998,60.76,69.46965640744952,2026-01-29 05:17:54+00:00,0.41079657669519426,0,0
O2738,2.0,7,5,25.919999999999998,2.93,5.75,34.6,56.63981481481481,2026-01-29 05:48:17+00:00,0.7491329479768786,1,66
O2749,1.0,10,6,40.46,9.0,3.18,52.64,88.60518053375196,2026-01-29 16:00:33+00:00,0.7686170212765957,0,0
O2755,1.0,13,9,26.9,14.08,24.1,65.08,77.98535403221118,2026-01-29 23:00:40+00:00,0.4133374308543331,0,0
O2755,2.0,7,6,13.32,10.32,1.9,25.54,41.32639397639397,2026-01-29 23:33:33+00:00,0.5215348472983555,1,145
O2758,1.0,17,10,19.009999999999998,23.009999999999998,30.53,72.55,73.36661957090529,2026-01-30 01:32:59+00:00,0.262026188835286,0,0
O2758,2.0,13,4,9.11,18.44,30.29,57.84,51.48018315018315,2026-01-30 02:06:15+00:00,0.1575034578146611,0,0
O2766,1.0,13,9,20.02,17.71,19.27,57.0,69.14805564276993,2026-01-30 08:29:52+00:00,0.3512280701754386,1,636
O2766,2.0,7,6,13.3,11.15,5.47,29.92,45.40254578754579,2026-01-30 08:54:19+00:00,0.4445187165775401,0,0
O2767,1.0,13,9,18.43,21.5,19.27,59.2,70.33396493982208,2026-01-30 09:41:40+00:00,0.31131756756756757,1,205
O2767,2.0,7,6,4.26,17.1,2.05,23.41,32.69652014652015,2026-01-30 10:14:02+00:00,0.1819735155916275,0,0
O2787,1.0,15,9,28.78,17.18,22.27,68.23,86.4035404965405,2026-01-31 05:28:43+00:00,0.4218085885973912,0,0
O2787,2.0,7,5,7.76,16.25,4.8,28.810000000000002,43.385714285714286,2026-01-31 05:54:34+00:00,0.2693509198195071,1,314
O2800,1.0,15,8,17.05,20.23,30.84,68.12,68.42613291470434,2026-01-31 16:20:23+00:00,0.2502935995302407,0,0
O2800,2.0,13,5,5.0,24.06,31.8,60.86,54.284615384615385,2026-01-31 16:50:03+00:00,0.0821557673348669,0,0
O2813,1.0,16,11,24.68,10.51,35.47,70.66,76.37359916274202,2026-02-01 02:53:36+00:00,0.3492782337956411,0,0
O2813,2.0,13,5,16.009999999999998,11.82,26.52,54.35,56.556096866096865,2026-02-01 03:23:58+00:00,0.2945722171113155,0,0
O2825,1.0,15,10,17.86,23.33,26.56,67.75,70.87700680272108,2026-02-01 13:39:00+00:00,0.26361623616236163,0,0
O2825,2.0,13,5,8.96,17.8,35.31,62.07,47.251868131868136,2026-02-01 14:05:14+00:00,0.14435314966972773,0,0
O2830,1.0,16,8,12.29,20.62,30.270000000000003,63.18,61.649402930402935,2026-02-01 17:36:40+00:00,0.19452358341247228,0,0
O2830,2.0,13,5,12.96,17.01,28.5,58.47,56.870879120879124,2026-02-01 18:07:08+00:00,0.22165212929707545,0,0
O2831,1.0,19,11,24.86,23.18,16.939999999999998,64.98,91.39421297749868,2026-02-01 18:25:55+00:00,0.3825792551554324,0,0
O2831,2.0,7,5,11.559999999999999,11.49,10.98,34.03,43.228956043956046,2026-02-01 18:53:28+00:00,0.3397002644725242,0,0
O2838,1.0,14,7,17.25,18.05,34.07,69.37,68.58181318681319,2026-02-02 00:10:33+00:00,0.24866657056364422,0,0
O2838,2.0,13,6,21.490000000000002,10.74,37.03,69.26,71.52739926739926,2026-02-02 00:21:54+00:00,0.31028010395610744,0,0
O2843,1.0,15,11,25.81,16.810000000000002,30.95,73.57,86.26450084307227,2026-02-02 04:47:02+00:00,0.35082234606497215,0,0
O2843,2.0,13,5,9.24,10.41,37.620000000000005,57.27,42.99474155474155,2026-02-02 05:14:53+00:00,0.1613410162388685,0,0
O2846,1.0,14,10,19.02,16.55,26.35,61.92,63.652527472527474,2026-02-02 07:14:38+00:00,0.3071705426356589,0,0
O2846,2.0,13,5,10.31,14.51,35.97,60.79,49.70249491249491,2026-02-02 07:47:00+00:00,0.1696002632011844,0,0
O2865,1.0,14,10,11.01,27.119999999999997,34.65,72.78,70.1063160648875,2026-02-03 02:39:56+00:00,0.151277823577906,0,0
O2865,2.0,14,6,26.71,5.92,35.13,67.76,77.73197802197802,2026-02-03 02:51:02+00:00,0.394185360094451,0,0
O2868,1.0,14,10,14.25,22.71,31.060000000000002,68.02,69.21930416701093,2026-02-03 05:01:13+00:00,0.20949720670391062,0,0
O2868,2.0,13,5,18.75,6.180000000000001,38.5,63.43,61.608882783882784,2026-02-03 05:34:12+00:00,0.2956014504177834,0,0
O2870,1.0,14,9,12.32,14.040000000000001,36.32,62.68,56.752399129692364,2026-02-03 06:44:49+00:00,0.19655392469687302,0,0
O2870,2.0,13,5,21.54,5.880000000000001,36.44,63.86,64.15957875457876,2026-02-03 07:16:29+00:00,0.33730034450360163,0,0
O2871,1.0,14,9,12.89,14.77,34.77,62.43,58.23625189346994,2026-02-03 07:41:19+00:00,0.20647124779753326,0,0
O2871,2.0,13,5,22.05,6.84,34.3,63.190000000000005,64.50723443223444,2026-02-03 07:53:47+00:00,0.34894761829403387,0,0
O2872,1.0,14,9,14.190000000000001,15.55,32.08,61.82,60.10288220551379,2026-02-03 08:30:35+00:00,0.22953736654804271,0,0
O2872,2.0,13,5,20.330000000000002,7.17,35.57,63.07,62.625347985347986,2026-02-03 08:46:10+00:00,0.32234025685746,0,0
O2877,1.0,14,8,29.39,6.14,26.76,62.29,73.14265934065934,2026-02-03 13:00:44+00:00,0.4718253331192808,0,0
O2877,2.0,13,5,19.65,5.65,33.04,58.34,57.33970695970696,2026-02-03 13:37:04+00:00,0.3368186492972231,0,0
O2878,1.0,17,9,35.15,6.58,21.009999999999998,62.74,90.57902098959242,2026-02-03 14:00:33+00:00,0.5602486452024227,0,0
O2878,2.0,14,6,25.07,5.9399999999999995,33.93,64.94,70.02813186813187,2026-02-03 14:11:57+00:00,0.38604866030181706,0,0
O2879,1.0,14,10,10.24,19.3,34.120000000000005,63.660000000000004,59.301107989754605,2026-02-03 14:54:45+00:00,0.1608545397423814,0,0
O2879,2.0,14,7,16.82,11.48,28.13,56.43,54.898369963369966,2026-02-03 15:07:44+00:00,0.29806840333156126,0,0
O2883,1.0,13,10,18.93,13.8,20.22,52.95,64.46249398220827,2026-02-03 20:56:37+00:00,0.3575070821529745,1,299
O2883,2.0,8,6,18.08,9.129999999999999,10.21,37.42,53.89553927553928,2026-02-03 21:23:04+00:00,0.48316408337787276,0,0
O2887,1.0,14,8,21.15,11.8,31.55,64.5,65.75591960670909,2026-02-04 00:20:59+00:00,0.327906976744186,0,0
O2887,2.0,13,5,21.33,6.03,33.84,61.2,63.67065934065934,2026-02-04 00:44:06+00:00,0.34852941176470587,0,0
O2889,1.0,13,10,17.939999999999998,18.439999999999998,21.88,58.26,65.52450811093668,2026-02-04 02:14:40+00:00,0.30792996910401643,1,231
O2889,2.0,8,6,15.0,10.43,6.16,31.59,48.21208384208384,2026-02-04 02:42:18+00:00,0.4748338081671415,0,0
O2890,1.0,13,10,15.83,22.89,20.990000000000002,59.71,65.22609384868005,2026-02-04 03:04:23+00:00,0.2651147211522358,1,113
O2890,2.0,8,6,12.91,9.21,10.45,32.57,44.16383801383801,2026-02-04 03:30:33+00:00,0.3963770340804421,0,0
O2892,1.0,14,10,15.52,16.509999999999998,32.14,64.17,59.604638519375364,2026-02-04 04:49:37+00:00,0.24185756584073553,0,0
O2892,2.0,13,5,19.37,9.03,38.480000000000004,66.88,64.8324358974359,2026-02-04 05:22:56+00:00,0.2896232057416268,0,0
O2893,1.0,14,9,11.16,27.82,31.509999999999998,70.49,68.48525351841141,2026-02-04 05:51:54+00:00,0.15832032912469854,0,0
O2893,2.0,13,5,19.97,9.0,34.86,63.83,61.886758241758244,2026-02-04 06:25:01+00:00,0.3128622904590318,0,0
O2899,1.0,16,8,28.13,10.66,28.43,67.22,79.35425641025641,2026-02-04 10:58:55+00:00,0.41847664385599526,1,115
O2899,2.0,13,5,19.08,6.79,31.11,56.98,58.630714285714284,2026-02-04 11:29:49+00:00,0.33485433485433486,0,0
O2900,1.0,16,9,31.53,9.96,26.98,68.47,89.31334222919938,2026-02-04 12:00:31+00:00,0.4604936468526362,0,0
O2900,2.0,13,4,17.72,8.51,33.11,59.339999999999996,58.954523809523806,2026-02-04 12:34:14+00:00,0.29861813279406807,0,0
O2901,1.0,15,9,22.51,12.459999999999999,28.9,63.870000000000005,71.88082417582417,2026-02-04 13:01:34+00:00,0.35243463284797244,0,0
O2901,2.0,8,7,11.26,11.51,8.21,30.98,43.38639194139194,2026-02-04 13:28:25+00:00,0.36346029696578436,0,0
O2902,1.0,16,8,21.490000000000002,15.36,23.14,59.99,69.36300994243851,2026-02-04 13:52:25+00:00,0.3582263710618437,0,0
O2902,2.0,13,5,19.98,3.6899999999999995,35.89,59.56,58.36690476190476,2026-02-04 14:21:26+00:00,0.3354600402955003,0,0
O2907,1.0,14,9,16.5,20.08,18.38,54.96,63.41829697871051,2026-02-04 21:01:22+00:00,0.3002183406113537,0,0
O2907,2.0,8,6,8.67,16.16,12.32,37.15,46.04558608058608,2026-02-04 21:29:29+00:00,0.23337819650067296,0,0
O2908,1.0,14,9,17.869999999999997,28.189999999999998,18.91,64.97,76.5929182847228,2026-02-04 21:50:03+00:00,0.27505002308757887,0,0
O2908,2.0,13,5,11.129999999999999,18.479999999999997,30.759999999999998,60.37,53.900128205128205,2026-02-04 22:23:16+00:00,0.18436309425211198,0,0
O2909,1.0,14,9,18.619999999999997,22.48,16.580000000000002,57.68,70.5997109532072,2026-02-04 22:47:22+00:00,0.3228155339805825,1,105
O2909,2.0,8,6,10.6,12.02,13.63,36.25,45.75349816849817,2026-02-04 23:12:51+00:00,0.2924137931034483,0,0
O2910,1.0,15,8,11.38,20.75,32.47,64.6,63.68066016690077,2026-02-04 23:32:18+00:00,0.17616099071207433,0,0
O2910,2.0,13,4,20.11,7.26,39.14,66.51,64.8002380952381,2026-02-05 00:07:11+00:00,0.3023605472861224,0,0
O2911,1.0,14,9,19.33,13.2,31.54,64.07,71.77418546365915,2026-02-05 00:28:12+00:00,0.30170126424223503,0,0
O2911,2.0,13,4,19.68,4.18,33.25,57.11,55.58333333333333,2026-02-05 01:00:56+00:00,0.34459814393276134,0,0
O2913,1.0,14,9,15.33,18.85,29.9,64.08,67.72052796827234,2026-02-05 02:19:23+00:00,0.23923220973782772,0,0
O2913,2.0,13,4,21.03,3.5200000000000005,33.95,58.5,60.13452380952381,2026-02-05 02:51:40+00:00,0.3594871794871795,0,0
O2919,1.0,14,9,24.08,14.620000000000001,34.93,73.63,74.61288801674516,2026-02-05 08:08:38+00:00,0.3270406084476436,0,0
O2919,2.0,13,4,23.77,3.65,36.89,64.31,68.02166666666668,2026-02-05 08:40:08+00:00,0.3696159228735811,0,0
O2921,1.0,14,8,23.08,10.73,34.42,68.23,71.42396336996337,2026-02-05 09:52:15+00:00,0.33826762421222334,0,0
O2921,2.0,13,5,19.62,9.87,34.88,64.37,65.56238095238095,2026-02-05 10:28:02+00:00,0.3048003728444928,0,0
O2928,1.0,14,9,20.37,20.77,26.520000000000003,67.66,73.99553857170399,2026-02-05 23:16:15+00:00,0.30106414425066513,0,0
O2928,2.0,13,6,10.19,11.530000000000001,36.02,57.74,52.00584249084249,2026-02-05 23:37:42+00:00,0.17648077589192931,0,0
O2929,1.0,11,5,21.619999999999997,12.399999999999999,17.549999999999997,51.57,65.0989010989011,2026-02-02 01:32:15+00:00,0.41923598991661815,0,0
O2932,1.0,14,8,24.369999999999997,13.649999999999999,29.939999999999998,67.96,71.39917541105511,2026-02-06 02:12:05+00:00,0.35859329017068864,0,0
O2932,2.0,7,5,20.55,8.01,5.76,34.32,60.034285714285716,2026-02-06 05:36:04+00:00,0.5987762237762237,0,0
O2934,1.0,13,8,19.439999999999998,12.780000000000001,30.09,62.31,63.31669076537498,2026-02-06 06:38:40+00:00,0.31198844487241206,0,0
O2934,2.0,13,4,26.65,6.64,29.33,62.62,73.4695238095238,2026-02-06 07:25:29+00:00,0.425582880868732,0,0
O2937,1.0,14,7,18.63,15.29,28.16,62.08,66.20604010025062,2026-02-06 10:05:12+00:00,0.30009664948453607,0,0
O2937,2.0,13,4,25.75,5.08,32.53,63.36,67.57190476190476,2026-02-06 10:33:39+00:00,0.4064078282828283,0,0
O2938,1.0,14,11,22.23,20.01,22.09,64.33,78.28514652014653,2026-02-06 11:50:57+00:00,0.3455619462148298,0,0
O2938,2.0,7,5,20.84,7.34,3.09,31.269999999999996,60.050238095238086,2026-02-06 12:23:20+00:00,0.6664534697793413,1,113
O2941,1.0,15,8,10.02,15.75,31.65,57.42,50.738332344903775,2026-02-06 14:29:41+00:00,0.17450365726227793,0,0
O2941,2.0,13,5,14.24,14.75,37.44,66.43,56.370191290191286,2026-02-06 14:55:05+00:00,0.21436098148426913,0,0
O2961,1.0,14,8,14.7,23.509999999999998,20.22,58.43,69.40453259522432,2026-02-07 13:00:31+00:00,0.25158309087797365,0,0
O2961,2.0,8,5,6.83,14.51,10.809999999999999,32.15,39.326410256410256,2026-02-07 13:29:04+00:00,0.21244167962674962,0,0
O2965,1.0,16,9,20.84,18.27,32.44,71.55,78.32090319204605,2026-02-07 16:14:44+00:00,0.2912648497554158,0,0
O2965,2.0,15,7,13.209999999999999,15.7,34.69,63.6,64.14059218559218,2026-02-07 16:43:32+00:00,0.20770440251572325,0,0
O2966,1.0,15,10,24.299999999999997,18.98,22.16,65.44,79.31583621140764,2026-02-07 17:04:38+00:00,0.37133251833740827,0,0
O2966,2.0,7,6,10.59,12.63,3.63,26.85,42.25492266992267,2026-02-07 17:30:16+00:00,0.394413407821229,1,332
O2967,1.0,14,9,21.06,22.48,23.45,66.99,79.2502314302239,2026-02-07 17:51:53+00:00,0.3143752798925213,0,0
O2967,2.0,8,7,9.66,11.79,7.05,28.5,40.55750915750916,2026-02-07 18:21:42+00:00,0.33894736842105266,1,203
O2970,1.0,15,9,25.59,16.94,32.19,74.72,86.05100784929357,2026-02-07 20:19:25+00:00,0.34247858672376874,0,0
O2970,2.0,13,5,12.0,15.0,32.0,59.0,52.57956857956858,2026-02-07 20:34:37+00:00,0.2033898305084746,0,0
O2986,1.0,14,8,20.9,21.18,21.84,63.92,74.50295560329394,2026-02-08 10:20:03+00:00,0.3269712140175219,0,0
O2986,2.0,14,6,8.57,21.6,28.740000000000002,58.910000000000004,48.53824175824176,2026-02-08 10:43:02+00:00,0.14547615005941267,0,0
O2992,1.0,15,9,21.58,15.63,35.25,72.46,72.5035429538437,2026-02-08 15:03:35+00:00,0.2978194866133039,0,0
O2992,2.0,13,5,12.47,14.950000000000001,29.14,56.56,52.36888888888889,2026-02-08 15:34:50+00:00,0.22047383309759547,0,0
O3000,1.0,14,8,23.72,18.94,14.78,57.44,77.58587928918756,2026-02-08 21:33:22+00:00,0.4129526462395543,0,0
O3000,2.0,7,6,14.21,11.32,6.28,31.810000000000002,47.26189255189255,2026-02-08 21:58:28+00:00,0.44671486953788114,1,135
O3017,1.0,13,7,14.39,22.23,24.560000000000002,61.18,64.12276157426534,2026-02-09 12:59:57+00:00,0.2352075841778359,0,0
O3017,2.0,13,4,10.99,19.79,32.480000000000004,63.26,56.236556776556775,2026-02-09 13:26:58+00:00,0.17372747391716725,0,0
O3020,1.0,15,7,19.48,20.67,27.52,67.67,72.06413891872538,2026-02-09 15:22:40+00:00,0.2878675927294222,0,0
O3020,2.0,13,4,5.7,17.77,31.169999999999998,54.64,45.871318681318684,2026-02-09 15:51:08+00:00,0.10431918008784773,0,0
O3026,1.0,14,8,17.9,14.69,29.189999999999998,61.78,61.50564570767578,2026-02-10 03:06:18+00:00,0.2897377792165749,0,0
O3026,2.0,14,5,29.6,4.84,29.45,63.89,74.99166666666666,2026-02-10 03:30:25+00:00,0.46329629049929566,0,0
O3027,1.0,14,8,21.11,13.98,30.330000000000002,65.42,68.32656269795368,2026-02-10 04:03:36+00:00,0.3226841944359523,0,0
O3027,2.0,13,4,19.64,3.57,35.37,58.58,52.12571428571429,2026-02-10 04:25:08+00:00,0.33526800955957664,0,0
O3035,1.0,12,8,26.73,19.1,18.810000000000002,64.64,80.45424192349004,2026-02-10 10:50:03+00:00,0.4135210396039604,0,0
O3035,2.0,13,5,11.559999999999999,13.8,33.03,58.39,50.35082214082214,2026-02-10 11:19:46+00:00,0.19797910601130328,0,0
O3052,1.0,13,8,28.43,18.98,8.75,56.160000000000004,87.79122187336473,2026-02-11 06:56:06+00:00,0.5062321937321937,0,0
O3052,2.0,8,7,13.4,13.52,9.649999999999999,36.57,49.94047619047619,2026-02-11 07:27:52+00:00,0.36642056330325407,1,421
O3058,1.0,15,8,20.17,29.479999999999997,12.7,62.349999999999994,79.08270493873943,2026-02-12 05:06:52+00:00,0.32349639133921415,0,0
O3058,2.0,7,6,1.7,17.97,6.12,25.79,29.700989010989012,2026-02-12 05:38:20+00:00,0.06591702210158977,0,0
O3059,1.0,15,8,20.54,28.07,10.51,59.120000000000005,78.51815902488316,2026-02-12 05:57:48+00:00,0.3474289580514208,1,91
O3059,2.0,7,6,6.279999999999999,16.37,5.84,28.49,36.757818477818475,2026-02-12 06:33:24+00:00,0.2204282204282204,0,0
O3068,1.0,13,7,12.66,30.45,13.57,56.68,61.86666729821902,2026-02-12 13:18:44+00:00,0.22335920959774172,1,263
O3068,2.0,7,5,1.11,21.259999999999998,6.62,28.990000000000002,36.10556776556776,2026-02-12 13:49:59+00:00,0.03828906519489479,0,0
O3069,1.0,13,7,16.85,28.439999999999998,12.12,57.41,70.24191360363774,2026-02-12 14:11:49+00:00,0.29350287406375203,1,66
O3069,2.0,7,6,8.32,15.879999999999999,4.51,28.71,39.01074074074074,2026-02-12 14:34:01+00:00,0.2897944966910484,0,0
O3072,1.0,14,7,32.99,8.74,21.22,62.95,88.71276818419676,2026-02-12 16:32:09+00:00,0.5240667196187451,0,0
O3072,2.0,7,5,10.0,7.18,7.01,24.19,33.28547619047619,2026-02-12 17:10:31+00:00,0.41339396444811904,0,0
O3074,1.0,14,8,29.1,9.96,28.05,67.11,75.7324189288851,2026-02-12 20:50:27+00:00,0.43361645060348686,0,0
O3074,2.0,13,4,23.28,3.24,32.23,58.75,61.132619047619045,2026-02-12 21:14:36+00:00,0.3962553191489362,0,0
O3086,1.0,13,8,20.87,15.4,26.97,63.24,71.03505494505495,2026-02-13 06:52:18+00:00,0.3300126502213789,1,55
O3086,2.0,14,5,23.3,8.0,33.519999999999996,64.82,66.54833333333333,2026-02-13 07:21:09+00:00,0.359456957729096,0,0
O3105,1.0,13,9,19.34,22.64,17.78,59.76,68.52332548403977,2026-02-14 01:01:06+00:00,0.3236278447121821,0,0
O3105,2.0,7,6,2.08,22.919999999999998,3.19,28.189999999999998,36.183296703296705,2026-02-14 01:31:29+00:00,0.07378503015253637,1,66
O3109,1.0,16,9,24.15,32.58,23.55,80.28,94.05213239141811,2026-02-14 04:09:22+00:00,0.3008221225710015,0,0
O3109,2.0,13,5,15.7,15.03,28.78,59.51,53.55139194139194,2026-02-14 04:38:44+00:00,0.26382120651991264,0,0
O3116,1.0,13,9,15.4,17.76,17.2,50.36,53.18552545155993,2026-02-14 09:49:45+00:00,0.30579825258141385,0,0
O3116,2.0,9,6,7.199999999999999,22.509999999999998,13.85,43.56,52.792216117216114,2026-02-14 10:20:06+00:00,0.16528925619834708,0,0
O3117,1.0,16,8,17.34,25.34,28.14,70.82,67.56535872173804,2026-02-14 10:40:07+00:00,0.2448460886755154,0,0
O3117,2.0,13,5,17.47,16.939999999999998,32.34,66.75,65.8875702075702,2026-02-14 11:17:15+00:00,0.26172284644194754,0,0
O3129,1.0,15,8,21.0,20.66,27.11,68.77,79.32766704559808,2026-02-14 20:07:07+00:00,0.305365711792933,0,0
O3129,2.0,13,5,10.31,13.82,32.13,56.26,48.020744810744816,2026-02-14 20:34:33+00:00,0.18325630998933523,0,0
O3151,1.0,16,8,20.689999999999998,25.520000000000003,31.97,78.18,83.0853218210361,2026-02-15 14:22:08+00:00,0.26464568943463795,0,0
O3151,2.0,13,5,7.3,16.25,37.03,60.58,46.756520146520145,2026-02-15 14:52:39+00:00,0.12050181578078574,0,0
O3167,1.0,14,9,30.56,17.450000000000003,14.86,62.87,82.73439458536451,2026-02-16 02:56:28+00:00,0.48608239223795136,0,0
O3167,2.0,7,6,5.95,18.81,4.11,28.87,38.87155677655678,2026-02-16 03:26:51+00:00,0.2060962937305161,1,506
O3172,1.0,15,9,23.21,18.36,34.61,76.17999999999999,83.9534693877551,2026-02-16 07:05:39+00:00,0.30467314255710165,0,0
O3172,2.0,13,5,8.219999999999999,21.18,37.85,67.25,51.35247252747253,2026-02-16 07:32:19+00:00,0.12223048327137545,0,0
O3182,1.0,14,7,16.439999999999998,16.03,35.03,67.5,65.17174777603348,2026-02-16 14:49:36+00:00,0.24355555555555553,0,0
O3182,2.0,13,5,8.5,20.86,28.57,57.93,52.10144688644689,2026-02-16 15:22:17+00:00,0.14672881063352322,0,0
O3189,1.0,13,8,26.93,16.55,19.240000000000002,62.72,77.81537690379795,2026-02-16 23:22:28+00:00,0.4293686224489796,0,0
O3189,2.0,7,6,5.2,17.96,8.94,32.1,36.04245421245422,2026-02-16 23:48:40+00:00,0.16199376947040497,1,224
O3205,1.0,16,9,26.07,16.64,29.88,72.59,87.96461800104657,2026-02-17 12:17:13+00:00,0.35914037746246036,0,0
O3205,2.0,13,5,7.1,19.03,36.98,63.11,48.90478021978022,2026-02-17 12:44:04+00:00,0.11250198066867374,1,112
O3216,1.0,13,8,17.16,25.099999999999998,17.310000000000002,59.57,67.08448731244556,2026-02-17 20:54:22+00:00,0.28806446197750546,0,0
O3216,2.0,7,5,3.28,21.57,2.0,26.85,35.27225274725275,2026-02-17 21:18:24+00:00,0.12216014897579142,1,392
O3222,1.0,11,5,19.22,15.95,13.6,48.769999999999996,70.59212454212454,2026-02-16 16:23:43+00:00,0.3940947303670289,0,0
O3222,2.0,9,5,18.82,8.43,10.34,37.59,57.31589743589744,2026-02-18 02:40:40+00:00,0.5006650704974727,1,142
O3226,1.0,13,8,20.43,17.94,14.600000000000001,52.97,63.55238386638568,2026-02-18 05:19:16+00:00,0.3856900132150274,0,0
O3226,2.0,7,6,13.92,13.879999999999999,6.3,34.1,49.9740231990232,2026-02-18 05:47:49+00:00,0.40821114369501466,1,105
O3252,1.0,15,10,13.4,25.490000000000002,26.3,65.19,64.39196721341057,2026-02-19 04:47:41+00:00,0.2055529989262157,0,0
O3252,2.0,13,5,13.56,13.940000000000001,36.32,63.82,56.34210622710623,2026-02-19 05:20:23+00:00,0.21247257912879974,0,0
O3267,1.0,12,8,32.5,5.98,20.630000000000003,59.11,84.3900150100526,2026-02-19 20:08:04+00:00,0.5498223650820504,0,0
O3267,2.0,7,5,11.31,8.43,9.719999999999999,29.46,38.03047619047619,2026-02-19 20:18:32+00:00,0.38391038696537677,0,0
O3268,1.0,12,8,35.05,4.75,23.78,63.58,89.44281555537195,2026-02-19 20:58:54+00:00,0.5512739855300408,0,0
O3268,2.0,7,5,11.14,8.01,9.9,29.05,37.5595238095238,2026-02-19 21:22:26+00:00,0.38347676419965576,0,0
O3271,1.0,11,7,40.07,5.59,20.009999999999998,65.67,100.00221184830207,2026-02-19 23:19:08+00:00,0.6101720724836303,0,0
O3271,2.0,7,5,17.89,7.08,5.96,30.93,46.28309523809524,2026-02-19 23:44:39+00:00,0.578402845134174,0,0
O3272,1.0,11,7,38.769999999999996,0.0,21.509999999999998,60.28,91.28191164724998,2026-02-20 00:06:35+00:00,0.6431652289316522,0,0
O3272,2.0,7,5,15.99,2.74,9.94,28.669999999999998,39.584761904761905,2026-02-20 00:33:36+00:00,0.55772584583188,0,0
O3273,1.0,11,7,36.16,0.0,21.47,57.63,88.49119832548404,2026-02-20 00:52:11+00:00,0.6274509803921567,0,0
O3273,2.0,7,5,15.51,3.46,9.65,28.62,38.02023809523809,2026-02-20 01:18:44+00:00,0.5419287211740041,0,0
O3274,1.0,11,7,36.99,0.0,21.59,58.58,87.70001955438046,2026-02-20 01:52:43+00:00,0.6314441789006487,0,0
O3274,2.0,7,5,10.44,9.129999999999999,9.23,28.8,32.11833333333333,2026-02-20 02:15:36+00:00,0.3625,0,0
O3275,1.0,11,7,30.259999999999998,9.46,19.85,59.57,81.27474579305407,2026-02-20 02:45:12+00:00,0.5079738123216384,0,0
O3275,2.0,7,5,13.459999999999999,3.34,10.149999999999999,26.95,32.89047619047619,2026-02-20 03:15:50+00:00,0.499443413729128,0,0
O3276,1.0,11,7,32.82,8.66,18.259999999999998,59.74,83.74163086287146,2026-02-20 03:32:20+00:00,0.5493806494810847,0,0
O3276,2.0,8,6,17.02,7.869999999999999,7.49,32.38,43.545476190476194,2026-02-20 03:58:42+00:00,0.525633106856084,0,0
O3277,1.0,11,7,34.519999999999996,5.37,19.65,59.54,88.2992141066953,2026-02-20 04:19:07+00:00,0.5797783003023177,0,0
O3277,2.0,7,5,11.06,6.13,6.779999999999999,23.97,30.02547619047619,2026-02-20 04:41:58+00:00,0.461410095953275,0,0
O3283,1.0,11,7,29.22,8.84,20.26,58.32,80.39735230934478,2026-02-20 08:58:51+00:00,0.5010288065843621,0,0
O3283,2.0,7,5,9.15,9.75,6.04,24.94,27.13476190476191,2026-02-20 09:22:09+00:00,0.3668805132317562,0,0
O3287,1.0,12,8,30.43,11.42,19.21,61.06,87.84926739926739,2026-02-20 12:04:14+00:00,0.49836226662299377,0,0
O3287,2.0,7,5,10.68,6.23,13.66,30.57,26.995000000000005,2026-02-20 12:25:52+00:00,0.3493621197252208,0,0
O3315,1.0,13,8,24.91,12.969999999999999,16.72,54.6,71.56073440622313,2026-02-21 18:00:47+00:00,0.4562271062271062,0,0
O3315,2.0,7,6,10.61,18.619999999999997,3.97,33.2,51.86155067155067,2026-02-21 18:26:45+00:00,0.319578313253012,1,99
O3322,1.0,15,9,17.15,25.66,26.36,69.17,75.0077456002644,2026-02-21 23:03:07+00:00,0.24793985832008095,0,0
O3322,2.0,13,6,15.11,12.84,29.67,57.62,52.939613349613346,2026-02-21 23:34:49+00:00,0.2622353349531413,0,0
O3324,1.0,15,9,19.44,22.42,21.6,63.46,73.46520697347765,2026-02-22 00:37:45+00:00,0.30633469902300664,0,0
O3324,2.0,13,5,11.74,17.12,34.0,62.86,56.877085877085875,2026-02-22 01:09:48+00:00,0.18676423798918232,0,0
O3325,1.0,13,8,20.419999999999998,18.45,22.19,61.06,70.65995152716957,2026-02-22 01:35:14+00:00,0.3344251555846708,0,0
O3325,2.0,7,5,15.59,13.370000000000001,6.38,35.34,52.97314611314611,2026-02-22 02:02:08+00:00,0.44114318053197504,1,154
O3345,1.0,14,9,21.15,23.509999999999998,23.509999999999998,68.17,79.52959073507945,2026-02-22 17:53:29+00:00,0.31025377732140236,0,0
O3345,2.0,8,5,20.74,7.26,9.5,37.5,59.74432234432234,2026-02-22 18:17:01+00:00,0.5530666666666666,0,0
O3346,1.0,13,8,26.32,7.93,28.349999999999998,62.6,66.90853920515575,2026-02-22 18:37:02+00:00,0.4204472843450479,0,0
O3346,2.0,13,4,25.200000000000003,3.15,34.26,62.61,66.29857142857144,2026-02-22 19:07:35+00:00,0.4024916147580259,0,0
O3351,1.0,14,9,24.07,17.76,19.71,61.54,80.08118331543143,2026-02-22 23:38:16+00:00,0.3911277218069548,0,0
O3351,2.0,8,5,20.909999999999997,6.76,2.38,30.05,55.74461538461538,2026-02-23 00:04:04+00:00,0.6958402662229616,0,0
O3361,1.0,14,10,17.07,19.5,18.6,55.17,64.12587333718912,2026-02-23 11:44:42+00:00,0.30940728656878735,0,0
O3361,2.0,7,5,21.45,4.03,7.88,33.36,54.990687830687826,2026-02-23 12:06:33+00:00,0.6429856115107914,1,320
O3379,1.0,14,10,22.37,19.66,18.7,60.73,83.45740240711669,2026-02-24 21:46:27+00:00,0.36835172073110495,0,0
O3379,2.0,7,7,7.390000000000001,19.21,5.82,32.42,42.567014652014656,2026-02-24 22:16:51+00:00,0.22794571252313386,1,248
O3380,1.0,13,10,23.91,17.62,15.88,57.41,80.70572632129775,2026-02-24 23:28:07+00:00,0.416477965511235,0,0
O3380,2.0,7,6,4.21,19.55,2.02,25.78,37.68871794871795,2026-02-24 23:54:46+00:00,0.16330488750969743,1,164
O3381,1.0,14,10,21.85,22.14,15.040000000000001,59.03,81.74487859759289,2026-02-25 00:22:13+00:00,0.3701507707945113,1,59
O3381,2.0,7,6,8.05,15.59,5.82,29.46,41.71994505494506,2026-02-25 00:51:26+00:00,0.27325186693822134,0,0
O3387,1.0,14,8,26.81,5.05,35.39,67.25,72.06987606378584,2026-02-25 05:32:32+00:00,0.3986617100371747,0,0
O3387,2.0,14,5,18.58,16.68,30.439999999999998,65.7,72.9752380952381,2026-02-25 05:16:52+00:00,0.28280060882800606,0,0
O3398,1.0,9,4,40.8,11.959999999999999,2.18,54.94,88.81842857142857,2026-02-25 15:45:17+00:00,0.7426283218056061,1,204
O3406,1.0,14,7,35.69,6.02,29.96,71.67,90.6396814839296,2026-02-26 00:59:39+00:00,0.4979768382865913,0,0
O3406,2.0,13,4,22.490000000000002,3.8,31.86,58.15,61.09857142857143,2026-02-26 01:26:11+00:00,0.3867583834909717,0,0
O3412,1.0,13,8,21.049999999999997,19.86,12.41,53.32,77.12434121016827,2026-02-26 06:05:23+00:00,0.3947861965491372,0,0
O3412,2.0,7,7,7.66,19.75,6.67,34.08,45.80336996336996,2026-02-26 06:34:03+00:00,0.22476525821596247,1,299
O3416,1.0,14,9,17.47,27.04,21.79,66.3,81.23320512820513,2026-02-26 09:32:55+00:00,0.26349924585218704,0,0
O3416,2.0,14,5,13.219999999999999,15.39,30.87,59.480000000000004,54.81242572242572,2026-02-26 10:03:06+00:00,0.22225958305312707,0,0
O3420,1.0,14,10,12.51,30.78,18.34,61.63,73.48336968795616,2026-02-26 12:46:23+00:00,0.20298555898101572,0,0
O3420,2.0,7,6,12.94,13.02,6.43,32.39,48.30166666666667,2026-02-26 13:13:23+00:00,0.39950602037665944,1,224
O3421,1.0,13,9,18.13,23.03,22.78,63.94,69.33785075325677,2026-02-26 13:37:49+00:00,0.2835470753831717,0,0
O3421,2.0,8,6,15.6,15.709999999999999,3.94,35.25,56.90615995115995,2026-02-26 14:06:05+00:00,0.4425531914893617,1,498
O3424,1.0,10,5,25.43,16.48,11.8,53.71,79.98827838827839,2026-02-26 16:38:01+00:00,0.47346862781604915,0,0
O3424,2.0,14,5,20.61,13.59,32.32,66.52,63.09213675213675,2026-02-26 16:38:01+00:00,0.3098316295850872,0,0
O3437,1.0,15,11,13.77,28.8,17.68,60.25,75.69659938497247,2026-02-27 05:54:11+00:00,0.22854771784232364,1,204
O3437,2.0,7,4,3.37,25.09,7.28,35.74,45.84095238095238,2026-02-27 06:26:38+00:00,0.09429210968102966,0,0
O3448,1.0,14,8,13.009999999999998,25.17,26.8,64.98,70.01934252075813,2026-02-27 14:58:24+00:00,0.20021545090797163,0,0
O3448,2.0,13,5,10.57,18.490000000000002,26.950000000000003,56.010000000000005,54.2480056980057,2026-02-27 15:28:38+00:00,0.1887163006605963,0,0
O3461,1.0,15,10,11.52,31.01,16.25,58.78,73.61741648076234,2026-02-28 04:41:10+00:00,0.19598502892140182,0,0
O3461,2.0,7,5,2.92,17.7,0.01,20.63,29.008095238095237,2026-02-28 05:07:21+00:00,0.14154144449830344,0,0
O3467,1.0,15,10,15.879999999999999,27.32,20.03,63.23,79.307618012443,2026-02-28 09:32:22+00:00,0.25114660762296376,1,305
O3467,2.0,8,5,2.5,24.65,6.45,33.6,40.63360805860806,2026-02-28 09:59:50+00:00,0.0744047619047619,0,0
O3468,1.0,15,10,11.239999999999998,27.43,25.7,64.37,66.51811255117711,2026-02-28 10:16:49+00:00,0.17461550411682458,0,0
O3468,2.0,13,5,8.399999999999999,24.05,30.61,63.06,56.51679487179487,2026-02-28 10:40:54+00:00,0.13320647002854422,0,0
O3476,1.0,15,9,18.759999999999998,25.5,21.83,66.09,89.57323927002044,2026-02-28 16:37:14+00:00,0.28385534876683305,0,0
O3476,2.0,7,4,4.63,28.19,1.9,34.72,50.616849816849815,2026-02-28 17:25:47+00:00,0.133352534562212,1,103
O3482,1.0,15,10,21.03,8.34,34.92,64.29,64.15590418353577,2026-02-28 21:40:08+00:00,0.3271115258982734,0,0
O3482,2.0,13,3,32.37,0.0,34.03,66.4,76.14333333333333,2026-02-28 22:05:45+00:00,0.48749999999999993,0,0
O3512,1.0,15,8,18.64,21.349999999999998,24.38,64.37,69.15344501363298,2026-03-01 23:05:32+00:00,0.28957588938946716,0,0
O3512,2.0,13,5,9.75,19.67,27.53,56.95,50.1302380952381,2026-03-01 23:43:35+00:00,0.17120280948200176,0,0
O3513,1.0,14,9,21.42,18.04,18.35,57.81,67.85813806494258,2026-03-02 00:06:57+00:00,0.37052413077322266,0,0
O3513,2.0,7,5,10.82,12.03,6.38,29.23,39.51604395604396,2026-03-02 00:38:30+00:00,0.3701676359904208,1,350
O3517,1.0,14,9,20.89,17.740000000000002,18.67,57.3,68.28332727422953,2026-03-02 03:31:38+00:00,0.36457242582897037,0,0
O3517,2.0,8,6,10.74,10.61,10.559999999999999,31.909999999999997,38.95543956043956,2026-03-02 04:02:22+00:00,0.33657160764650584,1,88
O3519,1.0,15,8,26.830000000000002,11.73,26.79,65.35,74.89062078272605,2026-03-02 05:00:22+00:00,0.4105585309869932,0,0
O3519,2.0,13,5,17.1,8.23,37.480000000000004,62.81,56.52895604395604,2026-03-02 05:33:21+00:00,0.2722496417767871,0,0
O3542,1.0,15,9,29.5,7.69,26.490000000000002,63.68,74.90245324850588,2026-03-03 07:32:14+00:00,0.4632537688442211,0,0
O3542,2.0,13,4,20.13,2.86,36.78,59.77,56.43857142857143,2026-03-03 07:55:07+00:00,0.33679103229044666,0,0
O3554,1.0,11,5,21.53,10.77,18.17,50.47,65.80117216117216,2026-03-03 21:12:13+00:00,0.42659005349712703,0,0
O3554,2.0,7,5,18.04,7.51,7.16,32.71,48.34811355311355,2026-03-03 21:21:06+00:00,0.5515132986854172,0,0
O3561,1.0,12,7,20.72,18.88,14.469999999999999,54.07,73.6291810570382,2026-03-04 03:20:59+00:00,0.38320695394858517,0,0
O3561,2.0,8,5,19.619999999999997,4.94,11.64,36.2,51.465714285714284,2026-03-04 03:49:23+00:00,0.5419889502762429,0,0
O3566,1.0,12,7,18.84,20.59,12.54,51.97,65.49152537938252,2026-03-04 07:29:14+00:00,0.36251683663652107,0,0
O3566,2.0,8,5,21.88,6.14,10.5,38.519999999999996,55.93464590964591,2026-03-04 07:56:48+00:00,0.5680166147455867,1,72
O3572,1.0,12,7,25.22,15.309999999999999,14.54,55.07,79.61487702773417,2026-03-04 12:07:47+00:00,0.4579625930633739,0,0
O3572,2.0,8,5,15.219999999999999,9.219999999999999,8.41,32.85,45.41771062271062,2026-03-04 12:31:36+00:00,0.46331811263318107,0,0
O3575,1.0,14,6,26.89,9.08,26.380000000000003,62.35,68.18028340080971,2026-03-04 14:21:31+00:00,0.4312750601443464,0,0
O3575,2.0,13,4,23.03,3.95,36.92,63.900000000000006,61.72452380952381,2026-03-04 14:53:57+00:00,0.36040688575899843,0,0
O3576,1.0,12,7,20.78,19.83,17.56,58.17,71.32417320774464,2026-03-04 15:22:58+00:00,0.3572288121024583,0,0
O3576,2.0,7,5,16.25,11.92,6.77,34.94,50.58899267399267,2026-03-04 15:49:36+00:00,0.4650829994275902,0,0
O3582,1.0,10,7,33.01,12.49,5.01,50.51,82.04368131868132,2026-03-04 22:43:49+00:00,0.6535339536725401,1,251
O3585,1.0,14,11,21.099999999999998,18.13,18.03,57.26,74.59003924646782,2026-03-05 01:13:19+00:00,0.36849458609849806,0,0
O3585,2.0,9,6,10.85,13.14,17.17,41.160000000000004,43.50239316239316,2026-03-05 01:43:10+00:00,0.2636054421768707,0,0
O3588,1.0,14,8,30.060000000000002,9.57,25.77,65.4,79.96983130904184,2026-03-05 03:37:18+00:00,0.4596330275229358,0,0
O3588,2.0,13,5,22.4,5.53,29.09,57.019999999999996,67.12523809523809,2026-03-05 04:01:36+00:00,0.39284461592423714,0,0
O3591,1.0,14,9,40.92,9.030000000000001,19.21,69.16,112.88331708391858,2026-03-05 05:57:45+00:00,0.5916714864083286,0,0
O3591,2.0,8,7,16.48,6.65,7.92,31.05,40.674757834757834,2026-03-05 06:25:02+00:00,0.5307568438003221,0,0
O3593,1.0,14,10,25.66,14.58,19.61,59.85,84.02593434134788,2026-03-05 07:29:56+00:00,0.42873851294903925,0,0
O3593,2.0,8,6,11.54,10.77,12.33,34.64,39.056530321530325,2026-03-05 08:08:20+00:00,0.3331408775981524,0,0
O3602,1.0,14,8,23.89,14.89,28.44,67.22,81.39870348949296,2026-03-05 15:03:07+00:00,0.35540017851829814,0,0
O3602,2.0,13,4,25.009999999999998,6.18,30.02,61.21,72.59595238095238,2026-03-05 15:34:46+00:00,0.40859336709687955,0,0
O3608,1.0,15,12,19.87,18.59,19.67,58.13,74.65140333465975,2026-03-05 22:28:37+00:00,0.3418200584895923,0,0
O3608,2.0,8,6,10.889999999999999,9.35,10.87,31.11,38.36922262922263,2026-03-05 22:59:33+00:00,0.3500482160077145,0,0
O3609,1.0,15,12,15.86,29.1,15.670000000000002,60.63,75.95536870786287,2026-03-05 23:16:13+00:00,0.26158667326406065,0,0
O3609,2.0,8,6,16.78,5.08,12.43,34.29,41.88197802197802,2026-03-05 23:47:27+00:00,0.48935549722951305,0,0
O3611,1.0,14,9,34.57,11.05,24.71,70.33,91.63527451634012,2026-03-06 00:55:15+00:00,0.49153988340679655,0,0
O3611,2.0,13,5,31.57,3.01,38.0,72.58,85.11309523809524,2026-03-06 01:32:57+00:00,0.4349683108294296,0,0
O3615,1.0,15,9,29.53,17.57,20.68,67.78,90.4229944556351,2026-03-06 05:05:56+00:00,0.43567424018884626,0,0
O3615,2.0,13,6,17.86,11.74,25.78,55.38,61.69521571021571,2026-03-06 05:35:09+00:00,0.32249909714698444,0,0
O3620,1.0,14,7,20.97,17.79,27.439999999999998,66.2,76.70633796028532,2026-03-06 09:18:35+00:00,0.31676737160120844,0,0
O3620,2.0,13,5,14.82,9.76,31.27,55.85,55.51838827838828,2026-03-06 09:42:09+00:00,0.26535362578334826,0,0
O3622,1.0,16,9,19.7,22.58,28.87,71.15,86.32352783668573,2026-03-06 11:01:09+00:00,0.2768798313422347,0,0
O3622,2.0,13,5,15.43,14.09,32.93,62.45,62.13820512820513,2026-03-06 11:24:03+00:00,0.24707766212970375,0,0
O3624,1.0,15,10,19.36,25.61,16.34,61.31,82.05968647461776,2026-03-06 12:33:56+00:00,0.31577230468112866,0,0
O3624,2.0,8,6,11.59,11.57,9.79,32.95,41.406190476190474,2026-03-06 13:04:24+00:00,0.3517450682852807,0,0
O3625,1.0,14,7,16.7,24.049999999999997,27.34,68.09,76.22847599768653,2026-03-06 13:28:10+00:00,0.24526362167719193,0,0
O3625,2.0,13,5,11.120000000000001,11.62,32.21,54.95,49.49930402930403,2026-03-06 13:52:08+00:00,0.2023657870791629,0,0
O3627,1.0,14,7,13.48,27.25,28.6,69.33,72.51380084827453,2026-03-06 15:19:13+00:00,0.19443242463579982,0,0
O3627,2.0,13,5,11.86,13.75,33.84,59.45,56.53302197802198,2026-03-06 15:52:54+00:00,0.19949537426408745,0,0
O3629,1.0,15,10,19.25,21.42,23.11,63.78,73.59906160394883,2026-03-06 20:20:50+00:00,0.301818751959862,0,0
O3629,2.0,8,5,13.0,17.05,9.6,39.65,50.87627187627187,2026-03-06 20:03:03+00:00,0.3278688524590164,1,269
O3635,1.0,13,8,17.57,21.21,26.11,64.89,71.25384915279652,2026-03-07 01:03:22+00:00,0.2707659115426106,0,0
O3635,2.0,13,5,10.79,15.91,33.44,60.14,52.41776963776964,2026-03-07 01:29:45+00:00,0.17941469903558363,0,0
O3649,1.0,16,10,27.779999999999998,17.48,17.42,62.68,91.675059712774,2026-03-07 12:00:26+00:00,0.44320357370772173,0,0
O3649,2.0,10,6,10.93,7.710000000000001,12.11,30.75,35.102600732600735,2026-03-07 12:28:49+00:00,0.3554471544715447,0,0
O3680,1.0,14,11,17.98,27.03,18.43,63.44,79.65734211903384,2026-03-08 12:49:07+00:00,0.2834174022698613,0,0
O3680,2.0,9,5,9.0,8.59,14.989999999999998,32.58,34.44419413919414,2026-03-08 13:22:26+00:00,0.27624309392265195,0,0
O3681,1.0,14,8,18.6,25.98,23.27,67.85,78.6592387256297,2026-03-08 13:34:06+00:00,0.27413411938098753,0,0
O3681,2.0,13,5,13.270000000000001,17.84,33.62,64.73,62.67782051282052,2026-03-08 14:01:44+00:00,0.20500540707554457,0,0
O3722,1.0,12,8,29.04,9.82,22.5,61.36,75.34989167974882,2026-03-10 03:04:49+00:00,0.47327249022164275,1,74
O3722,2.0,7,5,10.34,4.8999999999999995,10.58,25.82,29.560000000000002,2026-03-10 03:30:50+00:00,0.4004647560030984,0,0
O3754,1.0,17,10,12.780000000000001,26.48,16.150000000000002,55.410000000000004,64.6150830902358,2026-03-12 03:25:28+00:00,0.23064428803465079,0,0
O3754,2.0,8,5,9.530000000000001,15.98,8.879999999999999,34.39,42.63614977614978,2026-03-12 03:52:52+00:00,0.2771154405350393,0,0
O3756,1.0,19,11,24.39,21.62,18.95,64.96000000000001,87.73314233385662,2026-03-12 05:51:22+00:00,0.3754618226600985,0,0
O3756,2.0,8,5,6.48,17.47,9.879999999999999,33.83,40.74380138380138,2026-03-12 05:22:12+00:00,0.19154596511971625,0,0
O3766,1.0,17,10,16.95,26.73,18.740000000000002,62.42,75.09021859731219,2026-03-12 14:23:56+00:00,0.2715475809035565,0,0
O3766,2.0,8,5,6.9,18.560000000000002,7.709999999999999,33.17,41.912205942205944,2026-03-12 14:53:08+00:00,0.20801929454326198,0,0
O3776,1.0,18,10,15.17,25.64,17.17,57.98,69.37139862096824,2026-03-13 00:52:29+00:00,0.26164194549844777,0,0
O3776,2.0,7,5,7.25,16.59,4.54,28.38,38.65492877492878,2026-03-13 01:22:23+00:00,0.255461592670895,0,0
O3780,1.0,17,9,13.23,23.9,18.83,55.96,64.26125524117228,2026-03-13 03:49:56+00:00,0.23641887062187278,0,0
O3780,2.0,7,4,3.21,25.37,3.46,32.04,44.76981684981685,2026-03-13 04:17:46+00:00,0.10018726591760299,0,0
O3783,1.0,18,10,17.0,24.36,21.84,63.199999999999996,73.08916972339063,2026-03-13 06:08:36+00:00,0.26898734177215194,0,0
O3783,2.0,7,5,5.17,16.18,6.03,27.380000000000003,34.72400081400082,2026-03-13 06:39:22+00:00,0.18882395909422933,0,0
O3784,1.0,18,10,14.9,29.74,20.09,64.73,73.8680141777964,2026-03-13 06:53:45+00:00,0.2301869303259694,0,0
O3784,2.0,7,4,4.27,13.39,3.79,21.45,27.96333333333333,2026-03-13 07:23:57+00:00,0.19906759906759905,0,0
O3786,1.0,18,10,18.78,27.04,19.41,65.23,77.63047343000675,2026-03-13 08:34:09+00:00,0.2879043384945577,0,0
O3786,2.0,7,5,3.5999999999999996,14.91,6.58,25.09,31.10851444851445,2026-03-13 09:00:41+00:00,0.1434834595456357,0,0
O3788,1.0,18,10,16.65,26.21,18.71,61.57,72.72698802393124,2026-03-13 10:08:10+00:00,0.2704239077472795,0,0
O3788,2.0,7,5,4.57,15.75,7.6,27.92,33.783679283679284,2026-03-13 10:38:40+00:00,0.16368194842406877,0,0
O3789,1.0,18,10,14.13,29.59,22.32,66.04,75.17826972276804,2026-03-13 10:58:42+00:00,0.21396123561477892,0,0
O3789,2.0,7,5,5.21,11.25,3.51,19.97,26.69938542938543,2026-03-13 11:24:46+00:00,0.26089133700550826,0,0
O3791,1.0,14,7,15.690000000000001,24.76,25.64,66.09,71.242380095538,2026-03-13 12:30:50+00:00,0.23740354062641852,0,0
O3791,2.0,13,5,11.41,16.47,37.36,65.24,55.74258852258852,2026-03-13 13:00:51+00:00,0.17489270386266095,0,0
O3792,1.0,19,10,15.66,31.15,20.53,67.34,79.22905468378116,2026-03-13 13:19:08+00:00,0.23255123255123253,0,0
O3792,2.0,7,4,1.98,21.17,3.15,26.3,36.4478021978022,2026-03-13 13:47:23+00:00,0.0752851711026616,0,0
O3793,1.0,18,9,12.33,35.699999999999996,25.08,73.11,80.28360359025643,2026-03-13 14:13:46+00:00,0.16864997948297086,0,0
O3793,2.0,7,5,7.34,14.42,4.37,26.13,35.37990638990639,2026-03-13 14:43:07+00:00,0.2809031764255645,0,0
O3797,1.0,18,10,20.07,18.73,20.59,59.39,67.89739253400649,2026-03-13 20:25:36+00:00,0.3379356794073076,0,0
O3797,2.0,7,5,3.92,21.52,4.8,30.240000000000002,43.75769230769231,2026-03-13 21:00:35+00:00,0.12962962962962962,0,0
O3801,1.0,18,9,11.629999999999999,28.009999999999998,17.88,57.519999999999996,66.91146359646748,2026-03-13 23:59:50+00:00,0.20219054242002782,0,0
O3801,2.0,8,4,4.41,26.23,9.379999999999999,40.019999999999996,49.78051282051282,2026-03-14 00:31:12+00:00,0.11019490254872565,0,0
O3806,1.0,18,10,14.71,22.099999999999998,21.96,58.769999999999996,63.842920084409585,2026-03-14 03:50:45+00:00,0.2502977709715842,0,0
O3806,2.0,7,5,6.99,18.99,6.71,32.69,42.71183964183964,2026-03-14 04:28:38+00:00,0.21382685836647294,0,0
O3807,1.0,19,11,14.17,21.560000000000002,18.1,53.83,64.56309301737355,2026-03-14 04:44:19+00:00,0.2632361136912502,1,184
O3807,2.0,8,5,13.100000000000001,15.7,0.0,28.8,47.21336996336996,2026-03-14 05:13:05+00:00,0.45486111111111116,0,0
O3808,1.0,18,11,20.22,24.96,19.25,64.42999999999999,79.01376030757285,2026-03-14 05:27:48+00:00,0.31382896166382124,0,0
O3808,2.0,7,5,9.43,13.94,2.22,25.59,38.455466015466016,2026-03-14 05:56:10+00:00,0.3685033216100039,0,0
O3809,1.0,15,7,17.14,23.419999999999998,27.77,68.33,72.36333676070518,2026-03-14 06:08:49+00:00,0.2508415044636324,0,0
O3809,2.0,13,5,5.82,17.43,30.33,53.58,46.90316239316239,2026-03-14 06:39:50+00:00,0.1086226203807391,0,0
O3811,1.0,19,10,17.44,28.5,24.82,70.76,79.66342032716418,2026-03-14 07:52:26+00:00,0.24646693046919163,0,0
O3811,2.0,7,5,8.09,14.68,7.1,29.869999999999997,38.73911273911274,2026-03-14 08:23:15+00:00,0.2708403080013392,0,0
O3812,1.0,18,10,14.8,25.1,21.07,60.97,69.54068063721681,2026-03-14 08:42:08+00:00,0.24274233229457112,0,0
O3812,2.0,7,5,11.49,14.37,7.31,33.17,43.828485958485956,2026-03-14 09:10:00+00:00,0.34639734700030145,0,0
O3813,1.0,20,11,18.490000000000002,38.21,20.63,77.33,95.05825219188766,2026-03-14 09:27:28+00:00,0.239105133841976,0,0
O3813,2.0,8,5,6.33,12.79,11.32,30.439999999999998,33.93226699226699,2026-03-14 09:56:47+00:00,0.20795006570302235,0,0
O3815,1.0,18,10,16.46,28.2,19.29,63.95,76.74506517820804,2026-03-14 11:03:02+00:00,0.2573885848318999,0,0
O3815,2.0,9,6,8.38,16.43,7.46,32.27,42.578404558404564,2026-03-14 11:30:53+00:00,0.25968391695072823,0,0
O3828,1.0,18,11,22.869999999999997,23.06,21.56,67.49,83.26314789352227,2026-03-14 21:46:10+00:00,0.3388650170395614,1,75
O3828,2.0,7,5,13.420000000000002,10.22,5.83,29.47,45.92355311355311,2026-03-14 22:16:56+00:00,0.45537835086528683,0,0
O3830,1.0,17,10,15.96,25.09,17.83,58.88,71.28890006847357,2026-03-14 23:27:43+00:00,0.2710597826086957,1,218
O3830,2.0,7,5,13.55,13.07,4.87,31.490000000000002,51.952454212454214,2026-03-14 23:40:13+00:00,0.4302953318513814,0,0
O3843,1.0,16,9,25.33,17.240000000000002,19.39,61.96,88.51399492003976,2026-03-15 09:59:42+00:00,0.4088121368624919,0,0
O3843,2.0,7,5,10.15,5.28,7.08,22.51,35.58115384615384,2026-03-15 10:32:29+00:00,0.4509107063527321,0,0
O3872,1.0,17,10,14.830000000000002,26.419999999999998,28.32,69.57,74.31819192311544,2026-03-16 09:07:50+00:00,0.2131665947966078,0,0
O3872,2.0,13,5,8.16,13.530000000000001,31.41,53.1,44.271628001628,2026-03-16 09:42:47+00:00,0.1536723163841808,0,0
O3883,1.0,14,10,11.58,24.67,18.88,55.13,58.83053380894449,2026-03-16 21:11:55+00:00,0.2100489751496463,0,0
O3883,2.0,10,5,13.77,12.290000000000001,8.29,34.35,44.33015262515262,2026-03-16 21:43:10+00:00,0.4008733624454148,1,79
O3898,1.0,14,11,18.42,19.16,19.72,57.3,63.79307317491658,2026-03-17 08:59:48+00:00,0.3214659685863875,1,441
O3898,2.0,7,5,7.35,22.21,4.42,33.980000000000004,47.81452177452177,2026-03-17 09:31:57+00:00,0.21630370806356677,0,0
O3900,1.0,14,11,22.939999999999998,16.62,19.0,58.56,72.43127646154247,2026-03-17 10:47:30+00:00,0.39173497267759555,1,300
O3900,2.0,8,6,13.07,12.32,7.449999999999999,32.839999999999996,48.83374033374033,2026-03-17 11:15:34+00:00,0.39799025578562736,0,0
O3931,1.0,9,7,40.55,7.07,12.3,59.92,81.24454003139718,2026-03-18 15:48:37+00:00,0.67673564753004,1,348
O3959,1.0,14,11,25.55,14.120000000000001,18.14,57.81,76.48348351648352,2026-03-19 20:05:39+00:00,0.4419650579484518,1,181
O3959,2.0,7,5,6.34,19.27,3.81,29.42,42.49115384615385,2026-03-19 16:44:39+00:00,0.21549966009517332,0,0
O3973,1.0,14,9,14.809999999999999,19.33,26.23,60.37,59.54483411826269,2026-03-20 07:24:51+00:00,0.2453205234387941,0,0
O3973,2.0,13,5,11.12,12.39,37.05,60.56,51.636538461538464,2026-03-20 07:52:56+00:00,0.18361955085865256,0,0
O3999,1.0,15,11,12.84,25.38,21.17,59.39,64.3770131372387,2026-03-21 07:24:39+00:00,0.21619801313352416,0,0
O3999,2.0,7,5,5.86,20.08,7.19,33.13,38.268736263736265,2026-03-21 07:55:22+00:00,0.1768789616661636,0,0
O4003,1.0,14,10,14.76,29.59,22.5,66.85,73.58146272274092,2026-03-21 11:28:28+00:00,0.22079281974569934,0,0
O4003,2.0,7,5,9.0,15.469999999999999,6.85,31.32,44.65119047619047,2026-03-21 11:54:55+00:00,0.28735632183908044,0,0
O4030,1.0,13,10,20.98,22.21,12.68,55.870000000000005,73.13633594976453,2026-03-22 09:19:19+00:00,0.37551458743511723,1,112
O4030,2.0,8,7,16.43,15.4,3.96,35.79,51.9957326007326,2026-03-22 09:46:21+00:00,0.459066778429729,0,0
O4035,1.0,13,9,20.43,21.479999999999997,15.88,57.79,71.29276295133438,2026-03-22 13:27:45+00:00,0.3535213704793217,1,79
O4035,2.0,7,6,12.44,18.09,5.41,35.94,47.2493956043956,2026-03-22 13:52:35+00:00,0.34613244296048973,0,0
O4041,1.0,14,10,20.61,18.07,13.39,52.07,68.07894351262772,2026-03-22 18:02:58+00:00,0.39581332821202225,0,0
O4041,2.0,7,6,16.64,12.780000000000001,3.88,33.3,49.4578021978022,2026-03-22 18:32:54+00:00,0.49969969969969974,1,65
O4051,1.0,16,9,26.62,19.89,22.05,68.56,87.59745462557493,2026-03-23 02:18:09+00:00,0.3882730455075846,0,0
O4051,2.0,8,8,6.05,18.06,11.76,35.87,40.641611721611724,2026-03-23 02:50:37+00:00,0.16866462224700307,0,0
O4063,1.0,16,9,18.13,24.86,16.82,59.81,72.92710054313503,2026-03-23 12:31:00+00:00,0.3031265674636348,0,0
O4063,2.0,7,6,13.919999999999998,14.290000000000001,2.47,30.68,50.47772893772893,2026-03-23 13:03:13+00:00,0.453715775749674,0,0
O4069,1.0,18,11,23.77,20.58,19.2,63.55,76.54024647161671,2026-03-23 20:19:25+00:00,0.37403619197482296,0,0
O4069,2.0,8,6,11.34,10.25,7.84,29.43,39.26626373626374,2026-03-23 19:48:57+00:00,0.3853211009174312,0,0
O4076,1.0,14,10,17.54,31.52,16.8,65.86,79.60766264847416,2026-03-24 01:44:14+00:00,0.26632250227755844,0,0
O4076,2.0,7,6,9.07,13.52,7.67,30.259999999999998,32.793021978021976,2026-03-24 02:13:11+00:00,0.29973562458691344,0,0
O4081,1.0,14,10,22.34,26.96,15.91,65.21,82.69657804989927,2026-03-24 05:21:57+00:00,0.3425854930225426,0,0
O4081,2.0,7,6,9.2,13.76,3.66,26.62,35.015421245421244,2026-03-24 05:49:04+00:00,0.34560480841472574,0,0
O4087,1.0,14,7,17.64,25.55,10.36,53.55,67.46394702177953,2026-03-24 10:40:50+00:00,0.3294117647058824,0,0
O4087,2.0,8,6,13.76,13.08,10.19,37.03,46.75673992673993,2026-03-24 11:04:08+00:00,0.3715906022144207,1,106
O4097,1.0,14,10,14.31,25.5,18.23,58.04,64.45894402641693,2026-03-24 23:33:33+00:00,0.2465541006202619,1,565
O4097,2.0,8,7,16.72,10.91,3.2899999999999996,30.92,47.26424908424909,2026-03-25 00:02:07+00:00,0.5407503234152652,0,0
O4111,1.0,17,10,22.71,23.63,19.96,66.3,80.34420198848771,2026-03-25 11:13:16+00:00,0.3425339366515837,1,82
O4111,2.0,7,6,8.81,11.34,1.18,21.330000000000002,37.41421245421245,2026-03-25 11:42:15+00:00,0.41303328645100795,0,0
O4122,1.0,14,10,20.21,13.25,22.46,55.92,65.2551754385965,2026-03-25 22:43:20+00:00,0.3614091559370529,0,0
O4122,2.0,8,7,10.690000000000001,18.83,3.9,33.42,46.02912087912088,2026-03-25 23:12:37+00:00,0.31986834230999406,1,170
O4151,1.0,16,10,27.67,14.93,27.03,69.63,80.09354884463907,2026-03-27 00:48:35+00:00,0.397386184116042,1,458
O4151,2.0,8,7,17.09,14.52,10.04,41.65,52.885677655677654,2026-03-27 01:16:13+00:00,0.41032412965186077,0,0
O4176,1.0,16,10,27.259999999999998,13.59,20.82,61.67,78.03371376242805,2026-03-27 22:23:00+00:00,0.4420301605318631,0,0
O4176,2.0,7,6,11.76,12.48,5.93,30.17,37.56100732600733,2026-03-27 22:50:04+00:00,0.38979118329466356,1,222
O4183,1.0,11,5,23.98,12.15,14.290000000000001,50.42,71.95838827838828,2026-03-23 11:34:20+00:00,0.47560491868306226,1,99
O4183,2.0,8,5,10.57,17.8,6.65,35.02,41.450641025641026,2026-03-28 05:34:58+00:00,0.3018275271273558,0,0
O4199,1.0,15,9,15.23,23.78,18.509999999999998,57.519999999999996,67.57078410311493,2026-03-28 17:29:14+00:00,0.2647774687065369,0,0
O4199,2.0,8,5,17.42,12.34,9.93,39.69,46.862747252747255,2026-03-28 17:56:07+00:00,0.43890148652053423,0,0
O4200,1.0,14,9,16.28,23.770000000000003,20.39,60.44,68.8363100057837,2026-03-28 20:33:02+00:00,0.2693580410324289,1,598
O4200,2.0,9,5,12.780000000000001,10.51,13.7,36.99,38.674358974358974,2026-03-28 21:03:42+00:00,0.34549878345498786,0,0
O4231,1.0,14,10,29.72,21.05,16.49,67.26,86.51805075876504,2026-03-29 20:28:52+00:00,0.44186738031519474,1,115
O4231,2.0,8,5,12.66,11.77,6.34,30.77,35.16186813186813,2026-03-29 20:57:33+00:00,0.41143971400714985,0,0
O4236,1.0,14,9,21.87,23.990000000000002,17.64,63.5,70.66522041177214,2026-03-30 00:15:16+00:00,0.3444094488188977,1,89
O4236,2.0,8,5,10.01,11.84,8.850000000000001,30.7,33.25750915750916,2026-03-30 00:44:06+00:00,0.3260586319218241,0,0
O4237,1.0,14,9,18.740000000000002,26.34,19.18,64.26,68.28407982821776,2026-03-30 01:06:43+00:00,0.2916277622159975,1,70
O4237,2.0,12,4,5.12,19.439999999999998,30.08,54.64,47.24864468864469,2026-03-30 01:23:56+00:00,0.09370424597364568,0,0
O4245,1.0,16,11,26.72,14.74,12.49,53.95,73.82999178981937,2026-03-30 08:55:14+00:00,0.49527340129749764,0,0
O4245,2.0,9,6,12.43,13.0,9.0,34.43,39.565567765567764,2026-03-30 09:25:16+00:00,0.36102236421725237,0,0
O4262,1.0,13,9,18.16,21.68,18.5,58.34,66.4273956043956,2026-03-31 00:58:07+00:00,0.31127871100445664,0,0
O4262,2.0,8,4,13.79,11.740000000000002,9.04,34.57,36.995384615384616,2026-03-31 01:22:47+00:00,0.3989007810240092,0,0
O4263,1.0,13,9,17.87,26.94,14.28,59.09,72.67098534798535,2026-03-31 01:46:26+00:00,0.30242003723134203,0,0
O4263,2.0,8,4,13.11,12.46,9.77,35.34,38.81344322344322,2026-03-31 02:14:13+00:00,0.3709677419354838,0,0
O4274,1.0,12,8,19.049999999999997,22.27,13.91,55.23,68.72598534798536,2026-03-31 10:40:41+00:00,0.3449212384573601,0,0
O4274,2.0,8,4,20.310000000000002,2.6599999999999997,11.99,34.96,39.86754578754579,2026-03-31 11:03:46+00:00,0.5809496567505721,0,0
O4275,1.0,15,10,17.77,19.61,26.92,64.3,72.21215541601256,2026-03-31 11:25:36+00:00,0.27636080870917573,0,0
O4275,2.0,13,4,6.93,17.72,37.58,62.23,49.68820512820513,2026-03-31 11:53:35+00:00,0.11136107986501688,0,0
O4278,1.0,15,9,14.629999999999999,24.07,27.5,66.2,68.18860962846676,2026-03-31 14:17:48+00:00,0.22099697885196373,0,0
O4278,2.0,13,5,6.1899999999999995,18.68,40.41,65.28,50.456813186813186,2026-03-31 14:49:52+00:00,0.09482230392156862,0,0
O4279,1.0,17,10,17.12,28.369999999999997,30.84,76.33,85.35832653061225,2026-03-31 15:17:33+00:00,0.2242892702738111,0,0
O4279,2.0,13,5,5.82,21.97,36.79,64.58,53.905091575091575,2026-03-31 15:44:14+00:00,0.09012078042737691,0,0
O4280,1.0,9,6,33.769999999999996,12.92,8.5,55.19,82.73217948717948,2026-03-31 16:08:31+00:00,0.6118862112701576,1,184
O4281,1.0,11,7,35.54,14.700000000000001,4.1,54.34,95.3223704866562,2026-03-31 17:09:50+00:00,0.6540301803459697,0,0
O4281,2.0,10,6,21.220000000000002,8.99,16.0,46.21,55.202564102564104,2026-03-31 17:18:29+00:00,0.4592079636442329,0,0
O4290,1.0,13,9,15.71,26.25,17.13,59.09,67.95115541601255,2026-04-01 02:44:28+00:00,0.26586562870198005,0,0
O4290,2.0,9,6,11.309999999999999,14.16,6.04,31.509999999999998,40.163699633699636,2026-04-01 03:11:39+00:00,0.35893367185020625,1,135
O4295,1.0,13,9,15.93,25.88,16.75,58.56,68.35681109366824,2026-04-01 06:27:25+00:00,0.27202868852459017,0,0
O4295,2.0,8,6,9.55,13.81,3.84,27.2,37.43677655677656,2026-04-01 06:56:54+00:00,0.3511029411764706,1,169
O4296,1.0,15,10,16.85,15.91,29.91,62.67,63.00998116169545,2026-04-01 07:16:13+00:00,0.2688686771980214,0,0
O4296,2.0,13,5,6.11,19.65,33.47,59.23,48.987802197802196,2026-04-01 07:48:28+00:00,0.10315718385953065,0,0
O4305,1.0,15,10,22.03,20.62,30.11,72.76,76.78680429094715,2026-04-01 20:58:21+00:00,0.3027762506871908,0,0
O4305,2.0,13,5,10.170000000000002,17.34,36.13,63.64,52.2828021978022,2026-04-01 21:29:30+00:00,0.15980515399120052,0,0
O4306,1.0,16,10,19.14,23.79,26.1,69.03,69.27906609646512,2026-04-01 21:44:57+00:00,0.27727075184702304,0,0
O4306,2.0,13,5,7.85,21.84,33.66,63.35,52.38172161172161,2026-04-01 22:15:29+00:00,0.12391475927387528,0,0
O4309,1.0,16,10,15.44,21.91,26.419999999999998,63.769999999999996,64.79954272000577,2026-04-02 00:19:43+00:00,0.242120119178297,0,0
O4309,2.0,13,5,8.049999999999999,17.75,32.72,58.519999999999996,47.33807692307692,2026-04-02 00:43:17+00:00,0.1375598086124402,0,0
O4311,1.0,15,8,21.66,22.72,23.89,68.27,82.22572370486657,2026-04-02 01:58:12+00:00,0.3172696645671598,0,0
O4311,2.0,13,5,7.33,17.189999999999998,33.73,58.25,45.88335164835165,2026-04-02 02:23:09+00:00,0.12583690987124463,0,0
O4312,1.0,15,9,21.77,17.05,25.46,64.28,75.90146991104135,2026-04-02 02:48:28+00:00,0.33867454884878656,0,0
O4312,2.0,13,5,5.37,19.78,32.77,57.92,45.33065934065934,2026-04-02 03:15:11+00:00,0.09271408839779005,0,0
O4315,1.0,17,11,21.66,27.32,29.79,78.77,89.42094610151753,2026-04-02 05:37:35+00:00,0.2749777834200838,0,0
O4315,2.0,13,5,6.06,14.17,30.57,50.8,39.31445054945055,2026-04-02 06:07:46+00:00,0.11929133858267717,0,0
O4316,1.0,15,10,21.29,19.37,24.47,65.13,69.4788198632238,2026-04-02 06:49:23+00:00,0.3268846921541532,0,0
O4316,2.0,13,5,10.07,17.08,35.35,62.5,50.59148351648352,2026-04-02 07:22:38+00:00,0.16112,0,0
O4322,1.0,15,8,26.83,16.46,15.81,59.1,83.0218479763258,2026-04-02 11:52:06+00:00,0.4539763113367174,1,73
O4322,2.0,8,5,15.44,10.24,6.53,32.21,47.25194139194139,2026-04-02 12:15:49+00:00,0.47935423781434333,0,0
O4347,1.0,15,9,21.35,24.39,15.479999999999999,61.22,75.4664266767715,2026-04-03 16:33:24+00:00,0.34874224109768054,0,0
O4347,2.0,8,5,11.25,10.69,8.0,29.939999999999998,38.09697802197802,2026-04-03 17:02:32+00:00,0.37575150300601207,0,0
O4349,1.0,15,9,21.62,28.669999999999998,14.89,65.18,80.4448148934291,2026-04-03 18:05:27+00:00,0.33169683952132556,0,0
O4349,2.0,7,5,10.44,10.860000000000001,7.35,28.65,33.897893772893774,2026-04-03 18:32:13+00:00,0.3643979057591623,0,0
O4351,1.0,15,9,24.310000000000002,21.11,15.26,60.68,82.57177085855982,2026-04-03 19:33:52+00:00,0.4006262359920897,0,0
O4351,2.0,7,5,12.93,8.79,6.2,27.92,36.66904761904762,2026-04-03 19:59:28+00:00,0.4631088825214899,0,0
O4356,1.0,15,9,22.0,21.18,16.189999999999998,59.37,77.65418059168383,2026-04-03 23:40:55+00:00,0.3705575206333165,0,0
O4356,2.0,9,5,14.18,9.59,8.44,32.21,42.81717948717949,2026-04-04 00:06:48+00:00,0.44023595156783607,0,0
O4357,1.0,16,9,14.46,34.03,11.81,60.3,74.10198576680428,2026-04-04 00:37:12+00:00,0.23980099502487565,0,0
O4357,2.0,8,6,11.16,11.15,8.78,31.09,37.218699633699636,2026-04-04 01:04:25+00:00,0.358957864265037,0,0
O4358,1.0,17,10,17.72,35.93,9.719999999999999,63.37,83.52449895580179,2026-04-04 01:25:08+00:00,0.27962758403029825,0,0
O4358,2.0,8,6,7.87,19.0,9.64,36.51,38.98979853479854,2026-04-04 01:56:44+00:00,0.21555738153930432,0,0
O4359,1.0,16,9,15.010000000000002,36.11,11.42,62.54,76.68331700319385,2026-04-04 02:13:13+00:00,0.2400063959066198,0,0
O4359,2.0,9,6,5.140000000000001,16.86,14.77,36.769999999999996,34.42397435897436,2026-04-04 02:39:22+00:00,0.13978787054664132,0,0
O4363,1.0,18,10,19.04,30.31,18.13,67.48,80.30432845091129,2026-04-04 05:09:20+00:00,0.2821576763485477,0,0
O4363,2.0,8,5,7.630000000000001,17.2,4.66,29.490000000000002,35.59371794871795,2026-04-04 05:34:48+00:00,0.25873177348253645,0,0
O4364,1.0,18,10,16.6,32.17,13.280000000000001,62.05,78.01360405086228,2026-04-04 05:51:31+00:00,0.26752618855761484,0,0
O4364,2.0,8,6,10.829999999999998,12.64,3.91,27.38,34.048205128205126,2026-04-04 06:17:20+00:00,0.3955441928414901,0,0
O4365,1.0,16,9,15.54,34.25,13.96,63.75,76.66472568309747,2026-04-04 06:36:07+00:00,0.24376470588235294,0,0
O4365,2.0,7,6,7.69,17.939999999999998,2.48,28.11,36.13902930402931,2026-04-04 07:06:06+00:00,0.2735681252223408,0,0
O4366,1.0,16,9,16.73,36.34,12.73,65.8,78.23556602761167,2026-04-04 07:19:03+00:00,0.2542553191489362,0,0
O4366,2.0,7,6,6.5,19.79,4.27,30.56,37.505750915750916,2026-04-04 07:49:34+00:00,0.21269633507853403,0,0
O4374,1.0,16,9,13.489999999999998,27.25,12.86,53.6,64.3057848771227,2026-04-04 13:51:22+00:00,0.2516791044776119,0,0
O4374,2.0,7,6,10.469999999999999,18.62,6.0,35.09,42.233333333333334,2026-04-04 14:17:43+00:00,0.29837560558563686,1,303
O4379,1.0,16,9,16.11,37.11,11.94,65.16,81.40186384870856,2026-04-04 17:23:39+00:00,0.2472375690607735,0,0
O4379,2.0,7,6,10.67,13.510000000000002,7.25,31.43,35.23617216117216,2026-04-04 17:50:19+00:00,0.3394845688832326,0,0
O4380,1.0,15,10,20.4,17.36,27.77,65.53,71.50952681153433,2026-04-04 18:16:46+00:00,0.311307797955135,0,0
O4380,2.0,13,5,4.21,22.79,30.91,57.91,48.756080586080586,2026-04-04 18:26:49+00:00,0.07269901571403903,0,0
O4387,1.0,16,9,19.61,31.26,11.05,61.92,83.33926483506987,2026-04-05 00:10:55+00:00,0.3166989664082687,0,0
O4387,2.0,7,6,10.71,8.200000000000001,5.33,24.240000000000002,32.31128205128205,2026-04-05 00:36:28+00:00,0.44183168316831684,0,0
O4390,1.0,16,9,20.509999999999998,30.630000000000003,11.139999999999999,62.28,82.52930972646556,2026-04-05 02:27:51+00:00,0.3293192035966602,0,0
O4390,2.0,8,6,9.72,11.86,8.94,30.52,32.89163003663004,2026-04-05 02:57:16+00:00,0.31847968545216254,0,0
O4394,1.0,16,9,16.28,33.1,12.879999999999999,62.26,76.03866238160768,2026-04-05 05:45:18+00:00,0.26148409893992935,0,0
O4394,2.0,8,6,12.46,13.93,9.18,35.57,42.75165649165649,2026-04-05 05:15:33+00:00,0.3502951925780152,0,0
O4396,1.0,16,9,14.850000000000001,36.5,9.790000000000001,61.14,78.64954659764227,2026-04-05 09:09:48+00:00,0.24288518155053976,0,0
O4396,2.0,7,6,11.370000000000001,16.42,8.33,36.12,40.85954212454213,2026-04-05 09:38:44+00:00,0.3147840531561462,0,0
O4397,1.0,16,10,19.29,33.85,14.27,67.41,86.46424029000124,2026-04-05 09:58:29+00:00,0.2861593235425011,0,0
O4397,2.0,7,6,6.46,18.21,2.83,27.5,35.1140293040293,2026-04-05 10:30:34+00:00,0.2349090909090909,0,0
O4400,1.0,17,10,15.35,29.08,22.92,67.35,72.49257479621753,2026-04-05 12:17:23+00:00,0.22791388270230142,0,0
O4400,2.0,13,5,2.43,22.98,30.16,55.57,46.41771062271062,2026-04-05 12:46:12+00:00,0.04372863055605543,0,0
O4405,1.0,16,9,16.02,33.16,14.0,63.18,77.15042406603854,2026-04-05 16:12:03+00:00,0.25356125356125353,0,0
O4405,2.0,7,6,7.53,15.05,6.51,29.09,33.65223443223444,2026-04-05 16:42:58+00:00,0.2588518391199725,0,0
O4425,1.0,15,8,14.17,35.09,15.06,64.32,77.42862458343662,2026-04-06 08:02:28+00:00,0.22030472636815923,1,839
O4425,2.0,7,6,9.01,10.790000000000001,3.96,23.759999999999998,27.65342490842491,2026-04-06 08:32:21+00:00,0.3792087542087542,0,0
O4427,1.0,14,10,25.450000000000003,18.82,20.62,64.89,75.34479702002258,2026-04-06 09:58:50+00:00,0.3922021883186932,0,0
O4427,2.0,13,5,11.87,11.57,34.61,58.05,51.8229304029304,2026-04-06 10:27:02+00:00,0.2044788975021533,0,0
O4439,1.0,14,8,16.03,23.32,15.19,54.54,65.3893927125506,2026-04-06 21:57:06+00:00,0.29391272460579393,0,0
O4439,2.0,17,8,16.14,32.49,17.52,66.15,76.30181318681319,2026-04-06 23:21:28+00:00,0.2439909297052154,0,0
O4455,1.0,16,9,22.63,19.21,26.97,68.81,74.48539037153323,2026-04-07 11:27:46+00:00,0.32887661677081814,0,0
O4455,2.0,7,5,12.0,12.18,2.46,26.64,40.01725274725275,2026-04-07 11:54:16+00:00,0.45045045045045046,1,359
O4464,1.0,16,9,28.8,22.93,16.37,68.1,86.16780137156077,2026-04-07 21:47:11+00:00,0.4229074889867842,0,0
O4464,2.0,7,6,12.43,11.82,4.0,28.25,35.56300366300366,2026-04-07 22:19:08+00:00,0.44,0,0
O4480,1.0,14,10,19.44,19.189999999999998,19.16,57.79,69.73848351648351,2026-04-09 00:59:28+00:00,0.3363903789582973,0,0
O4480,2.0,8,5,8.68,16.13,9.51,34.32,38.26294871794872,2026-04-09 01:30:43+00:00,0.2529137529137529,1,73
O4482,1.0,14,10,19.34,20.32,14.68,54.34,65.4953743301034,2026-04-09 03:00:44+00:00,0.35590725064409273,0,0
O4482,2.0,8,5,8.09,17.03,8.13,33.25,38.99342490842491,2026-04-09 03:28:25+00:00,0.24330827067669172,0,0
O4487,1.0,14,9,14.76,30.19,19.130000000000003,64.08,72.8050167451596,2026-04-09 07:06:44+00:00,0.2303370786516854,0,0
O4487,2.0,7,5,7.24,14.09,1.78,23.11,30.60349816849817,2026-04-09 07:34:19+00:00,0.3132842925140632,0,0
O4488,1.0,16,10,28.33,22.479999999999997,23.380000000000003,74.19,88.82582155939299,2026-04-09 07:50:34+00:00,0.3818573931796738,1,499
O4488,2.0,8,6,12.129999999999999,10.74,9.940000000000001,32.81,38.41754578754579,2026-04-09 08:24:37+00:00,0.3697043584273087,0,0
O4500,1.0,13,9,25.6,14.33,19.560000000000002,59.49,71.01865672422815,2026-04-09 20:08:47+00:00,0.43032442427298706,0,0
O4500,2.0,7,4,9.76,10.41,6.609999999999999,26.78,32.49619047619048,2026-04-09 20:21:35+00:00,0.3644510828976848,1,202
O4502,1.0,13,8,23.52,12.63,21.25,57.4,59.49566614338043,2026-04-09 21:46:58+00:00,0.4097560975609756,0,0
O4502,2.0,7,3,13.120000000000001,8.76,11.17,33.05,34.980476190476196,2026-04-09 22:10:04+00:00,0.3969742813918306,1,184
O4505,1.0,13,8,19.75,13.059999999999999,17.94,50.75,58.87749816849817,2026-04-10 00:09:41+00:00,0.3891625615763547,0,0
O4505,2.0,7,4,19.02,6.11,14.4,39.53,46.31428571428572,2026-04-10 00:39:11+00:00,0.4811535542625854,1,137
O4507,1.0,11,7,37.47,9.620000000000001,10.370000000000001,57.46,81.86465567765568,2026-04-10 02:13:09+00:00,0.6521058127392969,1,138
O4510,1.0,13,8,25.15,13.31,18.25,56.71,69.10212820512821,2026-04-10 04:37:24+00:00,0.4434843942867219,1,70
O4510,2.0,7,4,10.96,9.530000000000001,10.48,30.97,35.86119047619047,2026-04-10 05:02:33+00:00,0.3538908621246368,0,0
O4511,1.0,13,8,27.189999999999998,12.53,18.84,58.56,70.49334379905808,2026-04-10 05:37:25+00:00,0.4643101092896174,0,0
O4511,2.0,7,4,8.44,10.309999999999999,12.73,31.48,34.80047619047619,2026-04-10 06:03:55+00:00,0.2681067344345616,1,277
O4515,1.0,13,8,23.200000000000003,13.75,20.51,57.46,67.36667032967034,2026-04-10 08:47:06+00:00,0.40375913679081105,0,0
O4515,2.0,7,4,14.54,6.47,12.04,33.05,41.227619047619044,2026-04-10 09:17:12+00:00,0.43993948562783664,1,356
O4519,1.0,15,9,20.3,20.38,25.55,66.23,71.75346084992702,2026-04-10 12:20:22+00:00,0.30650762494337913,0,0
O4519,2.0,13,5,12.0,17.98,33.16,63.14,60.48630036630037,2026-04-10 12:51:23+00:00,0.19005384859043395,0,0
O4521,1.0,15,7,22.630000000000003,11.879999999999999,33.7,68.21,66.38663003663004,2026-04-10 13:58:58+00:00,0.3317695352587598,0,0
O4521,2.0,13,5,15.809999999999999,15.84,30.59,62.24,60.07633699633699,2026-04-10 14:29:02+00:00,0.2540167095115681,0,0
O4522,1.0,16,10,23.52,13.98,32.07,69.57,73.89798245614035,2026-04-10 14:59:46+00:00,0.33807675722294095,0,0
O4522,2.0,13,5,16.41,11.31,34.05,61.769999999999996,55.431868131868136,2026-04-10 15:29:36+00:00,0.2656629431762992,0,0
O4523,1.0,17,9,36.18,13.450000000000001,15.459999999999999,65.09,90.49178908810488,2026-04-10 16:12:43+00:00,0.5558457520356429,0,0
O4526,1.0,17,9,25.53,26.42,19.509999999999998,71.46000000000001,93.16161067503924,2026-04-10 21:50:53+00:00,0.3572628043660789,0,0
O4526,2.0,8,5,8.5,12.01,7.5,28.009999999999998,30.72234432234432,2026-04-10 22:15:35+00:00,0.3034630489111032,0,0
O4530,1.0,15,9,11.2,25.58,17.78,54.56,60.19035331318064,2026-04-11 01:18:57+00:00,0.20527859237536655,0,0
O4530,2.0,9,6,11.219999999999999,17.89,9.24,38.35,45.8568315018315,2026-04-11 02:06:52+00:00,0.29256844850065183,0,0
O4534,1.0,15,9,16.5,35.16,16.759999999999998,68.42,81.59615094956034,2026-04-11 04:35:48+00:00,0.24115755627009647,0,0
O4534,2.0,8,5,7.109999999999999,14.61,10.06,31.78,34.70406593406594,2026-04-11 05:01:55+00:00,0.22372561359345497,0,0
O4535,1.0,15,10,17.03,25.43,21.67,64.13,71.36707399989173,2026-04-11 05:20:54+00:00,0.26555434274130674,0,0
O4535,2.0,7,5,5.7,15.420000000000002,6.51,27.63,31.33529304029304,2026-04-11 05:46:48+00:00,0.20629750271444083,1,29
O4543,1.0,16,10,22.89,25.92,14.39,63.2,82.71550482686443,2026-04-11 11:49:30+00:00,0.36218354430379746,0,0
O4543,2.0,7,5,5.83,18.4,6.96,31.19,35.52934065934066,2026-04-11 12:15:56+00:00,0.18691888425777492,0,0
O4545,1.0,16,10,23.98,24.77,15.73,64.48,80.63202677781989,2026-04-11 13:17:57+00:00,0.3718982630272953,0,0
O4545,2.0,8,5,3.58,14.27,7.279999999999999,25.13,26.42043956043956,2026-04-11 13:44:23+00:00,0.1424592120970951,0,0
O4552,1.0,16,10,19.8,25.33,13.969999999999999,59.1,74.05043158483552,2026-04-11 18:48:56+00:00,0.3350253807106599,0,0
O4552,2.0,8,5,12.81,11.14,10.35,34.3,45.2956043956044,2026-04-11 19:12:02+00:00,0.3734693877551021,1,353
O4555,1.0,17,10,32.11,17.95,15.35,65.41,97.53896934264422,2026-04-11 21:21:11+00:00,0.4909035315700963,0,0
O4555,2.0,8,5,10.49,9.7,5.4799999999999995,25.67,37.02831501831502,2026-04-11 21:47:31+00:00,0.4086482275029217,0,0
O4557,1.0,16,9,24.13,28.599999999999998,15.92,68.65,89.26155340226276,2026-04-11 22:55:54+00:00,0.3514930808448652,0,0
O4557,2.0,8,5,9.54,14.77,8.19,32.5,36.9803663003663,2026-04-11 23:21:26+00:00,0.2935384615384615,0,0
O4561,1.0,17,11,25.44,23.56,15.7,64.7,84.52150105559465,2026-04-12 01:32:43+00:00,0.3931993817619784,1,229
O4561,2.0,8,6,15.62,15.59,6.3,37.51,53.579578754578755,2026-04-12 02:36:48+00:00,0.41642228739002934,0,0
O4565,1.0,17,11,21.52,18.05,20.880000000000003,60.45,70.30013484545012,2026-04-12 05:23:40+00:00,0.3559966914805624,1,247
O4565,2.0,7,7,9.06,14.93,2.68,26.67,36.74937728937729,2026-04-12 05:56:05+00:00,0.33970753655793023,0,0
O4573,1.0,16,10,18.91,28.22,13.629999999999999,60.76,79.4860698677349,2026-04-12 12:45:16+00:00,0.3112244897959184,0,0
O4573,2.0,8,5,8.68,12.89,10.27,31.84,31.839358974358973,2026-04-12 13:10:13+00:00,0.27261306532663315,0,0
O4576,1.0,16,10,21.28,25.08,15.71,62.07,79.9024822172901,2026-04-12 15:07:14+00:00,0.34283873046560337,0,0
O4576,2.0,8,5,9.350000000000001,20.330000000000002,6.65,36.33,44.71419413919414,2026-04-12 15:34:16+00:00,0.257363060831269,0,0
O4577,1.0,16,10,25.46,19.59,14.81,59.86,78.24545000811996,2026-04-12 16:12:04+00:00,0.42532576010691614,0,0
O4577,2.0,8,4,7.140000000000001,22.259999999999998,8.87,38.269999999999996,44.83615384615384,2026-04-12 16:36:01+00:00,0.18656911418865957,0,0
O4578,1.0,17,11,27.5,22.23,16.55,66.28,87.22543207203306,2026-04-12 17:04:08+00:00,0.41490645745322874,0,0
O4578,2.0,8,4,12.43,11.69,8.39,32.51,37.06470695970696,2026-04-12 17:32:26+00:00,0.3823438941864042,0,0
O4580,1.0,18,11,27.0,22.009999999999998,14.69,63.699999999999996,84.16110391742905,2026-04-12 18:33:39+00:00,0.423861852433281,0,0
O4580,2.0,8,4,7.95,14.73,5.98,28.66,33.776758241758245,2026-04-12 19:00:07+00:00,0.2773900907187718,0,0
O4582,1.0,16,8,20.42,21.509999999999998,15.100000000000001,57.03,66.78593065555134,2026-04-12 20:02:34+00:00,0.35805716289672107,0,0
O4582,2.0,9,4,13.64,14.34,9.76,37.74,43.68648351648352,2026-04-12 20:29:35+00:00,0.36142024377318493,0,0
O4593,1.0,14,7,14.78,22.14,19.01,55.93,60.18804761904762,2026-04-13 04:43:10+00:00,0.26425889504738065,0,0
O4593,2.0,8,4,7.1899999999999995,18.91,7.380000000000001,33.48,39.997454212454215,2026-04-13 04:54:45+00:00,0.21475507765830348,0,0
O4595,1.0,15,7,18.97,23.630000000000003,28.73,71.33,69.1577032967033,2026-04-13 06:18:42+00:00,0.26594700686947986,0,0
O4595,2.0,11,4,4.82,20.29,24.06,49.17,44.24545787545787,2026-04-13 06:49:18+00:00,0.0980272523896685,0,0
O4600,1.0,13,6,12.73,19.9,15.84,48.47,51.96752747252747,2026-04-13 10:25:30+00:00,0.26263668248401073,0,0
O4600,2.0,8,4,20.32,7.61,13.47,41.4,49.29714285714286,2026-04-13 10:59:31+00:00,0.49082125603864735,0,0
O4607,1.0,10,6,43.78,7.99,8.09,59.86,87.06492307692308,2026-04-13 16:38:32+00:00,0.7313732041430003,1,411
O4612,1.0,15,8,20.15,28.14,18.63,66.92,75.27588958660387,2026-04-13 23:34:12+00:00,0.30110579796772263,0,0
O4612,2.0,8,6,8.42,15.55,3.9,27.87,35.24542124542125,2026-04-14 00:01:28+00:00,0.30211697165410833,1,91
O4619,1.0,14,8,19.02,10.27,36.980000000000004,66.27,59.7196546310832,2026-04-14 04:58:36+00:00,0.2870076957899502,0,0
O4619,2.0,10,5,25.09,8.879999999999999,19.73,53.7,59.457527472527474,2026-04-14 05:24:00+00:00,0.46722532588454374,0,0
O4621,1.0,16,8,10.95,27.27,38.24,76.46000000000001,73.94104395604396,2026-04-14 06:35:51+00:00,0.14321213706513208,1,603
O4621,2.0,10,5,21.98,3.59,20.16,45.73,53.56450549450549,2026-04-14 07:04:21+00:00,0.48064727749836,1,169
O4625,1.0,17,10,16.02,23.799999999999997,38.33,78.15,76.04809366823652,2026-04-14 10:00:45+00:00,0.20499040307101726,0,0
O4625,2.0,10,5,17.55,6.27,21.42,45.24,43.57516483516484,2026-04-14 10:30:42+00:00,0.3879310344827586,0,0
O4627,1.0,15,10,19.54,16.11,29.57,65.22,65.47614599686028,2026-04-14 11:45:53+00:00,0.29960134927936216,0,0
O4627,2.0,10,5,24.740000000000002,7.05,24.79,56.58,61.87652014652015,2026-04-14 12:16:27+00:00,0.43725698126546486,0,0
O4630,1.0,18,9,22.13,14.45,38.43,75.01,74.78385452642596,2026-04-14 14:23:37+00:00,0.29502732968937473,0,0
O4630,2.0,12,6,20.05,10.54,29.07,59.66,56.111886446886444,2026-04-14 14:56:14+00:00,0.33607106939322834,0,0
O4638,1.0,20,11,24.0,24.43,33.96,82.39,85.7898270448763,2026-04-15 00:21:45+00:00,0.2912974875591698,0,0
O4638,2.0,12,6,11.52,16.77,25.97,54.26,52.29989010989011,2026-04-15 00:50:57+00:00,0.2123110947290822,0,0
O4639,1.0,17,10,24.490000000000002,29.869999999999997,18.25,72.61,90.59917726772407,2026-04-15 01:09:03+00:00,0.33728136620300236,1,487
O4639,2.0,7,7,7.06,18.259999999999998,7.26,32.58,40.97311355311355,2026-04-15 01:33:59+00:00,0.21669736034376919,0,0
O4640,1.0,16,11,23.87,25.4,15.82,65.09,81.75789900575614,2026-04-15 01:57:30+00:00,0.366722998924566,0,0
O4640,2.0,7,7,5.7,18.119999999999997,7.47,31.29,37.574065934065935,2026-04-15 02:27:20+00:00,0.18216682646212848,0,0
O4641,1.0,17,9,15.82,24.34,33.269999999999996,73.43,77.18669806384092,2026-04-15 02:49:12+00:00,0.21544327931363202,0,0
O4641,2.0,12,6,18.54,9.22,27.15,54.91,50.20164835164836,2026-04-15 03:18:16+00:00,0.33764341649972685,0,0
O4646,1.0,19,11,28.939999999999998,13.21,30.4,72.55,79.59275392915787,2026-04-15 07:09:02+00:00,0.3988973121984838,0,0
O4646,2.0,12,6,18.759999999999998,7.859999999999999,24.89,51.51,53.980376475376474,2026-04-15 07:38:51+00:00,0.3642011259949524,1,102
O4651,1.0,17,9,20.58,19.4,36.85,76.83,80.80318419675562,2026-04-15 11:46:29+00:00,0.2678641155798516,0,0
O4651,2.0,12,6,22.38,10.06,31.84,64.28,61.0737728937729,2026-04-15 12:13:51+00:00,0.34816428126944615,0,0
O4652,1.0,19,11,29.26,15.45,32.39,77.1,85.05920227719736,2026-04-15 12:31:45+00:00,0.37950713359273675,0,0
O4652,2.0,12,6,17.990000000000002,11.61,27.36,56.96,54.875128205128206,2026-04-15 13:06:31+00:00,0.3158356741573034,0,0
O4656,1.0,9,6,44.75,11.32,7.55,63.620000000000005,92.94307692307693,2026-04-15 16:01:39+00:00,0.7033951587551084,1,146
O4657,1.0,16,9,29.43,14.38,21.71,65.52,84.63602356592504,2026-04-15 16:57:15+00:00,0.4491758241758242,0,0
O4657,2.0,7,7,6.91,18.73,5.15,30.79,41.37014652014652,2026-04-15 17:34:45+00:00,0.22442351412796363,0,0
O4660,1.0,17,11,26.93,15.75,17.97,60.65,78.26108924737004,2026-04-15 21:49:58+00:00,0.44402308326463313,1,151
O4660,2.0,7,7,6.13,16.67,7.2,30.0,37.202014652014654,2026-04-15 22:17:38+00:00,0.20433333333333334,0,0
O4662,1.0,18,9,31.450000000000003,7.209999999999999,37.84,76.5,79.77582818768533,2026-04-15 23:16:58+00:00,0.41111111111111115,0,0
O4662,2.0,12,6,21.61,11.620000000000001,22.53,55.76,56.27492673992674,2026-04-15 23:46:57+00:00,0.38755380200860834,0,0
O4664,1.0,19,9,21.42,17.42,29.91,68.75,69.86052851909994,2026-04-16 00:57:48+00:00,0.3115636363636364,0,0
O4664,2.0,12,6,19.310000000000002,11.48,23.1,53.89,56.02994505494505,2026-04-16 01:26:27+00:00,0.3583225088142513,0,0
O4668,1.0,17,9,25.6,18.119999999999997,36.57,80.29,82.40909785452642,2026-04-16 04:05:18+00:00,0.31884418981193174,0,0
O4668,2.0,12,5,14.59,13.82,27.65,56.06,49.45247252747253,2026-04-16 04:28:53+00:00,0.26025686764181233,0,0
O4670,1.0,17,8,10.629999999999999,23.56,30.46,64.65,60.568301936159074,2026-04-16 05:36:23+00:00,0.16442382057231242,0,0
O4670,2.0,14,5,16.78,18.07,22.77,57.62,58.0921978021978,2026-04-16 06:07:24+00:00,0.2912183269698022,0,0
O4671,1.0,17,9,15.58,30.169999999999998,14.71,60.46,78.44179126292427,2026-04-16 06:38:33+00:00,0.2576910353953027,0,0
O4671,2.0,10,6,8.1,17.97,9.85,35.92,40.77820512820513,2026-04-16 07:04:20+00:00,0.2255011135857461,0,0
O4673,1.0,17,9,24.729999999999997,14.14,33.550000000000004,72.42,74.81865201465202,2026-04-16 08:26:22+00:00,0.34148025407346033,0,0
O4673,2.0,12,5,10.92,13.86,26.58,51.36,43.44205128205128,2026-04-16 09:00:40+00:00,0.21261682242990654,0,0
O4674,1.0,18,10,16.87,23.01,31.79,71.67,74.42065253793825,2026-04-16 09:19:55+00:00,0.23538440072554764,0,0
O4674,2.0,13,6,11.39,12.030000000000001,28.35,51.769999999999996,43.89322344322344,2026-04-16 09:29:45+00:00,0.22001158972377827,0,0
O4676,1.0,17,9,13.66,29.549999999999997,19.08,62.29,70.78131588444396,2026-04-16 11:07:01+00:00,0.21929683737357522,0,0
O4676,2.0,9,6,10.47,14.5,8.89,33.86,43.69163003663004,2026-04-16 11:33:13+00:00,0.3092144122858831,1,202
O4677,1.0,17,8,15.26,24.47,28.55,68.28,65.48046834118263,2026-04-16 11:53:43+00:00,0.22349150556531927,0,0
O4677,2.0,12,5,12.45,17.22,25.19,54.86,51.42661172161172,2026-04-16 12:20:32+00:00,0.22694130514035726,0,0
O4679,1.0,20,10,19.11,26.659999999999997,29.01,74.78,79.49521193092622,2026-04-16 13:42:42+00:00,0.25554961219577427,0,0
O4679,2.0,13,5,15.49,8.41,27.58,51.480000000000004,48.18179487179487,2026-04-16 14:12:31+00:00,0.30089355089355085,0,0
O4680,1.0,17,9,20.88,17.65,34.82,73.35,72.03292726321298,2026-04-16 14:30:43+00:00,0.2846625766871166,0,0
O4680,2.0,12,4,13.15,17.6,23.73,54.480000000000004,50.95917582417583,2026-04-16 15:08:01+00:00,0.24137298091042583,0,0
O4681,1.0,9,6,44.26,9.98,6.84,61.08,92.15704395604396,2026-04-16 15:31:56+00:00,0.7246234446627374,1,123
O4683,1.0,16,10,24.39,15.690000000000001,22.09,62.17,71.98517349645428,2026-04-16 19:52:22+00:00,0.39231140421425126,0,0
O4683,2.0,7,7,8.24,18.35,5.92,32.51,42.850256410256414,2026-04-16 20:54:12+00:00,0.2534604737003999,0,0
O4685,1.0,18,9,23.25,17.0,38.2,78.45,80.43472946101518,2026-04-16 22:03:08+00:00,0.29636711281070743,0,0
O4685,2.0,12,6,18.99,10.6,31.189999999999998,60.78,55.55728937728938,2026-04-16 22:24:41+00:00,0.3124383020730503,0,0
O4700,1.0,16,10,27.31,14.61,22.97,64.89,79.02608058608058,2026-04-17 09:57:56+00:00,0.4208660810602558,0,0
O4700,2.0,7,7,8.309999999999999,18.2,6.03,32.54,43.690494505494506,2026-04-17 10:24:48+00:00,0.25537799631223107,1,415
O4703,1.0,17,10,27.689999999999998,22.7,16.28,66.67,84.43111811833487,2026-04-17 12:28:27+00:00,0.415329233538323,0,0
O4703,2.0,7,7,6.109999999999999,18.13,3.54,27.78,36.59950549450549,2026-04-17 12:10:25+00:00,0.21994240460763137,0,0
O4704,1.0,17,9,13.14,33.62,16.29,63.05,72.76964416535846,2026-04-17 13:20:33+00:00,0.208406026962728,0,0
O4704,2.0,10,6,10.379999999999999,14.69,11.99,37.06,41.74547619047619,2026-04-17 13:46:21+00:00,0.28008634646519154,0,0
O4705,1.0,17,9,19.53,26.21,16.8,62.54,81.46684864396687,2026-04-17 14:17:52+00:00,0.31228014070994564,1,224
O4705,2.0,8,6,8.74,16.88,5.35,30.97,36.148260073260076,2026-04-17 14:52:41+00:00,0.28220858895705525,0,0
O4714,1.0,18,10,19.07,24.87,19.86,63.8,79.72318686067196,2026-04-18 00:49:01+00:00,0.29890282131661444,0,0
O4714,2.0,8,6,13.5,10.76,7.15,31.41,43.803937728937726,2026-04-18 01:16:57+00:00,0.4297994269340974,0,0
O4722,1.0,18,12,24.35,17.47,20.509999999999998,62.33,76.7698802329811,2026-04-18 07:11:56+00:00,0.3906626022781967,0,0
O4722,2.0,8,6,11.79,13.940000000000001,4.21,29.94,42.678333333333335,2026-04-18 07:46:27+00:00,0.39378757515030055,0,0
O4723,1.0,18,11,34.19,13.45,15.34,62.98,87.51035865525884,2026-04-18 08:12:42+00:00,0.5428707526198793,0,0
O4723,2.0,9,6,11.2,7.619999999999999,9.14,27.96,34.545109890109885,2026-04-18 08:42:59+00:00,0.40057224606580827,0,0
O4724,1.0,18,11,24.17,17.2,17.0,58.37,80.10743927837784,2026-04-18 09:00:12+00:00,0.41408257666609566,0,0
O4724,2.0,9,6,8.01,17.509999999999998,7.83,33.35,38.36201465201465,2026-04-18 09:26:52+00:00,0.2401799100449775,0,0
O4725,1.0,18,10,14.17,26.74,19.78,60.69,68.48721914201951,2026-04-18 09:43:53+00:00,0.23348162794529578,0,0
O4725,2.0,9,6,7.77,14.35,8.14,30.259999999999998,33.48924908424908,2026-04-18 10:11:14+00:00,0.2567746199603437,0,0
O4726,1.0,17,9,18.05,23.97,24.990000000000002,67.01,71.45812043845879,2026-04-18 10:27:43+00:00,0.26936278167437694,0,0
O4726,2.0,12,5,11.370000000000001,17.51,25.27,54.15,49.200164835164834,2026-04-18 10:51:29+00:00,0.20997229916897509,0,0
O4728,1.0,18,10,15.530000000000001,30.7,18.08,64.31,75.75259159171138,2026-04-18 12:08:22+00:00,0.24148654952573473,0,0
O4728,2.0,9,5,8.899999999999999,15.52,5.609999999999999,30.03,36.15543956043956,2026-04-18 12:36:24+00:00,0.2963702963702963,0,0
O4730,1.0,18,11,19.45,21.93,21.22,62.6,73.36419865028239,2026-04-18 13:41:37+00:00,0.310702875399361,0,0
O4730,2.0,8,5,15.969999999999999,11.02,5.3,32.29,47.80503663003663,2026-04-18 14:12:07+00:00,0.49458036543821615,0,0
O4732,1.0,16,10,27.21,18.92,14.17,60.3,79.59217335209946,2026-04-18 15:21:17+00:00,0.4512437810945274,1,156
O4732,2.0,7,7,6.54,12.37,6.26,25.169999999999998,30.844175824175824,2026-04-18 15:51:24+00:00,0.2598331346841478,0,0
O4744,1.0,18,9,25.86,13.11,31.21,70.17999999999999,77.28972527472527,2026-04-19 00:22:18+00:00,0.36848104873183246,0,0
O4744,2.0,12,5,11.41,14.72,23.880000000000003,50.01,44.290128205128205,2026-04-19 00:59:12+00:00,0.2281543691261748,0,0
O4745,1.0,18,11,16.65,23.66,20.18,60.49,68.18237213913906,2026-04-19 01:17:29+00:00,0.27525210778641096,0,0
O4745,2.0,8,6,6.0600000000000005,17.2,6.48,29.740000000000002,35.10917582417582,2026-04-19 01:49:49+00:00,0.20376597175521183,0,0
O4748,1.0,18,10,13.6,29.54,24.87,68.01,72.36199777104756,2026-04-19 03:53:18+00:00,0.19997059255991764,0,0
O4748,2.0,9,6,9.99,14.74,8.27,33.0,42.015091575091574,2026-04-19 04:26:52+00:00,0.30272727272727273,0,0
O4751,1.0,18,10,10.2,27.740000000000002,19.18,57.12,62.392747594640255,2026-04-19 06:22:51+00:00,0.17857142857142858,0,0
O4751,2.0,9,5,18.759999999999998,13.03,11.74,43.53,49.186135531135534,2026-04-19 06:58:08+00:00,0.43096714909257977,0,0
O4753,1.0,18,10,15.56,24.62,23.05,63.230000000000004,72.49336126884091,2026-04-19 09:35:12+00:00,0.246085718804365,0,0
O4753,2.0,9,5,7.2700000000000005,20.72,7.25,35.24,42.04212454212454,2026-04-19 09:14:40+00:00,0.20629965947786608,0,0
O4754,1.0,18,10,12.17,29.060000000000002,20.39,61.620000000000005,68.27705415490223,2026-04-19 10:22:41+00:00,0.19750081142486203,1,714
O4754,2.0,8,6,7.789999999999999,19.16,4.58,31.53,40.65478021978022,2026-04-19 10:55:01+00:00,0.24706628607675227,0,0
O4764,1.0,18,9,14.29,25.33,19.14,58.760000000000005,64.7744489681954,2026-04-19 18:13:51+00:00,0.24319264805990465,1,476
O4764,2.0,8,5,6.9,17.38,3.6,27.880000000000003,34.76794871794872,2026-04-19 18:43:19+00:00,0.24748923959827832,0,0
O4766,1.0,18,10,18.419999999999998,25.73,16.47,60.62,72.76272587968595,2026-04-19 19:46:29+00:00,0.3038601121741999,0,0
O4766,2.0,8,5,6.25,13.75,5.12,25.12,30.76765567765568,2026-04-19 20:12:32+00:00,0.24880573248407642,1,55
O4767,1.0,16,9,27.14,12.5,16.9,56.54,73.40233105974485,2026-04-19 20:36:45+00:00,0.4800141492748497,0,0
O4767,2.0,7,7,15.84,12.86,3.29,31.990000000000002,51.05481684981685,2026-04-19 21:03:42+00:00,0.4951547358549546,1,35
O4783,1.0,17,8,13.54,26.26,16.87,56.67,67.36428550007497,2026-04-20 09:58:18+00:00,0.23892712193400387,1,159
O4783,2.0,8,7,12.290000000000001,17.03,6.49,35.81,46.499352869352876,2026-04-20 10:29:22+00:00,0.3432002234012846,0,0
O4789,1.0,16,6,12.22,30.479999999999997,18.57,61.269999999999996,71.0744949981792,2026-04-20 14:30:12+00:00,0.19944507915782603,1,240
O4789,2.0,8,6,7.119999999999999,18.990000000000002,6.92,33.03,39.37827838827839,2026-04-20 15:05:41+00:00,0.2155616106569785,0,0
O4790,1.0,16,6,11.21,37.53,17.91,66.65,78.6070368228263,2026-04-20 15:19:41+00:00,0.168192048012003,0,0
O4790,2.0,8,7,4.68,11.17,5.16,21.009999999999998,22.704340659340662,2026-04-20 15:47:46+00:00,0.22275107091861018,1,186
O4800,1.0,16,10,29.08,15.85,15.52,60.45,79.42848373301575,2026-04-21 01:52:17+00:00,0.4810587262200165,0,0
O4800,2.0,8,6,7.790000000000001,18.85,4.38,31.02,37.68554945054945,2026-04-21 02:59:56+00:00,0.2511283043197937,1,104
O4801,1.0,17,10,16.049999999999997,26.119999999999997,21.259999999999998,63.43,69.57825029606984,2026-04-21 03:31:08+00:00,0.2530348415576225,1,296
O4801,2.0,8,7,10.92,13.600000000000001,4.44,28.96,37.64943223443224,2026-04-21 04:08:03+00:00,0.3770718232044199,0,0
O4803,1.0,17,10,14.4,26.87,18.88,60.15,68.86795877055276,2026-04-21 05:13:25+00:00,0.23940149625935164,0,0
O4803,2.0,8,7,11.18,15.27,4.69,31.14,40.86965201465202,2026-04-21 05:42:19+00:00,0.3590237636480411,1,356
O4824,1.0,17,10,16.619999999999997,27.529999999999998,16.88,61.03,73.66862857693684,2026-04-21 22:20:06+00:00,0.2723250860232672,1,135
O4824,2.0,9,7,9.46,16.51,6.84,32.81,40.49296703296704,2026-04-21 22:49:23+00:00,0.2883267296555928,0,0
O4834,1.0,17,10,14.6,21.33,15.139999999999999,51.07,62.83270965876229,2026-04-22 06:23:24+00:00,0.2858821225768553,1,338
O4834,2.0,8,6,17.93,11.18,5.69,34.8,52.47238095238095,2026-04-22 06:55:31+00:00,0.5152298850574712,0,0
O4838,1.0,17,9,14.5,28.0,18.0,60.5,72.53168635875403,2026-04-22 10:23:59+00:00,0.2396694214876033,1,101
O4838,2.0,8,6,4.8,17.18,4.32,26.3,30.44860805860806,2026-04-22 10:14:49+00:00,0.18250950570342203,0,0
O4850,1.0,16,9,28.94,17.22,15.09,61.25,85.24096438044714,2026-04-23 00:37:32+00:00,0.4724897959183674,0,0
O4850,2.0,8,6,11.6,13.42,12.58,37.6,42.99956043956044,2026-04-23 01:07:16+00:00,0.30851063829787234,0,0
O4852,1.0,16,9,25.85,18.419999999999998,25.31,69.58,83.78732979664014,2026-04-23 02:18:54+00:00,0.3715148031043404,0,0
O4852,2.0,7,6,11.56,13.42,4.8,29.78,39.92216117216117,2026-04-23 02:51:04+00:00,0.38817998656816655,0,0
O4856,1.0,17,10,13.0,23.75,18.419999999999998,55.17,62.89835089048882,2026-04-23 06:17:09+00:00,0.2356353090447707,0,0
O4856,2.0,8,5,7.0600000000000005,20.68,6.71,34.45,43.947655677655675,2026-04-23 06:48:32+00:00,0.20493468795355588,0,0
O4860,1.0,17,9,22.990000000000002,15.48,15.520000000000001,53.99,72.74730036630037,2026-04-23 09:35:12+00:00,0.42581959622152254,0,0
O4860,2.0,8,5,7.28,21.04,5.64,33.96,42.2024358974359,2026-04-23 09:47:41+00:00,0.2143698468786808,0,0
O4863,1.0,17,9,23.1,19.63,18.71,61.44,82.40489638932496,2026-04-23 11:49:14+00:00,0.37597656250000006,0,0
O4863,2.0,8,5,6.91,17.76,5.73,30.4,36.48142857142857,2026-04-23 12:17:20+00:00,0.2273026315789474,0,0
O4874,1.0,16,9,34.84,15.740000000000002,12.219999999999999,62.8,88.45926664140457,2026-04-23 23:34:47+00:00,0.5547770700636944,0,0
O4875,1.0,16,9,23.61,11.77,20.65,56.03,61.860793942563454,2026-04-24 00:32:49+00:00,0.42138140281991787,0,0
O4875,2.0,8,4,15.13,13.169999999999998,9.93,38.23,50.48857142857143,2026-04-23 23:20:39+00:00,0.39576249019094956,0,0
O4877,1.0,16,8,24.86,14.75,24.79,64.4,74.74004343275772,2026-04-24 02:11:59+00:00,0.38602484472049686,1,490
O4877,2.0,7,5,15.649999999999999,4.55,5.49,25.689999999999998,39.472857142857144,2026-04-24 02:43:16+00:00,0.6091864538731023,0,0
O4878,1.0,16,8,18.46,16.04,21.060000000000002,55.559999999999995,61.0464792219275,2026-04-24 03:00:43+00:00,0.3322534197264219,1,5
O4879,1.0,16,9,25.22,13.85,20.19,59.26,73.43498307439687,2026-04-24 03:54:19+00:00,0.4255821802227472,0,0
O4879,2.0,7,4,14.24,5.8999999999999995,4.17,24.31,38.14357142857143,2026-04-24 03:40:44+00:00,0.5857671740024681,0,0
O4886,1.0,16,8,17.02,19.23,21.04,57.29,62.44453454591386,2026-04-24 09:30:21+00:00,0.29708500610926863,1,312
O4886,2.0,8,4,18.54,5.890000000000001,8.91,33.34,47.105714285714285,2026-04-24 09:55:29+00:00,0.5560887822435512,0,0
O4889,1.0,16,9,17.08,14.95,22.259999999999998,54.29,54.86819552860932,2026-04-24 11:51:51+00:00,0.3146067415730337,0,0
O4889,2.0,8,5,17.36,8.16,8.71,34.23,43.47009157509158,2026-04-24 12:27:50+00:00,0.5071574642126789,0,0
O4890,1.0,16,9,17.93,16.19,22.43,56.55,59.69097802197802,2026-04-24 12:47:17+00:00,0.31706454465075157,1,428
O4890,2.0,7,5,16.240000000000002,6.99,6.48,29.71,39.330879120879125,2026-04-24 13:20:15+00:00,0.5466173005721979,0,0
O4895,1.0,16,9,13.350000000000001,34.57,25.94,73.86,78.96000385579333,2026-04-24 20:13:51+00:00,0.18074735987002438,0,0
O4895,2.0,7,5,2.56,24.59,5.94,33.09,39.86470695970696,2026-04-24 19:59:11+00:00,0.07736476276820792,0,0
O4900,1.0,16,9,15.21,23.59,20.12,58.92,68.68486697513013,2026-04-25 00:20:21+00:00,0.25814663951120165,0,0
O4900,2.0,7,5,5.46,19.2,6.52,31.18,40.9903663003663,2026-04-25 00:46:38+00:00,0.17511225144323284,0,0
O4902,1.0,16,9,14.13,27.2,18.94,60.269999999999996,71.28737806053596,2026-04-25 01:48:57+00:00,0.23444499751119963,0,0
O4902,2.0,7,5,5.98,17.48,5.45,28.91,39.15897435897436,2026-04-25 02:14:59+00:00,0.20684884123140784,0,0
O4904,1.0,16,9,15.08,20.67,20.84,56.59,59.555513784461155,2026-04-25 03:15:49+00:00,0.26647817635624665,0,0
O4904,2.0,7,5,2.09,25.45,2.3,29.84,41.76391941391941,2026-04-25 03:40:21+00:00,0.07004021447721179,0,0
O4908,1.0,16,9,7.75,27.67,20.28,55.7,57.873056680161945,2026-04-25 06:20:59+00:00,0.13913824057450627,0,0
O4908,2.0,7,5,4.99,22.41,1.97,29.37,41.056391941391944,2026-04-25 06:51:26+00:00,0.16990125978890025,0,0
O4909,1.0,16,9,9.62,24.69,21.369999999999997,55.68,57.36616348563717,2026-04-25 07:11:11+00:00,0.17277298850574713,0,0
O4909,2.0,7,5,5.85,24.21,4.27,34.33,44.60098901098901,2026-04-25 07:37:17+00:00,0.17040489367899797,0,0
O4913,1.0,16,8,9.76,27.060000000000002,16.17,52.99,58.72479275110854,2026-04-25 10:28:52+00:00,0.18418569541422908,0,0
O4913,2.0,7,5,6.23,22.03,1.78,30.04,41.41128205128205,2026-04-25 10:53:40+00:00,0.20739014647137152,0,0
O4916,1.0,17,9,16.36,18.64,19.45,54.45,64.1495324850588,2026-04-25 12:55:55+00:00,0.30045913682277314,0,0
O4916,2.0,7,5,5.42,24.63,3.54,33.59,43.113241758241756,2026-04-25 13:21:46+00:00,0.16135754688895504,0,0
O4919,1.0,17,8,23.16,22.72,18.7,64.58,84.3088683246578,2026-04-25 15:19:40+00:00,0.35862496128832455,1,96
O4919,2.0,8,6,9.89,14.979999999999999,1.97,26.84,38.88487179487179,2026-04-25 15:48:59+00:00,0.36847988077496274,0,0
O4925,1.0,17,8,29.49,15.83,17.55,62.87,90.34503497755378,2026-04-25 19:47:20+00:00,0.46906314617464606,0,0
O4925,2.0,7,4,13.03,15.96,1.24,30.23,51.04932234432234,2026-04-25 20:12:02+00:00,0.43102877935825334,0,0
O4929,1.0,17,9,22.15,22.73,15.79,60.67,80.96807210333526,2026-04-25 22:42:26+00:00,0.36508983022910824,0,0
O4929,2.0,8,5,7.25,14.309999999999999,7.96,29.52,35.863956043956044,2026-04-25 23:10:09+00:00,0.2455962059620596,0,0
O4931,1.0,11,5,27.5,10.73,13.25,51.480000000000004,75.03095238095239,2026-04-24 17:23:35+00:00,0.5341880341880342,0,0
O4931,2.0,8,5,7.4399999999999995,22.67,8.76,38.87,50.98620879120879,2026-04-26 00:50:08+00:00,0.19140725495240546,0,0
O4934,1.0,17,8,23.1,11.41,34.8,69.31,67.6060627943485,2026-04-26 02:36:25+00:00,0.3332852402250758,0,0
O4934,2.0,12,5,11.379999999999999,16.28,26.05,53.71,48.357783882783885,2026-04-26 03:07:00+00:00,0.21187860733569167,0,0
O4940,1.0,17,9,17.97,20.98,17.48,56.43,69.73343592497727,2026-04-26 07:18:14+00:00,0.3184476342371079,0,0
O4940,2.0,7,5,8.81,24.259999999999998,3.06,36.13,52.27905575905576,2026-04-26 07:42:14+00:00,0.24384168281206753,0,0
O4955,1.0,19,6,15.33,23.39,35.38,74.1,69.7498245614035,2026-04-26 19:37:58+00:00,0.20688259109311743,0,0
O4955,2.0,12,6,17.67,15.2,25.310000000000002,58.18,59.33868131868132,2026-04-26 20:08:20+00:00,0.30371261601925065,0,0
O4956,1.0,17,8,24.93,19.26,28.23,72.42,80.25489377289378,2026-04-26 20:26:11+00:00,0.34424192212096105,0,0
O4956,2.0,12,5,22.52,7.23,25.7,55.45,60.31410256410257,2026-04-26 20:59:58+00:00,0.406131650135257,0,0
O4963,1.0,17,10,22.47,19.18,19.6,61.25,74.25880690737834,2026-04-27 02:06:46+00:00,0.3668571428571428,0,0
O4963,2.0,7,6,16.41,9.1,4.55,30.060000000000002,43.37967032967033,2026-04-27 02:33:35+00:00,0.5459081836327345,1,80
O4967,1.0,19,10,29.54,9.200000000000001,24.85,63.59,83.16811066126856,2026-04-27 04:53:59+00:00,0.46453844944173606,0,0
O4967,2.0,9,6,15.31,9.29,4.88,29.48,42.36485347985348,2026-04-27 05:24:28+00:00,0.5193351424694709,0,0
O4968,1.0,17,10,18.95,18.91,20.3,58.16,61.56864389089435,2026-04-27 05:38:18+00:00,0.32582530949105915,1,126
O4968,2.0,7,6,15.8,12.91,4.38,33.089999999999996,48.270164835164834,2026-04-27 06:07:47+00:00,0.47748564521003334,0,0
O4969,1.0,17,10,19.099999999999998,14.45,16.96,50.51,60.856274064281585,2026-04-27 06:38:41+00:00,0.3781429419916848,0,0
O4969,2.0,8,6,16.490000000000002,9.629999999999999,10.030000000000001,36.15,44.630146520146525,2026-04-27 07:07:27+00:00,0.4561549100968189,0,0
O4973,1.0,17,9,22.900000000000002,22.16,15.62,60.68,78.33039659588532,2026-04-27 09:37:23+00:00,0.3773895847066579,0,0
O4973,2.0,8,6,15.73,5.0,9.32,30.049999999999997,40.688534798534796,2026-04-27 10:04:53+00:00,0.5234608985024959,0,0
O4975,1.0,17,9,31.330000000000002,6.37,14.99,52.69,73.21142788289406,2026-04-27 11:10:46+00:00,0.5946099829189601,0,0
O4975,2.0,7,4,23.68,3.14,0.0,26.82,49.167857142857144,2026-04-27 11:45:12+00:00,0.8829231916480238,0,0
O4984,1.0,17,10,18.150000000000002,29.65,20.43,68.23,82.87860648874934,2026-04-27 21:10:16+00:00,0.26601201817382386,1,70
O4984,2.0,7,5,5.279999999999999,19.950000000000003,1.94,27.17,39.576520146520146,2026-04-27 21:38:17+00:00,0.194331983805668,0,0
O4994,1.0,17,10,17.28,23.11,20.77,61.160000000000004,72.08154874882462,2026-04-28 05:08:41+00:00,0.28253760627861346,0,0
O4994,2.0,7,5,7.289999999999999,22.97,2.03,32.29,47.05586894586895,2026-04-28 05:38:54+00:00,0.22576649117373798,0,0
O4995,1.0,17,10,18.189999999999998,24.79,14.18,57.16,72.35718483432277,2026-04-28 06:05:11+00:00,0.3182295311406578,0,0
O4995,2.0,7,5,7.57,15.850000000000001,4.96,28.38,37.719358974358975,2026-04-28 06:28:55+00:00,0.2667371388301621,1,357
O4999,1.0,17,10,22.98,26.86,19.8,69.64,89.90875254375254,2026-04-28 09:14:50+00:00,0.3299827685238369,0,0
O4999,2.0,7,5,7.24,16.799999999999997,7.18,31.22,42.139487179487176,2026-04-28 09:41:37+00:00,0.23190262652146063,0,0
O5004,1.0,17,9,14.49,22.26,17.35,54.1,62.29609733124019,2026-04-28 13:15:11+00:00,0.2678373382624769,0,0
O5004,2.0,8,4,10.83,17.11,6.869999999999999,34.81,43.786703296703294,2026-04-28 13:45:56+00:00,0.31111749497270896,0,0
O5005,1.0,16,9,20.19,19.32,16.77,56.28,68.62521978021978,2026-04-28 14:00:50+00:00,0.35874200426439234,1,167
O5005,2.0,9,6,19.48,10.629999999999999,10.04,40.15,58.81891941391941,2026-04-28 14:28:12+00:00,0.48518057285180577,0,0
O5006,1.0,16,8,34.96,10.34,19.27,64.57,91.49664504668264,2026-04-28 14:47:21+00:00,0.541427907697073,0,0
O5006,2.0,8,6,18.34,7.48,9.41,35.23,46.492710622710625,2026-04-28 15:20:24+00:00,0.5205790519443656,0,0
O5009,1.0,15,9,32.81,7.77,24.85,65.43,83.67745630559916,2026-04-28 19:58:44+00:00,0.5014519333639004,0,0
O5009,2.0,7,5,22.22,5.33,6.41,33.96,55.21880952380952,2026-04-28 19:54:38+00:00,0.6542991755005889,0,0
O5020,1.0,15,7,28.81,26.06,7.56,62.43,93.64257544043258,2026-04-29 05:01:46+00:00,0.46147685407656575,0,0
O5020,2.0,9,6,16.12,7.640000000000001,8.39,32.15,44.32339641839641,2026-04-29 05:28:13+00:00,0.5013996889580093,0,0
O5033,1.0,15,7,23.96,26.54,20.39,70.89,91.32217582417582,2026-04-29 15:17:33+00:00,0.33798843278318524,0,0
O5033,2.0,7,6,19.52,11.09,4.4,35.01,53.74523809523809,2026-04-29 15:53:59+00:00,0.5575549842902028,0,0
O5039,1.0,15,9,18.84,18.16,17.21,54.21,64.93500052328623,2026-04-29 22:30:41+00:00,0.3475373547315993,0,0
O5039,2.0,7,5,12.07,23.05,5.24,40.36,56.16534798534799,2026-04-29 22:58:59+00:00,0.2990584737363727,0,0
O5052,1.0,9,6,28.88,16.65,4.95,50.48,80.04505494505494,2026-04-30 09:45:15+00:00,0.5721077654516641,1,233
O5060,1.0,10,6,42.949999999999996,11.2,4.47,58.62,106.225,2026-04-30 16:37:07+00:00,0.7326850904128284,0,0
O5060,2.0,8,4,19.1,17.18,6.74,43.02,63.74172161172161,2026-04-30 19:57:20+00:00,0.44397954439795445,0,0
O5062,1.0,15,8,12.96,36.22,20.88,70.06,83.51601831501831,2026-04-30 21:08:32+00:00,0.18498429917213818,0,0
O5062,2.0,8,4,11.52,14.49,9.620000000000001,35.63,43.2386568986569,2026-04-30 20:53:09+00:00,0.3233230423800168,0,0
O5069,1.0,16,8,15.75,21.11,16.91,53.769999999999996,63.11556390977444,2026-05-01 03:43:29+00:00,0.29291426445973595,0,0
O5069,2.0,8,4,9.57,17.169999999999998,8.58,35.32,43.94998778998779,2026-05-01 04:13:14+00:00,0.27095130237825593,0,0
O5082,1.0,16,9,14.149999999999999,26.86,14.31,55.32,65.35607326007326,2026-05-01 13:37:11+00:00,0.25578452639190163,0,0
O5082,2.0,8,4,11.66,11.68,12.01,35.35,39.666743996743996,2026-05-01 14:06:13+00:00,0.3298444130127298,0,0
O5092,1.0,15,7,7.77,23.61,19.419999999999998,50.8,52.179102564102564,2026-05-01 22:43:41+00:00,0.1529527559055118,0,0
O5092,2.0,8,4,10.44,19.33,6.76,36.53,45.9189010989011,2026-05-01 23:16:41+00:00,0.28579249931563094,0,0
O5101,1.0,15,8,14.629999999999999,23.77,17.740000000000002,56.14,65.19535856735857,2026-05-02 06:27:19+00:00,0.26059850374064836,0,0
O5101,2.0,8,4,14.45,10.77,8.89,34.11,42.50346357346358,2026-05-02 06:58:33+00:00,0.4236294341835239,0,0
O5119,1.0,18,10,25.88,21.89,15.14,62.91,88.64580952380952,2026-05-02 20:22:44+00:00,0.41138133841996505,0,0
O5119,2.0,8,4,12.52,8.86,9.72,31.1,38.31362637362638,2026-05-02 20:48:17+00:00,0.402572347266881,0,0
O5126,1.0,9,6,34.04,11.66,8.42,54.12,78.12821978021978,2026-05-03 02:19:35+00:00,0.6289726533628973,1,187
O5143,1.0,16,10,29.189999999999998,14.83,15.62,59.64,79.68404530863178,2026-05-03 16:15:19+00:00,0.4894366197183098,0,0
O5143,2.0,9,5,12.07,7.1,15.629999999999999,34.8,35.65230769230769,2026-05-03 16:46:33+00:00,0.34683908045977013,0,0
O5193,1.0,8,6,34.31,13.27,8.11,55.69,77.42797802197802,2026-05-06 03:12:40+00:00,0.6160890644639971,1,422
O5215,1.0,14,8,20.63,21.76,26.16,68.55,77.19184359555788,2026-05-07 00:19:27+00:00,0.30094821298322394,0,0
O5215,2.0,8,5,8.36,17.97,9.68,36.01,47.797820512820515,2026-05-06 23:59:51+00:00,0.2321577339627881,1,304
O5242,1.0,17,9,33.57,15.01,19.86,68.44,91.73918277125173,2026-05-08 01:35:37+00:00,0.49050263004091177,0,0
O5242,2.0,7,4,22.37,0.0,8.709999999999999,31.08,48.32833333333333,2026-05-08 02:06:10+00:00,0.7197554697554698,0,0
O5245,1.0,17,8,33.3,10.84,26.58,70.72,88.8728341543514,2026-05-08 03:50:41+00:00,0.4708710407239819,0,0
O5245,2.0,7,3,15.14,0.0,8.99,24.130000000000003,32.68238095238095,2026-05-08 03:41:06+00:00,0.6274347285536676,0,0
O5246,1.0,17,9,27.7,14.62,21.62,63.94,72.34756688139447,2026-05-08 04:39:02+00:00,0.4332186424773225,0,0
O5246,2.0,8,5,17.32,10.25,11.5,39.07,51.232509157509156,2026-05-08 05:10:37+00:00,0.44330688507806504,0,0
O5252,1.0,17,9,26.5,9.77,26.11,62.38,73.0084774535809,2026-05-08 09:51:29+00:00,0.42481564604039757,0,0
O5252,2.0,7,3,17.55,0.0,9.899999999999999,27.45,39.18214285714286,2026-05-08 10:22:24+00:00,0.639344262295082,0,0
O5272,1.0,16,9,20.259999999999998,23.86,19.16,63.28,75.60862319581531,2026-05-09 05:43:37+00:00,0.32016434892541085,0,0
O5272,2.0,7,5,2.57,21.7,5.91,30.18,37.481813186813184,2026-05-09 06:12:42+00:00,0.08515573227302849,0,0
O5311,1.0,17,11,17.4,28.07,15.82,61.29,73.76958514227972,2026-05-10 13:06:47+00:00,0.2838962310327949,0,0
O5311,2.0,8,5,1.58,21.96,9.42,32.96,37.20034798534799,2026-05-10 13:33:36+00:00,0.047936893203883495,0,0
O5319,1.0,16,9,18.37,19.18,16.740000000000002,54.29,63.99021258052292,2026-05-10 19:30:56+00:00,0.33836802357708606,0,0
O5319,2.0,8,4,4.93,23.1,7.959999999999999,35.99,45.23465201465201,2026-05-10 19:58:41+00:00,0.13698249513753818,0,0
O5327,1.0,15,8,32.11,9.91,12.59,54.61,82.81818681318681,2026-05-11 01:07:48+00:00,0.5879875480681194,0,0
O5327,2.0,7,6,11.2,16.04,3.39,30.63,46.16165445665445,2026-05-11 02:20:12+00:00,0.36565458700620307,1,113
O5352,1.0,16,8,28.44,15.879999999999999,16.34,60.660000000000004,83.83870982401058,2026-05-12 00:54:28+00:00,0.4688427299703264,1,122
O5352,2.0,7,5,10.04,9.57,4.7,24.31,27.843956043956048,2026-05-12 01:06:39+00:00,0.4129987659399424,0,0
O5381,1.0,16,9,15.73,26.86,16.46,59.05,66.78783963983471,2026-05-13 03:35:44+00:00,0.2663844199830652,0,0
O5381,2.0,7,5,4.31,23.72,2.49,30.52,42.71791208791208,2026-05-13 04:03:56+00:00,0.141218872870249,0,0
O5382,1.0,16,9,14.920000000000002,29.28,14.469999999999999,58.67,70.77193570797019,2026-05-13 04:20:59+00:00,0.2543037327424578,0,0
O5382,2.0,7,5,5.14,20.0,4.0,29.14,36.57554945054945,2026-05-13 04:46:27+00:00,0.1763898421413864,0,0
O5397,1.0,11,7,30.14,17.740000000000002,3.81,51.69,86.12688383045526,2026-05-13 15:47:06+00:00,0.5830915070613272,1,344
O5424,1.0,16,10,25.97,18.08,14.49,58.54,76.04600389758025,2026-05-14 15:20:17+00:00,0.44362828834984624,0,0
O5424,2.0,7,4,15.2,14.17,4.8,34.17,45.114285714285714,2026-05-14 15:50:38+00:00,0.4448346502780216,0,0
O5479,1.0,16,9,14.690000000000001,29.2,16.33,60.22,66.45978409931612,2026-05-16 21:32:55+00:00,0.24393889073397546,0,0
O5479,2.0,7,6,4.31,18.28,7.89,30.48,35.313150183150185,2026-05-16 22:05:05+00:00,0.1414041994750656,0,0
O5501,1.0,16,9,14.18,19.22,18.08,51.480000000000004,56.64001987727941,2026-05-17 10:36:11+00:00,0.2754467754467754,1,381
O5501,2.0,7,5,16.259999999999998,13.05,2.38,31.689999999999998,56.63454212454212,2026-05-17 11:01:16+00:00,0.5130956137582834,0,0
O5503,1.0,16,10,16.51,23.63,21.26,61.400000000000006,71.5226780811445,2026-05-17 12:11:30+00:00,0.2688925081433225,0,0
O5503,2.0,7,6,8.76,16.3,4.75,29.810000000000002,42.44423076923077,2026-05-17 12:41:37+00:00,0.29386112042938606,0,0
O5507,1.0,17,9,19.34,27.1,15.69,62.13,83.18380952380951,2026-05-17 15:12:56+00:00,0.3112827941413166,0,0
O5507,2.0,7,6,7.0,13.0,4.0,24.0,35.069597069597066,2026-05-17 15:27:10+00:00,0.2916666666666667,1,19
O5522,1.0,16,10,11.260000000000002,31.16,15.9,58.32,68.06450915750916,2026-05-18 03:10:09+00:00,0.1930727023319616,0,0
O5522,2.0,8,6,10.29,20.310000000000002,5.83,36.43,44.800659340659344,2026-05-18 03:36:08+00:00,0.2824595113917101,1,322
O5551,1.0,17,10,17.32,23.09,21.34,61.75,74.80997879313668,2026-05-19 05:05:28+00:00,0.28048582995951415,0,0
O5551,2.0,8,7,13.76,16.6,4.8,35.16,55.43956043956044,2026-05-19 05:32:48+00:00,0.391353811149033,0,0
O5580,1.0,16,10,10.89,25.34,18.26,54.49,65.49632967032967,2026-05-20 07:12:20+00:00,0.19985318407047165,1,437
O5580,2.0,8,7,12.75,13.66,4.8,31.21,49.46098901098901,2026-05-20 07:39:32+00:00,0.40852290932393465,0,0
O5585,1.0,16,9,11.8,30.2,17.31,59.31,69.31929426129426,2026-05-20 11:29:44+00:00,0.19895464508514585,1,388
O5585,2.0,8,7,11.479999999999999,14.34,1.14,26.96,44.58729548229548,2026-05-20 11:58:05+00:00,0.42581602373887234,0,0
O5586,1.0,16,9,11.51,26.2,17.54,55.25,64.09260724460725,2026-05-20 12:24:26+00:00,0.2083257918552036,1,147
O5586,2.0,8,7,13.77,18.32,4.8,36.89,56.199450549450546,2026-05-20 12:55:47+00:00,0.37327188940092165,0,0
O5612,1.0,18,11,15.01,37.76,13.05,65.82,82.26662258431224,2026-05-21 13:21:20+00:00,0.2280461865694318,1,44
O5612,2.0,8,6,6.8500000000000005,13.07,3.62,23.54,34.29347985347985,2026-05-21 13:50:33+00:00,0.2909940526762957,0,0
O5628,1.0,17,11,34.97,17.31,14.5,66.78,102.71964044727203,2026-05-22 05:03:34+00:00,0.5236597783767595,0,0
O5628,2.0,8,6,10.42,14.7,4.72,29.84,43.57699633699634,2026-05-22 05:26:37+00:00,0.3491957104557641,0,0
O5629,1.0,17,11,30.92,15.620000000000001,15.47,62.01,89.28242019884877,2026-05-22 05:49:09+00:00,0.49862925334623454,0,0
O5629,2.0,8,6,13.53,14.58,2.08,30.189999999999998,50.150567765567764,2026-05-22 06:13:11+00:00,0.4481616429281219,0,0
O5634,1.0,15,10,28.06,16.68,14.08,58.82,80.92162067256052,2026-05-22 09:34:11+00:00,0.47704862291737504,0,0
O5634,2.0,8,6,11.61,19.03,1.95,32.59,52.230769230769226,2026-05-22 10:00:31+00:00,0.3562442467014421,0,0
O5645,1.0,8,6,16.85,15.540000000000001,5.0,37.39,66.95760073260072,2026-05-22 21:54:24+00:00,0.45065525541588664,0,0
O5645,2.0,11,5,23.04,15.61,13.24,51.89,73.69465201465201,2026-05-22 17:18:36+00:00,0.4440161880901908,0,0
O5647,1.0,18,11,12.93,38.010000000000005,14.91,65.85,81.1087935906458,2026-05-22 23:09:18+00:00,0.19635535307517085,0,0
O5647,2.0,8,6,6.48,16.17,0.01,22.66,39.09042124542124,2026-05-22 22:45:23+00:00,0.2859664607237423,1,208
O5662,1.0,18,11,18.87,26.900000000000002,16.31,62.08,80.97994242046951,2026-05-23 10:20:01+00:00,0.3039626288659794,0,0
O5662,2.0,8,6,13.139999999999999,14.64,3.26,31.04,50.6174358974359,2026-05-23 10:47:25+00:00,0.42332474226804123,0,0
O5665,1.0,15,11,31.75,13.559999999999999,13.64,58.95,88.67529024341832,2026-05-23 12:38:16+00:00,0.5385920271416454,0,0
O5665,2.0,8,6,13.99,13.81,0.01,27.810000000000002,52.723663003663006,2026-05-23 13:02:44+00:00,0.5030564545127651,0,0
O5667,1.0,15,11,30.09,12.919999999999998,17.09,60.1,85.74282653393621,2026-05-23 14:07:12+00:00,0.5006655574043261,0,0
O5667,2.0,8,6,12.36,10.3,2.43,25.09,42.684175824175824,2026-05-23 14:32:29+00:00,0.4926265444400159,0,0
O5674,1.0,15,11,31.34,15.15,13.32,59.81,88.45322709008215,2026-05-23 19:51:57+00:00,0.5239926433706737,0,0
O5674,2.0,8,6,15.870000000000001,11.02,3.32,30.21,54.27809523809524,2026-05-23 20:14:03+00:00,0.5253227408143,0,0
O5675,1.0,15,11,30.64,14.56,14.78,59.98,89.5796457466136,2026-05-23 20:33:16+00:00,0.5108369456485495,0,0
O5675,2.0,8,6,14.32,13.82,0.85,28.99,53.42509157509157,2026-05-23 20:56:55+00:00,0.4939634356674716,0,0
O5685,1.0,18,9,14.239999999999998,41.96,11.719999999999999,67.92,89.835554232303,2026-05-24 04:02:33+00:00,0.2096584216725559,0,0
O5685,2.0,8,5,10.77,16.2,2.05,29.02,51.17641025641026,2026-05-24 04:29:53+00:00,0.3711233631977946,0,0
O5692,1.0,17,8,23.34,16.22,36.84,76.4,79.22596598639456,2026-05-24 10:59:34+00:00,0.30549738219895284,0,0
O5692,2.0,12,5,11.21,16.16,26.13,53.5,47.37172161172161,2026-05-24 11:24:38+00:00,0.20953271028037385,0,0
O5695,1.0,17,8,21.37,20.07,35.23,76.67,81.47994835991076,2026-05-24 13:28:47+00:00,0.2787270118690492,1,51
O5695,2.0,12,4,15.73,17.36,27.62,60.71,58.38578754578755,2026-05-24 13:57:48+00:00,0.25910064239828695,0,0
O5700,1.0,17,10,28.77,14.74,30.01,73.52,89.79345391234813,2026-05-24 18:01:15+00:00,0.3913220892274211,0,0
O5700,2.0,11,7,12.559999999999999,15.76,22.3,50.62,53.54734432234432,2026-05-24 18:34:31+00:00,0.24812327143421573,0,0
O5701,1.0,18,11,34.56,20.2,23.82,78.58,111.053237076207,2026-05-24 18:59:23+00:00,0.43980656655637573,0,0
O5701,2.0,11,6,11.95,15.4,21.03,48.379999999999995,52.127307692307696,2026-05-24 19:34:08+00:00,0.24700289375775114,0,0
O5702,1.0,18,10,27.22,18.0,29.38,74.6,90.57515009577753,2026-05-24 19:57:15+00:00,0.3648793565683646,0,0
O5702,2.0,11,6,12.68,19.04,18.49,50.21,57.421300366300365,2026-05-24 20:21:07+00:00,0.25253933479386576,0,0
O5703,1.0,18,11,28.23,20.549999999999997,28.439999999999998,77.22,97.628882859859,2026-05-24 20:49:12+00:00,0.3655788655788656,0,0
O5703,2.0,11,6,13.71,17.490000000000002,19.04,50.24,58.930183150183154,2026-05-24 21:17:08+00:00,0.272890127388535,0,0
O5705,1.0,17,7,22.419999999999998,19.28,33.78,75.48,80.04325641025642,2026-05-24 22:32:27+00:00,0.2970323264440911,0,0
O5705,2.0,12,5,23.3,2.86,27.05,53.21,56.90238095238095,2026-05-24 23:05:34+00:00,0.43788761510994173,0,0
O5706,1.0,18,11,24.86,22.4,29.23,76.49,92.58403165454371,2026-05-24 23:27:02+00:00,0.3250098052032946,0,0
O5706,2.0,11,6,17.07,11.22,18.71,47.0,54.22238095238095,2026-05-25 00:00:03+00:00,0.36319148936170215,0,0
O5708,1.0,18,10,26.78,18.990000000000002,26.88,72.65,91.51148690692247,2026-05-25 00:23:21+00:00,0.3686166551961459,0,0
O5708,2.0,12,6,17.34,19.880000000000003,12.91,50.13,65.87723443223443,2026-05-25 01:34:20+00:00,0.34590065828845,0,0
O5709,1.0,13,10,24.04,22.53,15.12,61.69,85.06373404143173,2026-05-25 02:04:18+00:00,0.38969038742097584,0,0
O5709,2.0,8,6,14.49,10.49,3.93,28.91,48.707252747252745,2026-05-25 02:27:55+00:00,0.5012106537530266,0,0
O5722,1.0,13,6,9.620000000000001,28.04,22.04,59.7,64.39009061114325,2026-05-25 12:32:11+00:00,0.1611390284757119,0,0
O5722,2.0,8,7,10.84,16.62,7.43,34.89,44.230695970695976,2026-05-25 12:59:51+00:00,0.3106907423330467,0,0
O5729,1.0,17,8,30.450000000000003,20.98,28.04,79.47,104.9757505026302,2026-05-25 21:04:53+00:00,0.3831634579086448,0,0
O5729,2.0,12,6,11.45,26.83,22.57,60.85,68.07635531135531,2026-05-25 21:36:30+00:00,0.18816762530813474,0,0
O5731,1.0,13,6,10.129999999999999,25.36,20.16,55.65,60.36155002891845,2026-05-25 22:41:34+00:00,0.1820305480682839,0,0
O5731,2.0,8,7,15.16,11.45,4.8,31.41,49.31840659340659,2026-05-25 22:19:31+00:00,0.48264883794969754,0,0
O5753,1.0,16,9,28.88,18.41,15.04,62.33,91.06290894819466,2026-05-27 01:20:03+00:00,0.4633402855767688,0,0
O5753,2.0,7,4,17.34,6.96,3.62,27.919999999999998,46.04595238095238,2026-05-27 01:46:31+00:00,0.6210601719197708,0,0
O5754,1.0,16,9,35.03,17.14,16.18,68.35,106.27236263736263,2026-05-27 02:12:02+00:00,0.5125091441111924,0,0
O5754,2.0,7,4,12.07,8.399999999999999,1.92,22.39,34.94,2026-05-27 02:38:00+00:00,0.539079946404645,0,0
O5758,1.0,16,9,31.88,16.59,16.51,64.98,97.75638670852956,2026-05-27 05:43:17+00:00,0.49061249615266234,0,0
O5758,2.0,7,4,11.03,5.41,2.97,19.41,28.44,2026-05-27 06:10:36+00:00,0.568263781555899,0,0
O5763,1.0,16,9,26.740000000000002,16.169999999999998,14.969999999999999,57.879999999999995,83.48117896389324,2026-05-27 09:47:25+00:00,0.46199032480995167,0,0
O5763,2.0,7,4,13.61,11.719999999999999,1.06,26.39,43.224761904761905,2026-05-27 10:17:16+00:00,0.5157256536566881,0,0
O5767,1.0,17,9,27.34,17.59,16.96,61.89,87.08642938342446,2026-05-27 13:01:24+00:00,0.4417514945871708,0,0
O5767,2.0,7,4,16.31,6.54,4.8,27.65,42.51428571428572,2026-05-27 13:28:33+00:00,0.589873417721519,0,0
O5770,1.0,13,10,21.45,19.86,14.5,55.81,73.918370148562,2026-05-27 19:59:09+00:00,0.3843397240637878,1,305
O5770,2.0,8,6,11.44,18.33,5.98,35.75,51.95798534798535,2026-05-27 19:56:55+00:00,0.32,0,0
O5775,1.0,13,10,23.83,20.33,15.4,59.56,86.24612440061883,2026-05-28 00:36:48+00:00,0.40010073875083946,0,0
O5775,2.0,8,6,14.12,10.440000000000001,0.01,24.57,46.39179487179487,2026-05-28 01:04:10+00:00,0.5746845746845747,1,120
O5779,1.0,13,10,25.08,19.15,17.560000000000002,61.79,84.66743323826809,2026-05-28 03:40:15+00:00,0.4058909208609807,0,0
O5779,2.0,8,6,13.58,12.18,1.84,27.6,47.28503663003663,2026-05-28 04:06:57+00:00,0.49202898550724633,0,0
O5784,1.0,13,10,26.689999999999998,22.37,13.39,62.45,93.13520942371085,2026-05-28 07:48:21+00:00,0.42738190552441946,0,0
O5784,2.0,8,6,9.75,17.58,3.33,30.66,48.10542124542125,2026-05-28 08:20:00+00:00,0.31800391389432486,1,113
O5800,1.0,13,10,24.75,22.84,13.190000000000001,60.78,92.42624884017546,2026-05-28 23:38:46+00:00,0.40720631786771966,0,0
O5800,2.0,8,6,14.16,13.9,3.85,31.91,52.39404761904762,2026-05-29 00:02:15+00:00,0.4437480413663428,0,0
O5801,1.0,13,10,27.96,24.31,11.81,64.08,99.12687301808899,2026-05-29 00:29:27+00:00,0.4363295880149813,0,0
O5801,2.0,8,6,13.58,15.42,4.8,33.8,54.64945054945055,2026-05-29 00:55:05+00:00,0.4017751479289941,0,0
O5803,1.0,13,10,26.45,20.85,15.3,62.6,93.53249277513602,2026-05-29 02:00:31+00:00,0.4225239616613418,0,0
O5803,2.0,8,6,9.89,16.86,3.78,30.529999999999998,47.86879120879121,2026-05-29 02:26:47+00:00,0.32394366197183105,0,0
O5809,1.0,13,10,21.89,19.1,14.95,55.94,80.03227538341876,2026-05-29 06:30:54+00:00,0.39131212012870936,1,307
O5809,2.0,8,6,8.82,21.08,4.36,34.26,50.32860805860806,2026-05-29 06:57:20+00:00,0.25744308231173385,0,0
O5810,1.0,13,10,21.19,27.66,13.44,62.29,88.41923331443425,2026-05-29 07:22:41+00:00,0.3401830149301654,0,0
O5810,2.0,8,6,11.71,17.68,1.87,31.26,52.95602564102564,2026-05-29 07:48:27+00:00,0.3746001279590531,0,0
O5811,1.0,13,10,23.7,20.36,14.469999999999999,58.53,84.78398654366116,2026-05-29 08:25:36+00:00,0.40492055356227574,1,79
O5811,2.0,8,6,12.2,16.37,3.02,31.59,52.03523809523809,2026-05-29 08:58:23+00:00,0.38619816397594176,0,0
O5851,1.0,13,7,5.94,34.0,18.189999999999998,58.13,67.0519625988047,2026-05-30 19:15:31+00:00,0.10218475830036126,1,74
O5851,2.0,8,7,13.48,12.79,4.8,31.07,48.194729344729346,2026-05-30 19:42:47+00:00,0.43385902800128745,0,0
O5869,1.0,13,7,6.11,34.57,17.96,58.64,68.41221245421245,2026-05-31 09:54:20+00:00,0.10419508867667122,1,68
O5869,2.0,8,7,13.82,13.219999999999999,4.28,31.32,52.94836996336996,2026-05-31 10:10:22+00:00,0.44125159642401024,0,0
O5886,1.0,13,9,13.67,25.4,14.31,53.38,68.06763026835752,2026-06-01 00:34:24+00:00,0.25608842263019854,0,0
O5886,2.0,8,5,5.03,22.67,4.8,32.5,41.16648351648352,2026-06-01 01:00:19+00:00,0.15476923076923077,0,0
O5887,1.0,13,9,11.41,28.68,12.100000000000001,52.19,64.88413237527315,2026-06-01 01:22:53+00:00,0.21862425752059783,0,0
O5887,2.0,10,7,11.149999999999999,19.22,4.13,34.5,51.86009157509157,2026-06-01 01:46:28+00:00,0.3231884057971014,1,812
O5898,1.0,11,6,37.43,11.8,0.0,49.230000000000004,99.20647566718995,2026-06-01 10:53:11+00:00,0.760308754824294,0,0
O5900,1.0,13,10,33.55,11.32,13.350000000000001,58.22,89.77244885328136,2026-06-01 12:32:39+00:00,0.5762624527653727,0,0
O5900,2.0,7,5,12.31,11.98,7.12,31.41,47.336520146520144,2026-06-01 12:52:10+00:00,0.3919134033747214,0,0
O5902,1.0,13,10,28.029999999999998,16.14,14.29,58.46,84.41117046500297,2026-06-01 14:22:03+00:00,0.479473144030106,0,0
O5902,2.0,7,5,12.13,12.01,4.8,28.94,45.91291208791209,2026-06-01 14:49:05+00:00,0.41914305459571527,0,0
O5905,1.0,11,7,31.78,16.0,3.54,51.32,86.01255886970172,2026-06-01 16:49:54+00:00,0.6192517537022604,1,221
O5906,1.0,13,9,24.34,21.35,9.58,55.27,86.92867085295657,2026-06-01 20:11:51+00:00,0.4403835715578071,0,0
O5906,2.0,9,6,18.03,9.5,10.04,37.57,59.56562271062271,2026-06-01 17:38:28+00:00,0.4799041788661166,0,0
O5907,1.0,15,10,24.47,18.05,14.57,57.09,85.31827838827839,2026-06-01 21:21:04+00:00,0.4286214748642494,0,0
O5907,2.0,10,6,15.309999999999999,11.780000000000001,10.04,37.13,55.276886446886444,2026-06-01 21:54:00+00:00,0.4123350390519795,0,0
O5909,1.0,14,9,21.98,25.07,15.7,62.75,89.3636797488226,2026-06-01 22:59:21+00:00,0.3502788844621514,0,0
O5909,2.0,8,5,3.01,20.94,2.12,26.07,34.67653846153846,2026-06-01 23:28:31+00:00,0.11545838128116608,1,120
O5913,1.0,14,8,15.719999999999999,36.64,12.53,64.89,89.03555729984302,2026-06-02 02:08:46+00:00,0.24225612575127137,0,0
O5913,2.0,8,5,3.32,25.41,4.1,32.83,40.879395604395604,2026-06-02 02:32:53+00:00,0.10112701797136765,0,0
O5915,1.0,14,7,10.780000000000001,34.64,12.17,57.59,76.82302878074306,2026-06-02 03:39:33+00:00,0.1871852752213926,0,0
O5915,2.0,8,5,4.38,26.98,4.8,36.16,45.98727106227106,2026-06-02 04:07:47+00:00,0.1211283185840708,0,0
O5919,1.0,12,9,26.3,13.379999999999999,12.95,52.629999999999995,74.11973103087388,2026-06-02 06:54:59+00:00,0.4997149914497436,0,0
O5919,2.0,8,5,7.6,23.36,4.5,35.46,52.3456043956044,2026-06-02 21:20:09+00:00,0.21432600112803157,0,0
O5927,1.0,14,9,18.189999999999998,31.38,15.37,64.94,87.74839531568595,2026-06-03 04:42:14+00:00,0.2801047120418848,0,0
O5927,2.0,8,5,5.35,21.68,1.35,28.38,46.10741758241758,2026-06-03 05:09:04+00:00,0.18851303735024666,0,0
O5931,1.0,15,10,17.11,27.03,12.11,56.25,79.91784932965228,2026-06-03 07:48:33+00:00,0.30417777777777777,0,0
O5931,2.0,8,6,7.77,16.62,2.51,26.9,41.61001831501831,2026-06-03 08:17:48+00:00,0.2888475836431227,1,172
O5933,1.0,15,10,20.17,26.45,12.549999999999999,59.17,84.47908935563615,2026-06-03 09:25:54+00:00,0.3408822038195031,0,0
O5933,2.0,8,6,2.74,26.06,5.61,34.41,42.89344322344323,2026-06-03 09:51:55+00:00,0.0796280151118861,1,691
O5940,1.0,15,10,20.94,21.560000000000002,15.83,58.33,81.65707793356069,2026-06-03 15:08:14+00:00,0.3589919423967084,0,0
O5940,2.0,8,5,7.1899999999999995,20.26,1.2,28.65,46.04065934065934,2026-06-03 15:37:28+00:00,0.25095986038394413,1,160
O5943,1.0,15,10,15.790000000000001,19.46,14.75,50.0,67.82460419711651,2026-06-03 20:07:36+00:00,0.3158,0,0
O5943,2.0,8,5,9.81,17.12,2.61,29.540000000000003,45.894175824175825,2026-06-03 19:54:00+00:00,0.33209207853757616,1,165
O5944,1.0,15,10,19.97,18.43,15.35,53.75,74.21901452570418,2026-06-03 20:59:02+00:00,0.3715348837209302,0,0
O5944,2.0,8,5,6.9,20.53,4.8,32.23,46.34175824175824,2026-06-03 21:31:18+00:00,0.21408625504188647,1,279
O5945,1.0,15,10,16.92,18.23,14.879999999999999,50.03,67.87180687128964,2026-06-03 21:53:09+00:00,0.3381970817509495,1,217
O5945,2.0,8,5,7.870000000000001,22.47,2.83,33.17,50.655421245421245,2026-06-03 22:30:23+00:00,0.23726258667470607,0,0
O5946,1.0,15,9,14.24,31.529999999999998,18.17,63.94,81.63263691152854,2026-06-03 22:50:34+00:00,0.22270878949014702,1,44
O5946,2.0,8,4,4.76,15.34,0.01,20.11,30.403333333333332,2026-06-03 23:17:56+00:00,0.2366981601193436,1,109
O5949,1.0,15,10,24.63,30.939999999999998,15.41,70.98,103.49790034103827,2026-06-04 01:15:22+00:00,0.34699915469146236,0,0
O5949,2.0,8,5,3.28,21.94,3.26,28.48,36.056996336996335,2026-06-04 00:47:49+00:00,0.11516853932584269,1,252
O5957,1.0,17,8,18.509999999999998,30.73,23.99,73.23,94.5384633001602,2026-06-04 07:26:17+00:00,0.25276526013928713,0,0
O5957,2.0,13,6,11.29,24.75,16.130000000000003,52.17,63.29287545787546,2026-06-04 07:43:46+00:00,0.21640789725896106,0,0
O5958,1.0,15,10,19.39,20.65,15.469999999999999,55.51,75.92495979718147,2026-06-04 08:16:01+00:00,0.3493064312736444,1,501
O5958,2.0,8,5,6.27,22.16,1.5,29.93,47.40659340659341,2026-06-04 08:44:14+00:00,0.20948880721683927,0,0
O5966,1.0,15,9,17.92,28.41,14.08,60.41,83.71656242443927,2026-06-04 14:40:21+00:00,0.29663962920046355,0,0
O5966,2.0,8,5,2.35,19.2,1.18,22.73,31.67419413919414,2026-06-04 15:06:43+00:00,0.10338759348878135,1,274
O5971,1.0,15,10,14.78,30.42,14.65,59.85,76.10667440769411,2026-06-04 18:40:26+00:00,0.24695071010860484,1,368
O5971,2.0,8,5,5.7,25.58,1.63,32.91,46.474652014652015,2026-06-04 19:07:22+00:00,0.17319963536918873,0,0
O5985,1.0,15,10,13.66,29.900000000000002,13.54,57.1,72.56907629152457,2026-06-05 05:19:54+00:00,0.2392294220665499,0,0
O5985,2.0,8,5,6.52,22.450000000000003,3.37,32.34,42.36710622710623,2026-06-05 05:49:46+00:00,0.20160791589363014,1,177
O5995,1.0,16,11,13.93,29.04,12.809999999999999,55.78,75.25954160125589,2026-06-05 13:33:21+00:00,0.24973108641089994,0,0
O5995,2.0,8,6,3.62,26.1,3.39,33.11,44.98750915750916,2026-06-05 13:57:07+00:00,0.10933252793717911,1,82
O6002,1.0,15,9,18.21,23.13,17.84,59.18,78.78289919854582,2026-06-05 21:50:38+00:00,0.3077053058465698,0,0
O6002,2.0,8,4,7.47,27.18,3.05,37.7,53.50347985347985,2026-06-05 22:18:39+00:00,0.19814323607427053,1,124
O6005,1.0,15,11,13.87,22.9,13.77,50.54,65.14540637022644,2026-06-06 00:11:36+00:00,0.2744360902255639,0,0
O6005,2.0,8,5,3.86,25.93,2.3,32.089999999999996,41.70274725274725,2026-06-06 00:42:14+00:00,0.12028669367404177,1,115
O6014,1.0,13,10,14.02,34.8,9.9,58.72,82.88151857666143,2026-06-06 07:20:18+00:00,0.2387602179836512,0,0
O6014,2.0,9,6,10.43,14.73,16.4,41.56,43.74798534798535,2026-06-06 07:47:12+00:00,0.25096246390760346,0,0
O6016,1.0,18,8,21.07,24.28,34.93,80.28,91.68355041449779,2026-06-06 09:10:59+00:00,0.2624564025909317,0,0
O6016,2.0,12,6,10.73,21.85,16.28,48.86,57.219249084249086,2026-06-06 09:44:23+00:00,0.21960704052394597,0,0
O6017,1.0,18,9,33.15,20.54,23.6,77.28999999999999,104.88346415489272,2026-06-06 09:56:09+00:00,0.4289041273127184,0,0
O6017,2.0,12,6,11.47,24.3,18.18,53.95,63.838846153846156,2026-06-06 10:30:51+00:00,0.21260426320667283,0,0
O6018,1.0,13,10,15.88,22.87,11.77,50.52,71.14861957090528,2026-06-06 10:47:20+00:00,0.3143309580364212,1,377
O6018,2.0,8,7,10.34,21.96,6.81,39.11,52.95498168498168,2026-06-06 11:17:25+00:00,0.264382510866786,0,0
O6019,1.0,18,9,17.58,30.61,31.5,79.69,94.07574011952958,2026-06-06 11:41:18+00:00,0.2206048437696072,0,0
O6019,2.0,11,6,17.259999999999998,23.82,16.62,57.7,72.315,2026-06-06 12:13:08+00:00,0.2991334488734835,0,0
O6022,1.0,18,8,21.5,22.6,27.61,71.71,92.08418995290424,2026-06-06 14:13:37+00:00,0.2998187142657928,0,0
O6022,2.0,11,6,11.51,17.86,21.74,51.11,55.06946886446887,2026-06-06 14:48:04+00:00,0.22520054783799648,1,160
O6025,1.0,18,8,24.400000000000002,19.85,27.67,71.92,89.26808738880167,2026-06-06 16:46:17+00:00,0.339265850945495,0,0
O6025,2.0,12,7,14.3,15.69,20.77,50.76,59.26481684981685,2026-06-06 17:19:11+00:00,0.28171788810086684,0,0
O6030,1.0,13,10,12.93,26.32,13.05,52.3,68.6202354788069,2026-06-06 21:02:30+00:00,0.24722753346080306,0,0
O6030,2.0,8,6,9.32,22.76,5.18,37.26,55.11018315018315,2026-06-06 21:33:05+00:00,0.25013419216317767,1,102
O6033,1.0,13,10,13.13,28.71,11.91,53.75,69.33756776556777,2026-06-06 23:32:16+00:00,0.24427906976744188,0,0
O6033,2.0,8,7,8.7,20.84,4.27,33.81,47.73313186813186,2026-06-07 00:01:03+00:00,0.25732031943212064,1,177
O6034,1.0,18,7,18.990000000000002,24.86,31.9,75.75,87.19263003663004,2026-06-07 00:19:49+00:00,0.2506930693069307,0,0
O6034,2.0,11,6,17.560000000000002,16.560000000000002,13.27,47.39,62.90822344322344,2026-06-07 00:36:06+00:00,0.3705423085039038,1,147
O6043,1.0,19,8,18.97,22.15,33.16,74.28,85.00730402930402,2026-06-07 08:56:26+00:00,0.25538502961766285,0,0
O6043,2.0,12,7,17.53,19.55,17.71,54.79,69.89619047619047,2026-06-07 09:27:06+00:00,0.3199488957839022,0,0
O6045,1.0,18,8,22.21,25.68,23.88,71.77,98.77973992673992,2026-06-07 10:40:09+00:00,0.30946077748362827,0,0
O6045,2.0,11,5,8.83,28.66,19.93,57.42,61.86311355311356,2026-06-07 11:11:44+00:00,0.15377917102055033,0,0
O6046,1.0,14,11,20.84,25.77,14.27,60.88,85.59992987964416,2026-06-07 11:32:38+00:00,0.34231274638633374,0,0
O6046,2.0,8,6,10.9,16.509999999999998,5.99,33.4,43.52542124542125,2026-06-07 12:00:15+00:00,0.3263473053892216,0,0
O6048,1.0,19,9,19.48,23.56,27.1,70.14,90.68478754578754,2026-06-07 13:04:35+00:00,0.27773025377815796,0,0
O6048,2.0,14,7,23.09,14.61,20.91,58.61,77.86999999999999,2026-06-07 13:37:31+00:00,0.39396007507251324,0,0
O6050,1.0,13,10,12.03,31.369999999999997,11.55,54.949999999999996,74.13393301936159,2026-06-07 14:45:42+00:00,0.218926296633303,0,0
O6050,2.0,8,6,12.870000000000001,14.91,7.63,35.410000000000004,44.818882783882785,2026-06-07 15:12:24+00:00,0.36345665066365435,0,0
O6053,1.0,14,9,14.329999999999998,32.370000000000005,14.33,61.03,75.7671114599686,2026-06-07 17:11:06+00:00,0.23480255611994097,0,0
O6053,2.0,8,6,1.72,27.09,7.18,35.99,42.52858974358974,2026-06-07 17:35:15+00:00,0.0477910530702973,0,0
O6065,1.0,14,8,10.629999999999999,34.46,11.030000000000001,56.12,74.57971062271062,2026-06-08 03:18:50+00:00,0.18941553813257306,0,0
O6072,1.0,13,9,12.629999999999999,30.44,12.39,55.46,70.07365149136578,2026-06-08 09:52:57+00:00,0.2277316985214569,0,0
O6072,2.0,8,6,2.9,25.1,3.8,31.8,41.36703296703297,2026-06-08 10:18:48+00:00,0.09119496855345911,1,462
O6074,1.0,15,8,29.72,22.1,6.6899999999999995,58.51,86.72308791208792,2026-06-08 11:38:59+00:00,0.5079473594257392,0,0
O6076,1.0,11,7,26.119999999999997,17.060000000000002,3.93,47.11,81.67225274725274,2026-06-08 13:08:56+00:00,0.5544470388452557,0,0
O6081,1.0,13,6,9.01,29.01,16.68,54.7,63.76019780219781,2026-06-08 20:25:40+00:00,0.16471663619744056,1,414
O6081,2.0,8,5,4.04,26.36,3.83,34.230000000000004,45.698095238095235,2026-06-08 20:07:02+00:00,0.11802512416009348,0,0
O6082,1.0,11,7,22.81,19.6,7.640000000000001,50.05,75.83048351648353,2026-06-08 21:22:04+00:00,0.45574425574425576,0,0
O6083,1.0,13,6,8.47,26.0,13.51,47.980000000000004,57.234,2026-06-08 22:12:27+00:00,0.17653188828678615,0,0
O6083,2.0,8,5,7.890000000000001,20.62,3.52,32.03,48.528553113553116,2026-06-08 21:50:55+00:00,0.24633156415860133,1,92
O6084,1.0,13,7,8.61,24.36,13.95,46.92,53.34084615384616,2026-06-08 23:11:10+00:00,0.18350383631713554,1,638
O6084,2.0,9,6,5.25,26.5,4.77,36.519999999999996,45.647509157509155,2026-06-08 23:44:57+00:00,0.1437568455640745,1,139
O6085,1.0,13,8,8.77,29.33,14.76,52.86,60.191157509157506,2026-06-09 00:08:53+00:00,0.16590995081346954,0,0
O6085,2.0,8,5,8.09,21.05,4.91,34.050000000000004,51.41771062271062,2026-06-09 01:15:49+00:00,0.23759177679882523,1,191
O6087,1.0,13,7,29.490000000000002,17.75,6.76,54.0,81.01693406593407,2026-06-09 02:25:19+00:00,0.5461111111111111,1,521
O6093,1.0,13,7,11.940000000000001,35.14,13.73,60.81,75.78091575091575,2026-06-09 07:10:24+00:00,0.19634928465712878,1,445
O6093,2.0,9,5,2.26,23.46,8.93,34.65,40.746263736263735,2026-06-09 07:36:08+00:00,0.06522366522366523,0,0
O6094,1.0,13,8,8.09,30.39,14.15,52.63,62.224886446886444,2026-06-09 07:59:04+00:00,0.15371461143834314,1,643
O6094,2.0,8,5,3.17,26.63,3.2,33.0,43.29972527472527,2026-06-09 08:26:24+00:00,0.09606060606060605,1,384
O6095,1.0,13,8,9.71,25.6,14.239999999999998,49.55,56.89231135531136,2026-06-09 08:49:47+00:00,0.1959636730575177,1,97
O6095,2.0,9,6,5.97,25.03,1.46,32.46,47.923205128205126,2026-06-09 09:26:15+00:00,0.18391866913123844,1,266
O6096,1.0,13,8,16.57,24.119999999999997,12.870000000000001,53.56,61.960450163871215,2026-06-09 09:50:58+00:00,0.3093726661687827,1,61
O6096,2.0,8,6,4.640000000000001,21.06,5.3,31.0,42.38232600732601,2026-06-09 10:22:48+00:00,0.14967741935483872,1,288
O6101,1.0,12,8,9.82,26.21,12.83,48.86,56.62414844804319,2026-06-09 13:58:22+00:00,0.2009823986901351,0,0
O6101,2.0,9,6,11.059999999999999,19.490000000000002,4.2,34.75,50.39945054945055,2026-06-09 14:25:58+00:00,0.318273381294964,1,207
O6107,1.0,10,5,37.22,12.98,0.0,50.2,91.9756671899529,2026-06-09 21:51:37+00:00,0.7414342629482071,0,0
O6113,1.0,16,9,21.990000000000002,16.66,19.8,58.45,76.1691936159079,2026-06-10 03:44:50+00:00,0.3762189905902481,0,0
O6113,2.0,7,5,12.81,9.86,0.87,23.54,37.1378021978022,2026-06-10 04:13:13+00:00,0.5441801189464741,0,0
O6115,1.0,16,9,23.06,15.1,21.12,59.28,76.10957980115123,2026-06-10 05:19:53+00:00,0.3890013495276653,0,0
O6115,2.0,7,5,12.27,11.06,2.72,26.05,38.31298534798535,2026-06-10 05:44:42+00:00,0.4710172744721689,1,236
O6121,1.0,16,9,23.25,18.91,22.35,64.51,82.91362271062272,2026-06-10 10:17:35+00:00,0.3604092388776933,0,0
O6121,2.0,7,5,11.11,12.41,4.9,28.42,40.09761904761905,2026-06-10 10:47:07+00:00,0.3909218859957776,0,0
O6132,1.0,12,8,32.06,22.27,4.36,58.69,97.41071428571428,2026-06-10 22:05:05+00:00,0.5462600102232067,0,0
O6151,1.0,14,9,19.36,25.830000000000002,13.55,58.74,75.0785326512568,2026-06-11 12:58:32+00:00,0.3295880149812734,0,0
O6151,2.0,7,5,11.1,16.94,2.07,30.11,51.21884615384615,2026-06-11 13:27:50+00:00,0.36864828960478246,0,0
O6158,1.0,14,10,27.61,27.46,12.309999999999999,67.38,95.93985030404735,2026-06-11 21:36:40+00:00,0.4097655090531315,0,0
O6158,2.0,7,5,8.07,12.229999999999999,4.8,25.099999999999998,38.65714285714286,2026-06-11 21:14:13+00:00,0.3215139442231076,0,0
O6161,1.0,13,9,17.18,24.83,10.36,52.37,68.62214031288909,2026-06-12 00:05:41+00:00,0.32805041054038575,1,78
O6161,2.0,7,5,13.7,15.79,3.6,33.09,59.20714285714285,2026-06-12 00:31:55+00:00,0.41402236325173764,0,0
O6175,1.0,11,5,22.77,14.62,13.23,50.62,72.35478021978022,2026-06-11 17:17:24+00:00,0.44982220466218886,0,0
O6175,2.0,7,3,5.2700000000000005,9.799999999999999,19.85,34.92,33.791666666666664,2026-06-12 11:50:40+00:00,0.15091638029782362,0,0
O6177,1.0,14,10,19.24,26.82,13.46,59.519999999999996,77.65070826459859,2026-06-12 11:27:50+00:00,0.323252688172043,0,0
O6177,2.0,7,4,11.84,12.71,1.22,25.77,49.21545787545787,2026-06-12 13:42:05+00:00,0.4594489716724874,0,0
O6179,1.0,14,10,16.67,25.400000000000002,15.969999999999999,58.04,72.68901452570418,2026-06-12 14:56:09+00:00,0.2872157133011716,0,0
O6179,2.0,7,4,12.73,12.84,3.48,29.05,52.44653846153846,2026-06-12 15:27:13+00:00,0.43820998278829604,1,275
O6184,1.0,15,11,20.830000000000002,27.34,16.11,64.28,83.65582099052102,2026-06-12 21:36:45+00:00,0.32405102675793407,0,0
O6184,2.0,7,5,14.48,6.82,1.88,23.18,43.35441391941392,2026-06-12 22:04:08+00:00,0.6246764452113892,0,0
O6185,1.0,15,11,16.669999999999998,26.4,12.59,55.66,72.37913163545468,2026-06-12 22:22:35+00:00,0.299496945742005,0,0
O6194,1.0,15,11,21.4,24.560000000000002,20.02,65.98,81.76825452414667,2026-06-13 06:24:48+00:00,0.32434070930585024,0,0
O6194,2.0,8,5,15.25,15.530000000000001,2.29,33.07,58.30179487179487,2026-06-13 06:58:56+00:00,0.4611430299364983,0,0
O6197,1.0,15,11,17.33,24.919999999999998,12.31,54.56,71.73820676549273,2026-06-13 08:44:56+00:00,0.3176319648093841,0,0
O6197,2.0,7,5,15.55,7.8100000000000005,2.65,26.01,46.21163003663004,2026-06-13 09:26:37+00:00,0.5978469819300269,0,0
O6199,1.0,15,11,18.62,27.93,13.879999999999999,60.43,80.4063534356923,2026-06-13 10:21:33+00:00,0.30812510342545096,0,0
O6199,2.0,7,5,16.18,8.57,3.04,27.79,49.73860805860805,2026-06-13 10:53:29+00:00,0.5822238215185318,0,0
O6200,1.0,15,11,20.939999999999998,24.95,16.31,62.199999999999996,80.28643561252505,2026-06-13 11:06:30+00:00,0.33665594855305464,0,0
O6200,2.0,7,5,7.459999999999999,18.2,3.15,28.81,41.39230769230769,2026-06-13 11:39:07+00:00,0.2589378687955571,0,0
O6201,1.0,15,11,17.83,22.61,17.61,58.05,71.11645682413689,2026-06-13 12:02:12+00:00,0.30714900947459084,0,0
O6201,2.0,7,5,12.17,11.31,4.8,28.28,44.246153846153845,2026-06-13 12:35:42+00:00,0.4303394625176803,0,0
O6202,1.0,15,11,21.96,30.94,16.52,69.42,93.14265062428713,2026-06-13 12:51:16+00:00,0.3163353500432152,0,0
O6202,2.0,7,5,10.9,12.549999999999999,5.29,28.74,44.508937728937724,2026-06-13 13:18:37+00:00,0.37926235212247744,0,0
O6203,1.0,15,11,16.93,25.87,18.33,61.13,74.28848400368105,2026-06-13 13:36:33+00:00,0.2769507606739735,0,0
O6203,2.0,7,5,13.48,12.11,4.8,30.39,48.02445054945055,2026-06-13 14:05:36+00:00,0.44356696281671604,0,0
O6206,1.0,15,11,17.38,26.84,14.61,58.83,76.27862557682573,2026-06-13 15:57:51+00:00,0.2954275029746728,0,0
O6206,2.0,7,5,14.96,7.57,3.71,26.240000000000002,48.83062271062271,2026-06-13 16:27:00+00:00,0.5701219512195121,0,0
O6208,1.0,15,11,18.310000000000002,28.93,12.34,59.58,80.91246086227315,2026-06-13 17:41:10+00:00,0.30731789191003694,0,0
O6208,2.0,7,5,15.11,10.33,2.08,27.52,48.515311355311354,2026-06-13 18:11:14+00:00,0.5490552325581395,0,0
O6218,1.0,15,11,18.89,27.48,11.93,58.3,78.81805502008147,2026-06-14 02:00:12+00:00,0.3240137221269297,0,0
O6218,2.0,7,5,13.69,14.78,0.98,29.45,53.711007326007326,2026-06-14 02:32:26+00:00,0.46485568760611207,0,0
O6219,1.0,15,10,15.89,25.21,14.530000000000001,55.63,70.22413402775602,2026-06-14 02:49:26+00:00,0.28563724609023905,0,0
O6219,2.0,8,6,21.13,8.41,6.97,36.51,61.967014652014655,2026-06-14 03:17:20+00:00,0.5787455491646124,0,0
O6220,1.0,11,7,26.09,22.88,4.11,53.08,81.41094976452119,2026-06-14 03:40:14+00:00,0.49152223059532785,0,0
O6221,1.0,15,11,15.79,26.220000000000002,14.38,56.39,71.73159286716222,2026-06-14 04:19:57+00:00,0.2800141869125731,0,0
O6221,2.0,7,6,16.73,7.5,3.97,28.2,48.821135531135525,2026-06-14 04:11:34+00:00,0.5932624113475178,0,0
O6222,1.0,15,11,24.37,23.19,12.42,59.980000000000004,84.36414903780862,2026-06-14 05:02:17+00:00,0.4063021007002334,0,0
O6222,2.0,7,5,17.34,12.48,1.4,31.220000000000002,57.78589743589744,2026-06-14 05:31:44+00:00,0.555413196668802,0,0
O6224,1.0,15,11,18.25,22.16,14.080000000000002,54.49,68.65395142840049,2026-06-14 06:37:10+00:00,0.33492383923655716,0,0
O6224,2.0,7,5,15.530000000000001,18.29,4.8,38.62,57.9271978021978,2026-06-14 07:15:30+00:00,0.4021232522009322,0,0
O6228,1.0,16,11,22.4,24.17,16.64,63.21,85.5927570023961,2026-06-14 10:24:21+00:00,0.3543743078626799,0,0
O6228,2.0,7,6,16.47,9.69,4.8,30.96,51.99203296703296,2026-06-14 10:56:43+00:00,0.5319767441860465,0,0
O6229,1.0,16,12,24.099999999999998,21.66,15.54,61.3,84.69256792796693,2026-06-14 11:09:29+00:00,0.3931484502446982,0,0
O6229,2.0,7,6,14.14,6.37,4.8,25.31,40.86016483516484,2026-06-14 11:39:17+00:00,0.5586724614776769,0,0
O6231,1.0,16,12,32.3,25.75,13.1,71.15,109.22873126260137,2026-06-14 12:40:19+00:00,0.4539704848910751,0,0
O6231,2.0,7,5,6.21,15.030000000000001,6.97,28.21,37.34009157509158,2026-06-14 13:08:38+00:00,0.22013470400567173,0,0
O6245,1.0,11,6,17.68,25.88,2.55,46.11,67.25910518053375,2026-06-14 23:57:46+00:00,0.38343092604641077,0,0
O6252,1.0,16,10,20.689999999999998,26.39,9.690000000000001,56.769999999999996,79.3110150100526,2026-06-15 05:38:47+00:00,0.3644530561916505,0,0
O6252,2.0,8,6,5.37,23.39,2.57,31.33,41.176813186813185,2026-06-15 06:05:44+00:00,0.17140121289498883,0,0
O6266,1.0,12,8,29.58,16.28,9.58,55.44,81.14717739403454,2026-06-15 22:17:57+00:00,0.5335497835497836,0,0
O6266,2.0,9,6,15.15,15.5,4.16,34.81,48.632291412291416,2026-06-15 21:40:34+00:00,0.43521976443550703,1,82
O6269,1.0,12,8,18.58,44.85,8.62,72.05,103.10114024071167,2026-06-16 01:10:35+00:00,0.2578764746703678,0,0
O6269,2.0,8,5,8.129999999999999,13.46,5.24,26.83,35.29615791615792,2026-06-16 00:51:30+00:00,0.3030190085724935,0,0
O6272,1.0,11,7,22.73,23.07,4.33,50.13,76.1309262166405,2026-06-16 04:25:36+00:00,0.45342110512667066,0,0
O6273,1.0,12,8,15.28,31.24,10.55,57.07,74.43626007326007,2026-06-16 05:12:00+00:00,0.267741370247065,0,0
O6273,2.0,8,5,7.41,18.16,4.46,30.03,41.99602767602767,2026-06-16 04:53:56+00:00,0.24675324675324675,1,232
O6280,1.0,14,8,18.82,22.259999999999998,10.69,51.769999999999996,66.8274995731086,2026-06-16 10:53:29+00:00,0.36353100251110687,0,0
O6280,2.0,9,6,2.95,24.46,9.26,36.67,43.204157509157504,2026-06-16 11:20:29+00:00,0.08044723206981183,1,130
O6287,1.0,13,6,28.41,22.45,2.55,53.41,82.94560439560439,2026-06-16 16:48:31+00:00,0.5319228608874743,0,0
O6298,1.0,14,8,14.68,32.84,9.7,57.22,75.25328122504062,2026-06-17 04:55:14+00:00,0.2565536525690318,0,0
O6298,2.0,8,4,0.0,24.18,4.82,29.0,37.043846153846154,2026-06-17 05:23:36+00:00,0.0,0,0
O6299,1.0,14,8,14.620000000000001,32.2,9.82,56.64,74.76070486656201,2026-06-17 05:37:37+00:00,0.2581214689265537,0,0
O6299,2.0,8,4,0.0,28.24,4.38,32.62,43.17858974358974,2026-06-17 06:05:57+00:00,0.0,0,0
O6305,1.0,14,9,18.81,27.35,17.11,63.27,80.3302381674155,2026-06-17 10:33:54+00:00,0.29729729729729726,0,0
O6305,2.0,9,5,2.24,26.41,3.6599999999999997,32.31,47.45076923076923,2026-06-17 11:02:01+00:00,0.06932838130609718,1,101
O6310,1.0,15,10,13.03,26.5,12.59,52.12,65.76095787593273,2026-06-17 14:20:45+00:00,0.25,0,0
O6310,2.0,8,3,0.0,26.89,4.11,31.0,42.73923076923077,2026-06-17 14:54:35+00:00,0.0,1,81
O6314,1.0,14,8,17.87,32.0,10.74,60.61,86.11007606929411,2026-06-17 08:27:32+00:00,0.29483583567068145,0,0
O6314,2.0,8,4,4.61,22.98,6.78,34.370000000000005,49.13884615384615,2026-06-17 20:24:44+00:00,0.13412860052371253,1,60
O6319,1.0,15,10,15.61,29.509999999999998,15.66,60.78,73.43394250214395,2026-06-18 00:24:34+00:00,0.25682790391576177,1,106
O6319,2.0,9,5,5.54,23.31,3.63,32.48,43.94223443223443,2026-06-18 00:56:12+00:00,0.17056650246305421,0,0
O6320,1.0,16,10,14.03,29.64,14.52,58.19,70.84532752685047,2026-06-18 01:15:02+00:00,0.24110671936758893,1,392
O6320,2.0,9,5,6.06,28.169999999999998,4.37,38.6,51.788168498168496,2026-06-18 01:43:45+00:00,0.15699481865284973,0,0
O6325,1.0,15,10,13.920000000000002,27.21,14.71,55.84,66.62823795563179,2026-06-18 04:31:09+00:00,0.24928366762177653,1,222
O6325,2.0,9,5,0.0,24.43,9.77,34.2,38.90923076923077,2026-06-18 05:33:18+00:00,0.0,0,0
O6327,1.0,11,6,27.86,22.48,0.0,50.339999999999996,86.30828100470957,2026-06-18 07:28:21+00:00,0.5534366309098133,1,169
O6328,1.0,15,10,15.120000000000001,22.55,15.11,52.78,62.787120296003366,2026-06-18 08:12:18+00:00,0.2864721485411141,1,366
O6328,2.0,9,6,4.56,21.96,9.23,35.75,42.23326007326007,2026-06-18 07:52:30+00:00,0.12755244755244755,1,409
O6334,1.0,11,6,28.52,26.240000000000002,0.0,54.76,93.4015306122449,2026-06-18 14:20:15+00:00,0.5208181154127101,0,0
O6339,1.0,14,9,18.759999999999998,28.34,11.65,58.75,75.15235975026616,2026-06-18 23:55:10+00:00,0.3193191489361702,0,0
O6339,2.0,8,5,4.01,21.39,8.05,33.45,44.19871794871795,2026-06-19 00:29:38+00:00,0.11988041853512704,0,0
O6342,1.0,14,9,17.56,28.13,13.61,59.3,74.48856628593082,2026-06-19 02:21:27+00:00,0.29612141652613827,0,0
O6342,2.0,8,5,3.54,26.79,4.54,34.87,50.436410256410255,2026-06-19 02:47:37+00:00,0.10151993117292803,0,0
O6343,1.0,11,4,10.68,27.7,12.65,51.03,59.657326007326006,2026-06-15 17:47:45+00:00,0.20928865373309816,0,0
O6343,2.0,8,5,4.8,26.92,5.16,36.879999999999995,53.499487179487176,2026-06-19 03:37:53+00:00,0.13015184381778744,0,0
O6344,1.0,14,9,17.55,29.580000000000002,11.23,58.36,73.71294633609412,2026-06-19 03:03:43+00:00,0.30071967100753944,0,0
O6344,2.0,8,6,8.25,18.6,5.68,32.53,44.20102564102564,2026-06-19 04:10:00+00:00,0.2536120504150015,0,0
O6346,1.0,14,9,12.85,24.380000000000003,14.93,52.160000000000004,60.797515743698014,2026-06-19 05:25:28+00:00,0.24635736196319016,0,0
O6346,2.0,9,6,3.06,29.89,10.899999999999999,43.85,52.896153846153844,2026-06-19 05:54:11+00:00,0.06978335233751425,0,0
O6348,1.0,14,9,12.370000000000001,30.19,14.07,56.63,66.52860836536206,2026-06-19 07:03:42+00:00,0.2184354582376832,0,0
O6348,2.0,8,5,5.11,24.950000000000003,3.33,33.39,50.210641025641024,2026-06-19 07:37:19+00:00,0.1530398322851153,0,0
O6349,1.0,14,9,14.99,27.009999999999998,13.48,55.48,67.73621290532128,2026-06-19 07:56:39+00:00,0.27018745493871665,0,0
O6349,2.0,8,5,3.91,26.37,5.36,35.64,50.45974358974359,2026-06-19 08:30:16+00:00,0.10970819304152638,0,0
O6350,1.0,14,9,16.38,31.03,13.68,61.089999999999996,77.86887284049456,2026-06-19 08:44:24+00:00,0.26812899001473234,0,0
O6350,2.0,8,5,4.39,24.15,5.94,34.480000000000004,47.464615384615385,2026-06-19 09:13:20+00:00,0.12732018561484917,0,0
O6351,1.0,14,9,15.45,29.04,14.16,58.65,72.40776969992241,2026-06-19 09:35:10+00:00,0.26342710997442453,0,0
O6351,2.0,8,5,2.87,23.509999999999998,4.39,30.77,42.20564102564102,2026-06-19 10:04:44+00:00,0.09327266818329542,0,0
O6353,1.0,14,9,14.42,29.9,10.14,54.46,70.9235641728421,2026-06-19 11:17:52+00:00,0.2647814910025707,0,0
O6353,2.0,8,5,3.98,24.21,4.77,32.96,46.73423076923077,2026-06-19 10:54:07+00:00,0.12075242718446602,0,0
O6355,1.0,14,9,16.4,24.77,12.23,53.4,67.26747688660834,2026-06-19 12:52:56+00:00,0.30711610486891383,0,0
O6355,2.0,9,5,2.88,26.78,9.73,39.39,48.851025641025636,2026-06-19 12:29:45+00:00,0.0731150038080731,0,0
O6356,1.0,14,9,17.14,28.810000000000002,15.56,61.51,75.06335761723369,2026-06-19 13:33:53+00:00,0.278653877418306,0,0
O6356,2.0,9,6,2.66,24.69,6.81,34.16,43.576410256410256,2026-06-19 14:00:33+00:00,0.07786885245901641,0,0
O6357,1.0,14,9,14.99,29.66,12.149999999999999,56.8,71.0073323988258,2026-06-19 14:19:54+00:00,0.26390845070422536,0,0
O6357,2.0,8,4,2.57,20.92,4.84,28.33,40.22294871794872,2026-06-19 14:51:44+00:00,0.09071655488881045,0,0
O6358,1.0,14,8,15.07,32.94,8.34,56.35,77.20298583708228,2026-06-19 15:11:26+00:00,0.26743566992014195,0,0
O6358,2.0,9,5,3.26,22.0,10.41,35.67,45.466153846153844,2026-06-19 15:38:55+00:00,0.0913933277263807,0,0
O6363,1.0,14,9,18.68,25.78,12.370000000000001,56.83,72.69545190277702,2026-06-19 21:57:40+00:00,0.3286996304768608,0,0
O6363,2.0,9,5,0.0,23.13,8.94,32.07,37.33064102564103,2026-06-19 21:30:12+00:00,0.0,0,0
O6364,1.0,14,8,16.23,27.65,11.34,55.22,71.63854475901766,2026-06-19 22:40:29+00:00,0.29391524809851505,0,0
O6364,2.0,8,4,0.0,28.1,3.5,31.6,41.60512820512821,2026-06-19 23:12:05+00:00,0.0,0,0
O6366,1.0,14,8,21.15,28.53,11.39,61.07,83.04408022519353,2026-06-20 00:23:09+00:00,0.3463238906173244,1,104
O6366,2.0,8,4,0.0,28.53,4.77,33.3,44.70538461538462,2026-06-20 00:49:16+00:00,0.0,0,0
O6374,1.0,14,8,16.6,32.06,13.66,62.32,80.01996578790668,2026-06-20 06:18:04+00:00,0.2663671373555841,0,0
O6374,2.0,9,5,3.46,26.97,4.12,34.550000000000004,51.219487179487174,2026-06-20 06:49:57+00:00,0.10014471780028943,0,0
O6375,1.0,14,8,16.240000000000002,26.57,10.71,53.519999999999996,70.11484238257637,2026-06-20 07:04:33+00:00,0.30343796711509724,0,0
O6375,2.0,8,5,6.22,21.02,4.83,32.07,49.498461538461534,2026-06-20 07:38:12+00:00,0.1939507327720611,0,0
O6376,1.0,16,9,21.39,31.89,14.65,67.93,88.90280190909255,2026-06-20 07:49:20+00:00,0.31488296776093033,0,0
O6376,2.0,9,5,2.6,27.45,3.14,33.19,47.28128205128205,2026-06-20 08:21:29+00:00,0.07833684844832782,0,0
O6377,1.0,14,9,17.080000000000002,34.06,11.45,62.59,81.66027557335931,2026-06-20 08:32:34+00:00,0.27288704265857167,0,0
O6377,2.0,9,5,0.0,25.68,8.03,33.71,40.407435897435896,2026-06-20 09:00:53+00:00,0.0,0,0
O6378,1.0,16,10,17.85,31.31,10.100000000000001,59.26,79.6005309189989,2026-06-20 09:16:49+00:00,0.3012149848126899,0,0
O6378,2.0,9,5,0.0,19.56,9.82,29.38,31.306666666666665,2026-06-20 09:45:22+00:00,0.0,0,0
O6379,1.0,14,9,17.12,31.12,13.5,61.74,76.94078027391328,2026-06-20 10:04:37+00:00,0.2772918691286038,0,0
O6379,2.0,8,4,0.0,24.98,3.65,28.63,37.264102564102565,2026-06-20 10:35:18+00:00,0.0,0,0
O6380,1.0,15,9,17.32,26.96,11.38,55.660000000000004,71.0838810516249,2026-06-20 11:01:06+00:00,0.3111749910168882,0,0
O6380,2.0,8,4,0.0,24.68,5.05,29.73,37.2551282051282,2026-06-20 11:30:20+00:00,0.0,0,0
O6381,1.0,14,9,15.99,29.22,11.67,56.88,72.07218778758188,2026-06-20 12:06:54+00:00,0.2811181434599156,0,0
O6381,2.0,8,4,0.0,24.54,4.59,29.13,34.94025641025641,2026-06-20 12:31:48+00:00,0.0,0,0
O6382,1.0,14,9,17.12,27.5,17.13,61.75,73.15032967032967,2026-06-20 12:49:18+00:00,0.2772469635627531,0,0
O6382,2.0,8,4,0.0,23.009999999999998,5.05,28.06,35.58141025641025,2026-06-20 13:16:25+00:00,0.0,0,0
O6390,1.0,11,5,20.95,17.01,13.43,51.39,70.70166666666667,2026-06-19 16:48:22+00:00,0.40766686125705387,0,0
O6390,2.0,9,4,7.23,27.51,11.58,46.32,56.51164835164835,2026-06-20 19:29:19+00:00,0.1560880829015544,0,0
O6391,1.0,14,8,15.89,25.69,12.76,54.34,69.35725942366336,2026-06-20 19:24:26+00:00,0.2924181082075819,0,0
O6391,2.0,9,4,3.49,24.4,5.62,33.51,48.13679487179487,2026-06-20 20:24:32+00:00,0.1041480155177559,0,0
O6396,1.0,14,9,15.81,27.41,15.15,58.370000000000005,73.82381544235731,2026-06-20 23:54:32+00:00,0.27085831762891893,0,0
O6396,2.0,8,4,0.0,31.89,2.4,34.29,46.1525641025641,2026-06-21 00:25:41+00:00,0.0,0,0
O6402,1.0,14,10,22.87,26.2,14.65,63.72,86.14558627337574,2026-06-21 04:30:22+00:00,0.35891399874450725,0,0
O6402,2.0,8,4,0.0,26.28,4.4,30.68,40.07820512820513,2026-06-21 05:02:51+00:00,0.0,0,0
O6406,1.0,14,10,22.71,22.7,9.84,55.25,77.09722593334416,2026-06-21 08:13:54+00:00,0.41104072398190045,0,0
O6406,2.0,9,5,3.89,27.97,4.19,36.05,54.15243589743589,2026-06-21 08:06:05+00:00,0.10790568654646326,1,76
O6410,1.0,14,10,22.23,27.13,11.030000000000001,60.39,83.25486814326456,2026-06-21 11:51:17+00:00,0.368107302533532,0,0
O6410,2.0,8,5,4.12,23.12,5.5,32.74,45.66474358974359,2026-06-21 12:22:19+00:00,0.12583995113011606,1,252
O6414,1.0,13,9,27.48,18.43,9.75,55.66,86.40606623132291,2026-06-21 15:04:06+00:00,0.4937118217750629,0,0
O6414,2.0,9,5,10.879999999999999,23.11,6.94,40.93,65.06717948717949,2026-06-21 15:27:25+00:00,0.2658196921573418,0,0
O6416,1.0,13,10,20.19,19.79,12.44,52.42,72.49982764318906,2026-06-21 16:30:51+00:00,0.3851583365127814,0,0
O6416,2.0,9,6,5.41,25.89,8.219999999999999,39.52,56.09576923076923,2026-06-21 16:17:46+00:00,0.13689271255060728,0,0
O6417,1.0,13,10,21.32,22.27,12.940000000000001,56.53,75.47558476999623,2026-06-21 17:22:54+00:00,0.37714487882540243,0,0
O6417,2.0,8,4,0.0,27.75,5.08,32.83,43.123461538461534,2026-06-21 17:45:26+00:00,0.0,0,0
O6421,1.0,12,7,31.42,22.62,0.0,54.04,95.60337519623235,2026-06-21 20:48:43+00:00,0.5814211695040711,0,0
O6422,1.0,14,11,24.29,20.91,11.56,56.76,81.91467617983952,2026-06-21 21:36:13+00:00,0.42794221282593375,0,0
O6422,2.0,9,6,6.0600000000000005,22.88,3.72,32.66,49.28423076923077,2026-06-21 21:10:21+00:00,0.18554807103490512,0,0
O6423,1.0,13,10,22.02,22.509999999999998,9.08,53.61,76.33068485917332,2026-06-21 22:20:34+00:00,0.4107442641298265,0,0
O6423,2.0,8,4,0.0,23.9,4.8,28.7,36.93076923076923,2026-06-21 22:55:49+00:00,0.0,0,0
O6424,1.0,13,10,22.259999999999998,19.29,15.18,56.73,73.79080523875054,2026-06-21 23:08:46+00:00,0.39238498149127443,0,0
O6424,2.0,8,4,0.0,28.270000000000003,7.59,35.86,43.829358974358975,2026-06-21 23:34:33+00:00,0.0,0,0
O6426,1.0,13,9,20.96,25.0,12.81,58.769999999999996,76.92603479616054,2026-06-22 00:35:04+00:00,0.356644546537349,0,0
O6426,2.0,8,4,0.0,23.8,4.34,28.14,35.312051282051286,2026-06-22 00:58:56+00:00,0.0,0,0
O6429,1.0,13,10,24.150000000000002,24.47,11.5,60.12,86.00487475319599,2026-06-22 02:53:59+00:00,0.4016966067864272,0,0
O6429,2.0,8,4,0.0,28.32,6.62,34.94,42.158589743589744,2026-06-22 03:22:54+00:00,0.0,0,0
O6430,1.0,13,9,22.79,25.12,8.57,56.480000000000004,83.61508392998411,2026-06-22 03:38:04+00:00,0.40350566572237956,0,0
O6431,1.0,11,5,22.29,15.18,12.94,50.41,71.65591575091575,2026-06-21 07:35:13+00:00,0.44217417179131124,0,0
O6431,2.0,9,5,1.37,26.76,11.2,39.33,46.152838827838835,2026-06-22 04:08:16+00:00,0.034833460462751084,0,0
O6432,1.0,13,10,21.06,23.9,12.309999999999999,57.269999999999996,83.54984073959055,2026-06-22 04:26:27+00:00,0.3677317967522263,0,0
O6432,2.0,8,5,4.29,25.71,5.24,35.24,51.267271062271064,2026-06-22 05:37:19+00:00,0.12173666288308739,0,0
O6433,1.0,13,10,26.39,22.34,10.43,59.16,83.07669248433703,2026-06-22 06:03:17+00:00,0.44607843137254904,0,0
O6433,2.0,8,4,0.0,26.51,4.8,31.310000000000002,41.83076923076923,2026-06-22 06:38:17+00:00,0.0,0,0
O6435,1.0,13,10,30.17,16.689999999999998,15.49,62.35,83.56964161540645,2026-06-22 07:41:26+00:00,0.48388131515637534,0,0
O6435,2.0,8,6,18.75,10.22,0.01,28.98,51.59783882783883,2026-06-22 08:25:26+00:00,0.6469979296066253,0,0
O6437,1.0,13,9,27.93,18.99,10.690000000000001,57.61,84.85546620435134,2026-06-22 09:25:29+00:00,0.4848116646415553,0,0
O6437,2.0,8,4,5.109999999999999,18.1,9.6,32.81,38.34615384615385,2026-06-22 09:55:23+00:00,0.1557451996342578,0,0
O6438,1.0,13,9,31.17,15.01,12.440000000000001,58.620000000000005,84.75853899622113,2026-06-22 10:10:30+00:00,0.5317297850562948,0,0
O6438,2.0,8,5,9.54,12.44,7.1899999999999995,29.17,38.431556776556775,2026-06-22 10:40:47+00:00,0.3270483373328762,0,0
O6440,1.0,13,9,27.61,15.41,12.09,55.11,75.67570705372754,2026-06-22 11:50:38+00:00,0.500998003992016,0,0
O6440,2.0,8,5,21.97,6.23,6.78,34.980000000000004,60.09461538461538,2026-06-22 12:20:13+00:00,0.6280731846769582,0,0
O6444,1.0,12,7,32.34,22.43,0.0,54.77,93.43932496075354,2026-06-22 15:01:20+00:00,0.5904692349826548,0,0
O6456,1.0,14,11,25.98,17.83,15.29,59.1,82.74101148475584,2026-06-23 03:21:36+00:00,0.43959390862944164,0,0
O6456,2.0,8,5,7.76,13.88,4.8,26.439999999999998,37.96098901098901,2026-06-23 03:52:30+00:00,0.29349470499243574,0,0
O6465,1.0,14,11,26.93,15.290000000000001,13.82,56.04,77.96716187905662,2026-06-23 11:09:08+00:00,0.4805496074232691,0,0
O6465,2.0,8,5,6.98,18.6,5.05,30.63,41.73469678469679,2026-06-23 11:40:27+00:00,0.227881162259223,1,584
O6469,1.0,11,6,27.64,24.2,0.0,51.84,88.14478021978022,2026-06-23 14:51:57+00:00,0.533179012345679,0,0
O6470,1.0,14,7,36.8,22.64,0.0,59.44,107.60930141287284,2026-06-23 15:39:40+00:00,0.6191117092866756,0,0
O6472,1.0,13,7,29.22,27.740000000000002,7.21,64.17,95.41260439560439,2026-06-23 16:33:20+00:00,0.4553529686769518,1,51
O6473,1.0,11,6,28.14,28.86,0.0,57.0,96.90886970172684,2026-06-23 20:57:14+00:00,0.4936842105263158,0,0
O6477,1.0,14,10,17.8,17.36,18.63,53.79,63.70678242003054,2026-06-24 00:03:55+00:00,0.33091652723554565,1,30
O6477,2.0,8,5,14.21,17.65,4.8,36.66,51.05596255596255,2026-06-24 00:29:54+00:00,0.3876159301691217,0,0
O6478,1.0,14,10,15.469999999999999,19.38,18.330000000000002,53.18,59.567631000578366,2026-06-24 00:47:06+00:00,0.29089883414817597,0,0
O6478,2.0,8,6,15.75,10.49,4.15,30.39,48.36822344322344,2026-06-24 01:15:11+00:00,0.5182625863770978,1,252
O6479,1.0,14,10,19.26,21.73,18.74,59.730000000000004,75.4422471838938,2026-06-24 01:32:50+00:00,0.3224510296333501,1,739
O6479,2.0,8,6,18.2,11.41,0.91,30.52,54.732179487179486,2026-06-24 02:06:11+00:00,0.5963302752293578,0,0
O6481,1.0,14,11,18.240000000000002,24.990000000000002,19.939999999999998,63.17,73.81678520477017,2026-06-24 03:13:49+00:00,0.2887446572740225,1,408
O6481,2.0,8,5,4.76,15.23,2.15,22.14,29.353846153846156,2026-06-24 03:42:39+00:00,0.2149954832881662,0,0
O6483,1.0,14,10,19.56,20.05,18.05,57.66,73.02739037153323,2026-06-24 04:47:22+00:00,0.3392299687825182,0,0
O6483,2.0,8,5,7.699999999999999,15.940000000000001,1.87,25.51,34.566923076923075,2026-06-24 05:15:25+00:00,0.3018424147393179,1,132
O6490,1.0,14,10,21.25,16.37,15.66,53.28,62.95185538020876,2026-06-24 11:02:26+00:00,0.3988363363363363,1,43
O6490,2.0,8,6,14.3,12.27,2.28,28.85,47.52263736263736,2026-06-24 11:32:19+00:00,0.49566724436741766,0,0
O6491,1.0,13,7,31.78,21.42,3.99,57.19,90.21706593406594,2026-06-24 11:51:25+00:00,0.5556915544675644,1,93
O6495,1.0,11,6,28.240000000000002,27.12,0.0,55.36,92.40906593406594,2026-06-24 15:08:52+00:00,0.5101156069364162,1,143
O6497,1.0,13,7,24.79,31.43,6.799999999999999,63.02,88.91996703296704,2026-06-24 16:54:48+00:00,0.39336718502062834,0,0
O6499,1.0,12,7,31.96,18.66,0.0,50.62,88.80313971742544,2026-06-24 21:41:54+00:00,0.6313709996048993,0,0
O6502,1.0,14,11,25.27,18.46,18.46,62.19,80.41612204197918,2026-06-25 00:01:36+00:00,0.40633542370155973,1,276
O6502,2.0,8,5,9.71,9.700000000000001,2.89,22.3,30.426621896621896,2026-06-25 00:31:29+00:00,0.4354260089686099,0,0
O6507,1.0,14,10,19.22,22.57,21.02,62.81,74.35344929478764,2026-06-25 03:45:08+00:00,0.3060022289444356,1,714
O6507,2.0,8,6,5.12,19.0,2.07,26.189999999999998,39.68230769230769,2026-06-25 04:15:57+00:00,0.19549446353570066,0,0
O6509,1.0,14,10,14.22,28.02,17.66,59.9,70.85700605910381,2026-06-25 05:31:14+00:00,0.23739565943238733,1,74
O6509,2.0,8,5,8.58,21.67,6.27,36.52,45.80291208791209,2026-06-25 06:00:44+00:00,0.23493975903614456,1,256
O6513,1.0,14,10,21.23,20.9,18.259999999999998,60.39,78.39495866038723,2026-06-25 08:43:16+00:00,0.35154826958105645,1,92
O6513,2.0,8,5,10.77,19.560000000000002,2.29,32.620000000000005,50.109212454212454,2026-06-25 09:20:28+00:00,0.33016554261189446,1,60
O6515,1.0,11,6,27.32,21.73,0.0,49.05,82.74937205651491,2026-06-25 10:34:49+00:00,0.5569826707441387,0,0
O6518,1.0,14,9,14.61,30.91,17.19,62.71,77.16474317662288,2026-06-25 13:25:01+00:00,0.23297719661935895,0,0
O6518,2.0,8,4,6.43,22.47,3.47,32.370000000000005,44.91161172161172,2026-06-25 13:53:34+00:00,0.19864071671300584,0,0
O6520,1.0,16,10,13.62,36.46,20.99,71.07000000000001,85.28042745362839,2026-06-25 15:08:47+00:00,0.1916420430561418,0,0
O6520,2.0,8,4,10.52,18.83,4.8,34.15,45.597802197802196,2026-06-25 14:52:44+00:00,0.30805270863836015,0,0
O6522,1.0,11,6,30.05,24.73,0.0,54.78,94.17998430141287,2026-06-25 16:54:53+00:00,0.5485578678349763,0,0
O6525,1.0,14,11,25.64,21.11,11.559999999999999,58.31,87.70173830274815,2026-06-25 21:36:26+00:00,0.4397187446407134,0,0
O6525,2.0,9,7,15.7,12.96,8.94,37.6,51.110128205128206,2026-06-25 22:04:52+00:00,0.41755319148936165,0,0
O6526,1.0,14,11,23.48,23.52,14.93,61.93,87.14077043974089,2026-06-25 22:19:41+00:00,0.3791377361537219,0,0
O6526,2.0,9,7,15.26,14.23,10.04,39.53,53.117271062271065,2026-06-25 22:51:55+00:00,0.3860359220844928,0,0
O6528,1.0,14,11,24.52,21.87,14.83,61.22,83.25518998899295,2026-06-26 00:04:37+00:00,0.40052270499836656,0,0
O6528,2.0,8,6,13.16,9.26,6.63,29.05,41.93554945054945,2026-06-25 23:49:29+00:00,0.4530120481927711,0,0
O6529,1.0,16,11,11.56,33.16,21.46,66.17999999999999,74.74228095627473,2026-06-26 00:54:07+00:00,0.17467512843759447,0,0
O6529,2.0,8,5,8.97,14.209999999999999,4.68,27.86,34.80441391941392,2026-06-26 01:27:58+00:00,0.32196697774587224,0,0
O6535,1.0,14,10,15.74,29.67,15.32,60.73,73.24307512813866,2026-06-26 05:39:09+00:00,0.2591799769471431,0,0
O6535,2.0,8,6,15.05,7.35,2.09,24.49,39.20371794871795,2026-06-26 05:21:21+00:00,0.6145365455287873,0,0
O6536,1.0,14,10,18.73,28.54,13.3,60.57,78.92051428305511,2026-06-26 06:23:45+00:00,0.30922899124979364,0,0
O6536,2.0,9,7,15.75,9.73,8.5,33.980000000000004,47.33058608058608,2026-06-26 06:39:50+00:00,0.46350794585050026,0,0
O6538,1.0,14,11,22.67,25.91,13.83,62.41,85.94746231816752,2026-06-26 10:44:07+00:00,0.36324307002083006,0,0
O6538,2.0,8,6,14.36,12.93,4.78,32.07,45.68115384615385,2026-06-26 11:20:54+00:00,0.44777050202681634,0,0
O6540,1.0,14,11,21.700000000000003,19.200000000000003,15.18,56.08,73.9526793727403,2026-06-26 12:36:49+00:00,0.3869472182596292,0,0
O6540,2.0,8,6,21.939999999999998,6.470000000000001,5.2,33.61,58.82893772893773,2026-06-26 13:05:04+00:00,0.6527819101457899,0,0
O6543,1.0,14,10,28.25,17.3,19.57,65.12,89.68565605658709,2026-06-26 15:13:44+00:00,0.4338144963144963,0,0
O6543,2.0,9,6,17.72,8.39,10.04,36.15,51.91727106227106,2026-06-26 15:45:48+00:00,0.49017980636237896,0,0
O6548,1.0,14,11,27.240000000000002,20.02,14.489999999999998,61.75,86.4205209499687,2026-06-26 22:20:34+00:00,0.4411336032388664,0,0
O6548,2.0,8,5,10.48,15.45,4.83,30.76,47.965769230769226,2026-06-26 22:09:05+00:00,0.34070221066319895,0,0
O6549,1.0,15,12,26.759999999999998,15.63,13.29,55.68,80.0187663598177,2026-06-26 23:13:27+00:00,0.48060344827586204,0,0
O6549,2.0,8,5,12.629999999999999,18.33,6.93,37.89,57.13170329670329,2026-06-26 23:37:30+00:00,0.3333333333333333,0,0
O6550,1.0,15,12,26.39,19.04,16.23,61.66,86.75426935090663,2026-06-26 23:53:14+00:00,0.4279922153746351,0,0
O6550,2.0,8,5,9.75,18.310000000000002,5.24,33.3,49.12990842490843,2026-06-27 00:23:01+00:00,0.2927927927927928,0,0
O6551,1.0,15,11,23.11,25.8,16.25,65.16,87.04415945604823,2026-06-27 00:40:31+00:00,0.3546654389195826,0,0
O6551,2.0,8,5,10.58,17.48,4.18,32.24,51.03179487179487,2026-06-27 01:06:37+00:00,0.32816377171215877,0,0
O6552,1.0,15,11,17.05,25.84,19.84,62.73,76.16493876316407,2026-06-27 01:29:36+00:00,0.27179977682129763,0,0
O6552,2.0,9,6,9.91,16.73,7.57,34.21,48.8153663003663,2026-06-27 01:58:09+00:00,0.289681379713534,0,0
O6553,1.0,15,11,24.09,25.65,16.36,66.1,88.83085027840538,2026-06-27 02:12:15+00:00,0.3644478063540091,0,0
O6553,2.0,8,5,6.85,10.149999999999999,2.93,19.93,30.501666666666665,2026-06-27 02:42:46+00:00,0.3437029603612644,0,0
O6554,1.0,15,11,24.16,21.0,14.76,59.92,80.95616372306287,2026-06-27 02:57:40+00:00,0.4032042723631509,0,0
O6554,2.0,9,5,9.62,16.3,8.85,34.769999999999996,49.46043956043956,2026-06-27 03:24:48+00:00,0.276675294794363,0,0
O6557,1.0,15,11,22.72,26.05,17.7,66.47,84.46482991297873,2026-06-27 05:11:48+00:00,0.34180833458703175,0,0
O6557,2.0,8,6,9.61,19.89,0.66,30.16,45.12155677655678,2026-06-27 05:41:24+00:00,0.3186339522546419,0,0
O6558,1.0,15,11,22.64,25.799999999999997,18.6,67.03999999999999,84.64798183408502,2026-06-27 05:54:32+00:00,0.3377088305489261,0,0
O6558,2.0,8,6,9.09,16.2,3.56,28.85,43.04857142857143,2026-06-27 06:23:16+00:00,0.31507798960138644,1,226
O6559,1.0,15,12,23.88,23.82,18.14,65.84,82.87817782899842,2026-06-27 06:43:12+00:00,0.3626974483596597,0,0
O6559,2.0,9,7,14.1,17.89,10.04,42.03,58.536593406593404,2026-06-27 07:17:13+00:00,0.33547466095645967,0,0
O6560,1.0,14,11,22.380000000000003,20.259999999999998,16.07,58.71,76.15452816391111,2026-06-27 07:34:29+00:00,0.38119570771589173,0,0
O6560,2.0,8,6,10.41,13.49,3.1,27.0,45.07591575091575,2026-06-27 08:04:28+00:00,0.38555555555555554,0,0
O6562,1.0,15,12,26.83,18.990000000000002,15.84,61.660000000000004,83.7557564905063,2026-06-27 10:01:29+00:00,0.43512812195913064,0,0
O6562,2.0,8,6,9.94,17.77,4.85,32.56,46.577289377289375,2026-06-27 10:31:23+00:00,0.30528255528255527,0,0
O6566,1.0,12,7,30.32,24.64,0.0,54.96,97.14007064364208,2026-06-27 12:54:16+00:00,0.5516739446870451,0,0
O6568,1.0,14,11,29.240000000000002,13.58,18.82,61.64,82.62224314470231,2026-06-27 14:19:50+00:00,0.47436729396495786,0,0
O6568,2.0,8,5,10.57,19.9,5.69,36.16,53.99117216117216,2026-06-27 14:49:32+00:00,0.2923119469026549,0,0
O6570,1.0,14,11,27.15,19.599999999999998,17.189999999999998,63.94,86.63733272868922,2026-06-27 15:52:28+00:00,0.4246168282765092,0,0
O6570,2.0,8,6,15.6,11.02,5.22,31.84,51.75926129426129,2026-06-27 16:23:15+00:00,0.4899497487437186,0,0
O6571,1.0,11,5,26.09,17.43,10.45,53.97,82.49047619047619,2026-06-23 17:23:18+00:00,0.48341671298869743,0,0
O6571,2.0,8,5,2.77,16.85,10.629999999999999,30.25,35.51778388278389,2026-06-27 17:08:12+00:00,0.0915702479338843,0,0
O6574,1.0,16,9,12.26,31.02,19.87,63.150000000000006,73.97183901018177,2026-06-27 19:13:40+00:00,0.19414093428345208,0,0
O6574,2.0,8,5,9.39,16.47,3.88,29.74,41.03232397232397,2026-06-27 19:43:52+00:00,0.3157363819771352,0,0
O6575,1.0,16,10,13.06,26.89,21.509999999999998,61.46,70.18642519523516,2026-06-27 20:02:07+00:00,0.21249593231369998,0,0
O6575,2.0,8,4,10.66,24.04,6.28,40.980000000000004,54.30652014652014,2026-06-27 20:30:07+00:00,0.2601268911664226,0,0
O6576,1.0,16,10,18.62,33.26,18.89,70.77,87.06807067308286,2026-06-27 20:49:05+00:00,0.26310583580613256,0,0
O6576,2.0,8,4,7.57,17.009999999999998,3.86,28.44,38.27018315018315,2026-06-27 21:15:49+00:00,0.2661744022503516,0,0
O6578,1.0,16,10,15.170000000000002,28.33,19.22,62.72,74.62680482373041,2026-06-27 22:26:18+00:00,0.24186862244897964,0,0
O6578,2.0,8,4,5.880000000000001,15.99,6.65,28.52,35.21666666666667,2026-06-27 22:03:23+00:00,0.20617110799438992,0,0
O6584,1.0,13,7,19.95,32.63,4.76,57.34,84.2479010989011,2026-06-28 04:20:05+00:00,0.3479246599232647,1,938
O6587,1.0,12,7,30.72,26.09,0.0,56.81,96.96923076923076,2026-06-28 06:41:21+00:00,0.5407498679809892,0,0
O6589,1.0,17,12,20.78,21.49,20.03,62.300000000000004,76.04361185235413,2026-06-28 09:15:48+00:00,0.33354735152487963,0,0
O6589,2.0,8,5,14.46,15.74,3.29,33.49,49.32580789580789,2026-06-28 09:39:51+00:00,0.4317706778142729,0,0
O6590,1.0,17,12,17.52,22.740000000000002,18.810000000000002,59.07,70.83535891231172,2026-06-28 09:57:24+00:00,0.2965972574911122,1,143
O6590,2.0,8,5,12.79,14.01,3.79,30.59,43.60289377289377,2026-06-28 10:24:19+00:00,0.41811049362536773,0,0
O6592,1.0,16,9,13.86,33.37,19.21,66.44,79.1178639998168,2026-06-28 11:34:26+00:00,0.20860927152317882,0,0
O6592,2.0,8,5,11.69,13.690000000000001,6.13,31.509999999999998,41.472596662596665,2026-06-28 11:57:42+00:00,0.3709933354490638,0,0
O6595,1.0,18,8,20.85,30.03,16.06,66.94,90.50505430242272,2026-06-28 13:46:27+00:00,0.3114729608604721,0,0
O6595,2.0,9,5,11.34,14.96,9.719999999999999,36.02,44.457501017501016,2026-06-28 14:12:43+00:00,0.3148250971682398,0,0
O6596,1.0,16,8,15.5,32.09,14.59,62.18,79.27709864404602,2026-06-28 14:31:20+00:00,0.2492762946284979,0,0
O6596,2.0,8,5,6.43,19.759999999999998,2.63,28.82,41.60100529100529,2026-06-28 14:59:17+00:00,0.22310895211658568,0,0
O6601,1.0,17,11,14.120000000000001,31.89,14.18,60.190000000000005,82.3578953816903,2026-06-28 18:20:58+00:00,0.23459046353214819,0,0
O6601,2.0,8,5,15.379999999999999,18.990000000000002,5.35,39.72,54.290781440781444,2026-06-28 18:51:21+00:00,0.3872104733131923,0,0
O6605,1.0,15,10,16.78,25.55,14.66,56.99,73.79894327699591,2026-06-28 21:28:59+00:00,0.2944376206351992,0,0
O6605,2.0,8,5,12.34,15.34,4.11,31.79,43.923439153439155,2026-06-28 21:59:17+00:00,0.388172381251966,0,0
O6609,1.0,13,7,31.79,19.91,4.2,55.9,87.61148351648352,2026-06-29 00:46:54+00:00,0.5686940966010734,1,183
O6620,1.0,15,8,12.66,30.52,13.16,56.34,69.9609338731444,2026-06-29 09:32:11+00:00,0.22470713525026623,0,0
O6620,2.0,9,5,6.92,21.689999999999998,9.65,38.26,44.68058608058608,2026-06-29 10:00:50+00:00,0.18086774699424987,0,0
O6624,1.0,15,8,13.06,24.1,18.93,56.09,64.64080667480667,2026-06-29 12:47:22+00:00,0.23284007844535567,0,0
O6624,2.0,8,5,12.86,14.41,7.87,35.14,44.4846275946276,2026-06-29 13:13:42+00:00,0.36596471257825836,0,0
O6625,1.0,15,8,10.33,30.0,20.810000000000002,61.14,69.8096043956044,2026-06-29 13:33:24+00:00,0.16895649329407916,0,0
O6625,2.0,9,5,10.52,17.83,8.45,36.8,46.71516076516077,2026-06-29 14:00:09+00:00,0.2858695652173913,0,0
O6628,1.0,11,6,29.16,25.78,0.0,54.94,93.44372056514914,2026-06-29 16:06:05+00:00,0.5307608299963597,0,0
O6629,1.0,12,7,26.79,22.52,5.18,54.49,84.98292847503375,2026-06-29 16:55:46+00:00,0.4916498440080748,0,0
O6634,1.0,15,8,9.75,27.4,18.5,55.65,59.55090476190476,2026-06-29 23:54:00+00:00,0.1752021563342318,0,0
O6634,2.0,9,6,9.469999999999999,17.98,6.06,33.51,43.09728937728938,2026-06-29 23:29:42+00:00,0.282602208296031,0,0
O6636,1.0,15,8,13.56,24.04,19.32,56.92,67.17600366300366,2026-06-30 01:28:56+00:00,0.2382290934645116,1,135
O6636,2.0,8,5,13.51,16.78,4.4,34.69,53.27847985347986,2026-06-30 01:09:52+00:00,0.3894494090515999,0,0
O6638,1.0,11,5,20.46,18.73,12.19,51.38,70.99602564102564,2026-06-29 17:41:33+00:00,0.39820942000778514,0,0
O6638,2.0,9,4,4.220000000000001,16.73,10.24,31.19,38.53586080586081,2026-06-30 03:36:50+00:00,0.13529977556909267,1,84
O6640,1.0,15,8,13.26,23.63,19.11,56.0,63.70535693935694,2026-06-30 04:45:00+00:00,0.2367857142857143,0,0
O6640,2.0,8,5,14.950000000000001,9.01,8.99,32.95,41.46190883190883,2026-06-30 05:16:07+00:00,0.4537177541729894,0,0
O6642,1.0,15,8,12.62,25.95,19.310000000000002,57.88,66.86363451363451,2026-06-30 06:20:09+00:00,0.21803731859018657,0,0
O6642,2.0,8,5,13.16,17.76,7.33,38.25,50.382283272283274,2026-06-30 06:07:06+00:00,0.34405228758169937,0,0
O6643,1.0,15,8,14.75,24.47,19.13,58.35,69.57013553113553,2026-06-30 07:04:25+00:00,0.2527849185946872,0,0
O6643,2.0,8,5,6.91,19.92,7.31,34.14,40.711941391941394,2026-06-30 07:30:22+00:00,0.20240187463386058,0,0
O6645,1.0,15,7,10.73,33.480000000000004,16.16,60.37,72.42016117216117,2026-06-30 08:39:00+00:00,0.17773728673182046,0,0
O6645,2.0,9,4,6.220000000000001,17.759999999999998,8.3,32.28,38.97545787545788,2026-06-30 09:07:11+00:00,0.19268897149938044,0,0
O6646,1.0,15,7,7.220000000000001,27.59,19.29,54.1,59.513619047619045,2026-06-30 09:25:30+00:00,0.133456561922366,0,0
O6646,2.0,9,4,9.66,17.1,7.94,34.7,42.75435897435897,2026-06-30 09:57:30+00:00,0.27838616714697406,0,0
O6648,1.0,16,8,10.34,26.67,19.37,56.38,64.02353846153846,2026-06-30 11:05:15+00:00,0.1833983682156793,0,0
O6648,2.0,8,4,5.78,22.89,7.15,35.82,52.04871794871795,2026-06-30 10:48:50+00:00,0.16136236739251816,0,0
O6649,1.0,15,8,15.860000000000001,23.71,18.41,57.980000000000004,71.81161538461538,2026-06-30 11:51:09+00:00,0.273542600896861,0,0
O6649,2.0,8,4,3.39,25.810000000000002,6.95,36.15,50.49935897435898,2026-06-30 12:16:11+00:00,0.09377593360995852,0,0
O6651,1.0,18,8,14.05,31.990000000000002,17.759999999999998,63.8,81.53864835164835,2026-06-30 13:25:19+00:00,0.22021943573667713,0,0
O6651,2.0,12,4,9.75,19.96,11.75,41.46,58.99935897435898,2026-06-30 13:59:01+00:00,0.23516642547033284,0,0
O6652,1.0,15,7,17.45,31.13,21.37,69.95,80.26031501831501,2026-06-30 14:12:30+00:00,0.24946390278770547,0,0
O6652,2.0,5,4,10.16,9.82,0.0,19.98,30.95954415954416,2026-06-30 14:26:54+00:00,0.5085085085085085,0,0
O6655,1.0,11,6,30.54,24.95,0.0,55.49,95.80486656200942,2026-06-30 16:42:23+00:00,0.5503694359344026,0,0
O6656,1.0,15,7,10.96,26.509999999999998,15.36,52.83,61.814578754578754,2026-06-30 19:49:54+00:00,0.20745788377815638,0,0
O6656,2.0,9,3,0.0,25.34,11.27,36.61,42.74128205128205,2026-06-30 16:26:41+00:00,0.0,0,0
O6657,1.0,15,7,10.48,30.560000000000002,13.82,54.86,66.82763369963371,2026-06-30 20:47:30+00:00,0.19103171709806782,0,0
O6657,2.0,8,4,2.72,23.55,4.86,31.130000000000003,42.88780626780627,2026-06-30 21:18:01+00:00,0.08737552200449727,0,0
O6670,1.0,11,6,24.02,29.67,0.0,53.69,87.41585557299842,2026-07-01 06:56:11+00:00,0.44738312534922703,0,0
O6674,1.0,16,10,17.990000000000002,29.35,14.93,62.269999999999996,80.16071498944405,2026-07-02 01:32:41+00:00,0.28890316364220336,0,0
O6674,2.0,8,4,4.4,23.04,3.73,31.17,47.68948717948718,2026-07-02 01:14:44+00:00,0.14116137311517485,0,0
O6680,1.0,14,11,27.45,14.02,14.469999999999999,55.94,80.57602214042114,2026-07-02 06:23:06+00:00,0.4907043260636396,0,0
O6680,2.0,9,7,12.04,15.08,6.29,33.41,54.86369963369963,2026-07-02 06:55:23+00:00,0.36037114636336426,1,95
O6682,1.0,15,10,24.98,21.75,15.23,61.96,84.72993393962359,2026-07-02 08:09:38+00:00,0.40316333118140735,0,0
O6682,2.0,9,7,9.42,20.05,5.25,34.72,53.27509157509157,2026-07-02 08:37:09+00:00,0.27131336405529954,1,714
O6686,1.0,16,8,17.18,22.34,16.42,55.94,67.66796522853173,2026-07-02 10:49:08+00:00,0.307114765820522,0,0
O6688,1.0,14,9,25.509999999999998,21.79,7.7,55.0,83.23302824131189,2026-07-02 13:21:18+00:00,0.4638181818181818,0,0
O6688,2.0,10,6,4.88,22.84,4.18,31.9,47.874652014652014,2026-07-02 13:47:20+00:00,0.1529780564263323,0,0
O6690,1.0,14,9,30.21,20.130000000000003,10.77,61.11,94.93592041395645,2026-07-02 15:02:07+00:00,0.4943544428080511,0,0
O6690,2.0,8,6,8.51,16.66,4.8,29.97,47.401373626373626,2026-07-02 15:33:31+00:00,0.2839506172839506,0,0
O6692,1.0,12,7,34.86,20.630000000000003,0.0,55.49,95.89548665620094,2026-07-02 16:53:38+00:00,0.6282213011353397,0,0
O6698,1.0,16,9,27.35,15.89,13.9,57.14,85.06271637885924,2026-07-03 00:37:55+00:00,0.4786489324466224,0,0
O6698,2.0,7,5,12.26,10.24,2.88,25.38,36.89104395604396,2026-07-03 01:02:54+00:00,0.48305752561071713,0,0
O6701,1.0,16,9,30.85,18.75,15.42,65.02,97.14864416535845,2026-07-03 02:59:38+00:00,0.4744693940326054,0,0
O6701,2.0,7,5,9.71,10.81,2.54,23.06,34.11699633699634,2026-07-03 03:29:28+00:00,0.4210754553339116,0,0
O6703,1.0,16,9,26.08,17.97,20.869999999999997,64.92,86.41624803767661,2026-07-03 04:31:38+00:00,0.40172520024645714,1,219
O6703,2.0,7,5,12.299999999999999,10.25,4.96,27.509999999999998,38.19893772893773,2026-07-03 05:02:14+00:00,0.44711014176663033,0,0
O6707,1.0,16,8,26.45,15.52,17.43,59.4,81.07510300476466,2026-07-03 08:11:55+00:00,0.4452861952861953,0,0
O6707,2.0,7,5,12.52,11.89,2.45,26.86,39.73754578754579,2026-07-03 08:44:19+00:00,0.466120625465376,0,0
O6708,1.0,16,8,28.01,17.15,18.85,64.01,84.9916527582693,2026-07-03 09:00:51+00:00,0.4375878768942353,0,0
O6708,2.0,8,6,9.780000000000001,10.91,10.04,30.73,34.985402930402934,2026-07-03 09:34:29+00:00,0.3182557761145461,0,0
O6711,1.0,16,8,26.99,14.62,20.54,62.15,80.58653804841775,2026-07-03 11:19:14+00:00,0.434271922767498,0,0
O6711,2.0,8,6,15.92,9.190000000000001,6.84,31.95,44.01791208791209,2026-07-03 11:50:34+00:00,0.49827856025039124,0,0
O6714,1.0,16,9,21.939999999999998,17.560000000000002,18.67,58.17,79.58048417747665,2026-07-03 12:50:12+00:00,0.3771703627299295,0,0
O6714,2.0,7,5,13.28,12.1,5.46,30.84,47.26835164835165,2026-07-03 14:14:35+00:00,0.430609597924773,0,0
O6717,1.0,11,6,29.35,29.38,0.0,58.730000000000004,96.1993328100471,2026-07-03 16:01:39+00:00,0.49974459390430787,0,0
O6719,1.0,14,8,27.77,19.53,18.81,66.11,90.4325434465284,2026-07-03 21:09:11+00:00,0.42005747995764636,0,0
O6719,2.0,8,6,13.99,17.18,4.8,35.97,58.81373626373626,2026-07-03 21:41:26+00:00,0.38893522379760914,0,0
O6721,1.0,15,9,13.14,30.12,15.559999999999999,58.82,76.55421589688507,2026-07-03 21:56:51+00:00,0.22339340360421625,0,0
O6721,2.0,8,5,11.84,14.51,4.8,31.15,49.537362637362634,2026-07-03 22:31:47+00:00,0.38009630818619583,0,0
O6726,1.0,15,9,22.310000000000002,24.29,13.8,60.4,88.8587851496874,2026-07-04 02:54:01+00:00,0.3693708609271524,0,0
O6726,2.0,8,5,10.129999999999999,16.509999999999998,6.76,33.4,48.639047619047616,2026-07-04 02:28:11+00:00,0.30329341317365266,0,0
O6729,1.0,15,9,19.83,28.96,12.4,61.19,89.60273926574679,2026-07-04 06:02:52+00:00,0.3240725608759601,0,0
O6729,2.0,8,6,12.16,15.34,2.83,30.33,49.95652014652015,2026-07-04 06:32:26+00:00,0.40092317837124963,0,0
O6735,1.0,15,9,13.27,24.82,19.95,58.04,69.92472224517337,2026-07-04 10:49:26+00:00,0.22863542384562371,0,0
O6735,2.0,8,5,9.22,17.189999999999998,9.19,35.6,47.008663003663,2026-07-04 11:22:06+00:00,0.2589887640449438,0,0
O6736,1.0,15,9,15.41,25.09,17.92,58.42,75.44670742791044,2026-07-04 11:34:50+00:00,0.2637795275590551,1,38
O6736,2.0,8,6,11.690000000000001,17.400000000000002,4.44,33.53,51.17285714285715,2026-07-04 12:03:22+00:00,0.34864300626304806,0,0
O6739,1.0,16,9,16.55,28.28,16.78,61.61,82.00537401195295,2026-07-04 13:56:48+00:00,0.26862522317805554,0,0
O6739,2.0,8,5,15.3,12.27,7.23,34.8,54.90835164835165,2026-07-04 14:28:41+00:00,0.43965517241379315,0,0
O6742,1.0,15,10,17.29,31.4,18.3,66.99,88.4925344955796,2026-07-04 16:24:18+00:00,0.25809822361546503,0,0
O6742,2.0,8,5,9.75,14.89,4.8,29.44,45.700549450549445,2026-07-04 16:58:39+00:00,0.3311820652173913,0,0
O6744,1.0,15,9,15.059999999999999,33.12,17.29,65.47,85.74038378914318,2026-07-04 18:05:35+00:00,0.23002902092561478,0,0
O6744,2.0,8,5,11.21,16.84,4.8,32.85,51.51483516483516,2026-07-04 17:50:25+00:00,0.34124809741248097,0,0
O6748,1.0,11,5,23.58,13.41,13.96,50.949999999999996,72.31020146520146,2026-07-03 17:16:27+00:00,0.46280667320902846,0,0
O6748,2.0,9,4,14.57,15.24,10.39,40.2,63.334487179487176,2026-07-04 21:38:46+00:00,0.3624378109452736,0,0
O6749,1.0,16,9,18.810000000000002,32.06,19.669999999999998,70.53999999999999,94.78317951472087,2026-07-04 21:16:11+00:00,0.26665721576410556,0,0
O6750,1.0,15,8,22.5,20.78,20.65,63.93,82.85054834889421,2026-07-04 22:48:34+00:00,0.35194744251525106,0,0
O6750,2.0,9,5,12.469999999999999,14.39,10.98,37.84,53.309175824175824,2026-07-04 23:29:30+00:00,0.3295454545454545,0,0
O6754,1.0,14,8,23.37,19.04,15.81,58.22,83.70572984659451,2026-07-05 02:25:32+00:00,0.4014084507042254,1,62
O6754,2.0,9,7,13.969999999999999,17.52,4.84,36.33,58.99822344322344,2026-07-05 02:49:25+00:00,0.3845306908890724,0,0
O6758,1.0,17,9,19.64,32.46,12.05,64.15,95.77926120245668,2026-07-05 05:46:08+00:00,0.30615744349181606,0,0
O6758,2.0,9,6,9.92,14.59,7.449999999999999,31.96,46.568772893772895,2026-07-05 06:05:36+00:00,0.31038798498122655,0,0
O6761,1.0,15,8,11.33,37.27,12.7,61.3,81.57714478503952,2026-07-05 09:00:40+00:00,0.18482871125611747,0,0
O6761,2.0,9,5,3.0,23.85,8.82,35.67,43.918021978021976,2026-07-05 09:21:15+00:00,0.08410428931875526,0,0
O6763,1.0,15,10,17.060000000000002,27.23,13.29,57.58,81.95739279517474,2026-07-05 10:19:42+00:00,0.29628343174713445,0,0
O6763,2.0,8,5,7.21,19.349999999999998,2.63,29.189999999999998,44.717326007326,2026-07-05 10:02:48+00:00,0.2470023980815348,0,0
O6766,1.0,16,11,17.14,29.68,15.2,62.019999999999996,76.57857690835652,2026-07-05 12:45:06+00:00,0.27636246372138024,0,0
O6766,2.0,9,6,2.42,20.93,6.39,29.74,35.389706959706956,2026-07-05 13:15:02+00:00,0.08137188971082716,0,0
O6767,1.0,16,9,14.73,33.65,14.29,62.67,79.74236924254555,2026-07-05 13:27:49+00:00,0.2350406893250359,0,0
O6767,2.0,8,5,2.04,21.7,2.85,26.59,37.241849816849815,2026-07-05 13:55:06+00:00,0.076720571643475,0,0
O6768,1.0,16,9,15.3,35.23,17.98,68.51,83.43606292160868,2026-07-05 14:13:10+00:00,0.22332506203473945,0,0
O6768,2.0,8,4,2.09,21.77,4.87,28.73,38.101355311355306,2026-07-05 14:42:17+00:00,0.07274625826662025,0,0
O6769,1.0,16,10,17.92,32.96,15.209999999999999,66.09,84.38667700576438,2026-07-05 15:02:53+00:00,0.2711454077772734,0,0
O6769,2.0,8,5,9.01,18.13,5.24,32.379999999999995,44.59294261294261,2026-07-05 15:27:05+00:00,0.2782581840642372,0,0
O6770,1.0,16,10,17.58,36.94,16.39,70.91,87.0477128972488,2026-07-05 15:45:32+00:00,0.2479198984628402,0,0
O6770,2.0,9,6,7.39,16.9,10.04,34.33,44.29666666666667,2026-07-05 16:10:48+00:00,0.21526361782697348,0,0
O6771,1.0,16,10,18.54,31.87,15.73,66.14,86.34320023723575,2026-07-05 16:31:30+00:00,0.2803144844269731,0,0
O6771,2.0,9,6,6.609999999999999,20.76,7.57,34.94,48.029652014652015,2026-07-05 16:59:41+00:00,0.18918145392100744,0,0
O6772,1.0,16,10,14.329999999999998,37.26,13.0,64.59,80.77793464810188,2026-07-05 17:17:18+00:00,0.2218609691902771,0,0
O6772,2.0,8,5,6.51,18.34,2.36,27.21,40.31633699633699,2026-07-05 17:44:14+00:00,0.2392502756339581,0,0
O6773,1.0,16,10,19.63,31.17,11.85,62.65,85.84419725896781,2026-07-05 18:03:51+00:00,0.31332801276935357,0,0
O6773,2.0,8,4,1.76,22.61,7.05,31.419999999999998,39.6489010989011,2026-07-05 18:34:36+00:00,0.056015276893698285,0,0
O6774,1.0,16,9,13.5,35.67,16.869999999999997,66.03999999999999,81.745949698042,2026-07-05 18:50:24+00:00,0.20442156268927925,0,0
O6774,2.0,8,4,2.85,22.650000000000002,5.24,30.740000000000002,40.664249084249086,2026-07-05 19:17:54+00:00,0.09271307742355238,0,0
O6775,1.0,16,10,17.65,27.59,18.740000000000002,63.98,79.67128248339682,2026-07-05 19:34:51+00:00,0.27586745858080647,0,0
O6775,2.0,8,5,4.82,23.36,2.05,30.23,40.10879120879121,2026-07-05 20:03:06+00:00,0.1594442606682104,0,0
O6776,1.0,16,10,19.369999999999997,27.63,16.15,63.15,82.67746961663347,2026-07-05 20:23:51+00:00,0.30673000791765637,0,0
O6776,2.0,9,6,3.84,19.5,10.04,33.379999999999995,38.82532967032967,2026-07-05 20:54:54+00:00,0.11503894547633314,0,0
O6777,1.0,16,10,19.46,32.41,12.09,63.96,88.85643468276604,2026-07-05 21:08:23+00:00,0.3042526579111945,0,0
O6777,2.0,8,5,11.25,18.06,3.42,32.73,53.05318681318681,2026-07-05 21:36:56+00:00,0.34372135655362057,0,0
O6778,1.0,16,10,23.5,30.64,15.6,69.74,93.63821517131214,2026-07-05 21:48:24+00:00,0.33696587324347577,0,0
O6778,2.0,9,6,1.01,25.42,10.04,36.47,41.49978021978022,2026-07-05 22:17:03+00:00,0.027693995064436525,0,0
O6779,1.0,16,10,12.61,27.66,16.27,56.54,65.8502467042939,2026-07-05 22:31:30+00:00,0.2230279448178281,0,0
O6779,2.0,8,5,8.07,23.860000000000003,1.5,33.43,51.73626373626374,2026-07-05 23:01:23+00:00,0.24139994017349686,0,0
O6780,1.0,17,10,23.47,25.63,15.75,64.85,89.45180810115474,2026-07-05 23:23:11+00:00,0.36191210485736314,0,0
O6780,2.0,8,5,7.62,22.689999999999998,3.58,33.89,51.21888278388278,2026-07-05 23:50:01+00:00,0.22484508704632636,0,0
O6781,1.0,16,10,22.54,30.61,15.39,68.54,93.24726969944756,2026-07-06 00:08:43+00:00,0.32885906040268453,0,0
O6781,2.0,9,6,5.140000000000001,19.34,6.9399999999999995,31.42,42.195750915750914,2026-07-06 00:39:44+00:00,0.16359007001909612,0,0
O6782,1.0,16,10,13.49,32.91,17.68,64.08,74.59868623339327,2026-07-06 01:04:38+00:00,0.21051810237203497,0,0
O6782,2.0,8,5,3.49,19.53,3.69,26.71,34.51315018315019,2026-07-06 01:33:45+00:00,0.13066267315612132,0,0
O6783,1.0,16,9,16.27,31.48,12.52,60.27,79.74447386465405,2026-07-06 01:56:37+00:00,0.2699518831923013,0,0
O6783,2.0,8,5,5.99,30.02,5.26,41.27,55.522014652014654,2026-07-06 02:27:51+00:00,0.1451417494548098,0,0
O6785,1.0,16,10,16.67,25.42,12.82,54.91,72.73885633466007,2026-07-06 03:28:56+00:00,0.30358768894554733,0,0
O6785,2.0,9,6,5.35,25.2,6.9,37.45,47.36529304029304,2026-07-06 04:00:29+00:00,0.14285714285714285,0,0
O6787,1.0,18,10,23.27,26.099999999999998,12.969999999999999,62.34,91.69539321019487,2026-07-06 05:01:16+00:00,0.37327558549887707,0,0
O6787,2.0,11,7,7.8100000000000005,18.84,7.43,34.08,45.05175824175824,2026-07-06 05:31:05+00:00,0.22916666666666669,0,0
O6788,1.0,18,10,22.45,31.83,12.82,67.1,93.04192348529527,2026-07-06 05:43:36+00:00,0.334575260804769,0,0
O6788,2.0,9,6,4.98,21.830000000000002,1.43,28.240000000000002,42.699285714285715,2026-07-06 06:11:28+00:00,0.1763456090651558,0,0
O6789,1.0,16,9,14.48,33.64,15.469999999999999,63.59,79.73719999126274,2026-07-06 06:28:34+00:00,0.22770875923887404,0,0
O6789,2.0,9,6,2.64,18.13,10.04,30.810000000000002,34.467454212454214,2026-07-06 07:00:41+00:00,0.08568646543330087,0,0
O6790,1.0,16,10,17.43,27.3,13.69,58.42,73.20623454714847,2026-07-06 07:12:40+00:00,0.2983567271482369,0,0
O6790,2.0,8,5,1.5,27.69,4.05,33.24,43.98452380952381,2026-07-06 07:42:47+00:00,0.045126353790613714,0,0
O6791,1.0,16,9,18.02,26.71,12.03,56.76,70.70609155039931,2026-07-06 08:02:04+00:00,0.317477096546864,0,0
O6791,2.0,9,6,1.89,21.5,6.74,30.13,37.38897435897436,2026-07-06 08:33:43+00:00,0.06272817789578493,0,0
O6793,1.0,17,10,20.53,24.650000000000002,11.559999999999999,56.74,74.25865553425055,2026-07-06 09:54:16+00:00,0.36182587240042297,0,0
O6793,2.0,10,6,4.51,23.78,7.35,35.64,47.54532967032967,2026-07-06 10:19:43+00:00,0.1265432098765432,0,0
O6794,1.0,16,8,16.07,27.58,9.629999999999999,53.28,70.11485532702541,2026-07-06 10:31:16+00:00,0.3016141141141141,0,0
O6794,2.0,8,4,2.63,26.46,4.7,33.79,46.03150183150183,2026-07-06 10:56:55+00:00,0.07783367860313702,0,0
O6796,1.0,16,8,18.49,31.689999999999998,12.879999999999999,63.06,80.62230423538954,2026-07-06 12:11:49+00:00,0.2932128131937837,0,0
O6796,2.0,8,4,5.34,20.27,1.93,27.54,39.45652014652015,2026-07-06 12:41:45+00:00,0.19389978213507625,0,0
O6797,1.0,16,8,16.52,30.99,8.84,56.35,76.2671687365439,2026-07-06 12:58:41+00:00,0.293167701863354,0,0
O6797,2.0,8,4,5.18,21.21,3.45,29.84,41.18076923076923,2026-07-06 13:25:16+00:00,0.17359249329758714,0,0
O6798,1.0,16,8,15.260000000000002,30.32,10.08,55.660000000000004,73.18805237800831,2026-07-06 13:47:27+00:00,0.27416457060725835,0,0
O6798,2.0,9,5,2.98,22.74,8.91,34.63,42.21175824175824,2026-07-06 14:16:48+00:00,0.08605255558764077,0,0
O6799,1.0,16,9,22.12,25.92,10.69,58.730000000000004,76.61944234876695,2026-07-06 14:32:58+00:00,0.3766388557806913,0,0
O6804,1.0,16,10,16.98,24.14,12.82,53.94,67.39668604630181,2026-07-06 21:39:42+00:00,0.3147942157953282,0,0
O6804,2.0,9,6,8.17,17.04,6.949999999999999,32.16,45.839194139194134,2026-07-06 21:31:56+00:00,0.25404228855721395,0,0
O6806,1.0,16,10,15.100000000000001,23.36,15.57,54.03,66.05898053014309,2026-07-06 23:10:25+00:00,0.2794743660929114,0,0
O6806,2.0,9,5,4.31,29.79,1.7,35.8,52.09084249084249,2026-07-06 23:42:11+00:00,0.12039106145251396,0,0
O6807,1.0,16,9,16.31,31.759999999999998,11.629999999999999,59.7,78.28150432162255,2026-07-06 23:53:51+00:00,0.27319932998324953,0,0
O6807,2.0,9,6,2.42,22.12,9.2,33.74,40.204029304029305,2026-07-07 00:22:07+00:00,0.07172495554238292,0,0
O6808,1.0,16,9,15.76,28.84,14.629999999999999,59.230000000000004,73.78067060033563,2026-07-07 00:42:30+00:00,0.2660813776802296,0,0
O6808,2.0,9,6,4.75,20.7,7.15,32.6,43.82234432234432,2026-07-07 01:09:44+00:00,0.14570552147239263,0,0
O6810,1.0,16,10,15.469999999999999,28.21,12.18,55.86,70.08841379310344,2026-07-07 02:10:08+00:00,0.27694235588972427,0,0
O6810,2.0,8,5,1.76,24.56,3.02,29.34,39.994029304029304,2026-07-07 02:39:36+00:00,0.05998636673483299,0,0
O6811,1.0,16,10,13.0,31.72,15.360000000000001,60.08,73.7495756689944,2026-07-07 02:58:45+00:00,0.21637816245006658,0,0
O6811,2.0,8,6,7.02,20.48,2.72,30.22,45.06957875457876,2026-07-07 03:29:04+00:00,0.23229649238914626,0,0
O6812,1.0,16,11,16.94,24.46,12.22,53.62,68.82485528428879,2026-07-07 03:43:56+00:00,0.31592689295039167,0,0
O6812,2.0,9,6,13.58,21.810000000000002,2.28,37.67,54.85423076923077,2026-07-07 04:21:13+00:00,0.36049907087868327,0,0
O6815,1.0,18,7,11.16,33.16,32.04,76.36,75.4717728937729,2026-07-07 06:05:49+00:00,0.14614981665793608,0,0
O6815,2.0,11,6,7.19,26.48,14.83,48.5,53.684267399267405,2026-07-07 06:47:32+00:00,0.14824742268041238,0,0
O6816,1.0,18,7,8.07,32.38,32.92,73.37,72.00782783882784,2026-07-07 06:56:53+00:00,0.10999045931579664,0,0
O6816,2.0,11,6,7.4,25.880000000000003,15.27,48.55,53.91564102564103,2026-07-07 07:32:16+00:00,0.15242018537590116,0,0
O6818,1.0,16,10,25.33,23.17,11.99,60.49,88.77164941626518,2026-07-07 08:45:04+00:00,0.41874690031410144,0,0
O6818,2.0,8,5,6.24,18.66,3.91,28.81,43.74673992673993,2026-07-07 09:12:44+00:00,0.21659146129816037,0,0
O6820,1.0,18,8,17.28,24.240000000000002,32.230000000000004,73.75,81.29528728414442,2026-07-07 10:25:47+00:00,0.23430508474576273,0,0
O6820,2.0,11,5,9.64,21.3,16.88,47.82,51.68490842490842,2026-07-07 10:56:04+00:00,0.20158929318276872,0,0
O6821,1.0,16,10,16.59,26.45,15.78,58.82,74.67997838286507,2026-07-07 11:15:57+00:00,0.2820469228153689,0,0
O6821,2.0,8,5,8.34,16.97,4.82,30.13,44.5679304029304,2026-07-07 11:44:58+00:00,0.2768005310321938,0,0
O6822,1.0,16,10,17.21,17.96,15.57,50.74,63.886664790053956,2026-07-07 12:15:31+00:00,0.339180134016555,0,0
O6822,2.0,8,5,10.719999999999999,21.57,6.76,39.05,55.948663003663,2026-07-07 12:49:54+00:00,0.27451984635083226,0,0
O6823,1.0,16,10,18.03,28.52,14.129999999999999,60.68,82.03913412367599,2026-07-07 13:09:34+00:00,0.29713249835201055,0,0
O6823,2.0,8,6,9.76,15.01,4.6,29.369999999999997,44.82564102564102,2026-07-07 13:35:46+00:00,0.33231188287368063,0,0
O6824,1.0,18,7,11.01,27.41,32.8,71.22,67.63678388278389,2026-07-07 15:04:48+00:00,0.15459140690817186,0,0
O6824,2.0,11,7,18.06,20.97,14.899999999999999,53.93,66.93186813186813,2026-07-07 15:26:07+00:00,0.33487854626367514,0,0
O6826,1.0,18,7,10.7,27.82,33.769999999999996,72.29,70.6645306122449,2026-07-07 16:57:56+00:00,0.14801493982570202,0,0
O6826,2.0,12,6,19.07,23.29,14.66,57.019999999999996,75.76661172161172,2026-07-07 17:29:41+00:00,0.33444405471764294,0,0
O6827,1.0,17,6,12.73,32.53,30.27,75.53,79.89914704343275,2026-07-07 20:02:07+00:00,0.16854230107242155,0,0
O6827,2.0,11,5,8.98,31.2,14.81,54.99,65.12347985347985,2026-07-07 20:39:24+00:00,0.16330241862156755,1,68
O6828,1.0,18,7,10.64,33.63,40.839999999999996,85.11,80.91991732077446,2026-07-07 21:02:30+00:00,0.12501468687580777,0,0
O6828,2.0,11,6,15.05,16.75,14.620000000000001,46.42,60.304652014652014,2026-07-07 21:35:02+00:00,0.3242137009909522,0,0
O6829,1.0,18,7,11.219999999999999,32.25,32.98,76.45,78.01248665620093,2026-07-07 21:51:52+00:00,0.14676258992805755,0,0
O6829,2.0,11,5,7.17,29.29,15.4,51.86,59.94102564102564,2026-07-07 22:23:35+00:00,0.1382568453528731,0,0
O6830,1.0,17,10,14.059999999999999,32.35,15.66,62.07,75.33026517981197,2026-07-08 00:22:02+00:00,0.22651844691477363,0,0
O6830,2.0,8,5,3.12,22.45,3.11,28.68,39.249578754578756,2026-07-08 00:51:32+00:00,0.1087866108786611,0,0
O6831,1.0,17,11,13.57,30.509999999999998,16.42,60.5,72.38903244374673,2026-07-08 01:13:03+00:00,0.22429752066115702,0,0
O6831,2.0,9,6,5.539999999999999,22.97,5.25,33.76,44.388553113553115,2026-07-08 01:38:44+00:00,0.1640995260663507,0,0
O6832,1.0,16,12,20.57,28.35,17.08,66.0,82.54874346343313,2026-07-08 01:59:08+00:00,0.31166666666666665,0,0
O6832,2.0,8,5,3.7,23.89,5.61,33.2,43.345457875457875,2026-07-08 02:29:03+00:00,0.11144578313253012,0,0
O6833,1.0,16,10,17.92,29.03,15.94,62.89,76.49306580775546,2026-07-08 03:18:46+00:00,0.2849419621561457,0,0
O6833,2.0,8,7,6.970000000000001,21.07,4.71,32.75,46.82137362637363,2026-07-08 03:46:17+00:00,0.21282442748091604,0,0
O6834,1.0,16,10,14.969999999999999,31.41,16.41,62.79,75.71767072664609,2026-07-08 04:14:18+00:00,0.23841376015289056,0,0
O6834,2.0,8,5,3.8,25.86,5.1,34.76,44.09972527472527,2026-07-08 04:47:56+00:00,0.1093210586881473,0,0
O6835,1.0,16,10,15.55,29.369999999999997,16.28,61.2,73.88698027752214,2026-07-08 05:08:22+00:00,0.2540849673202614,0,0
O6835,2.0,9,6,7.08,21.41,3.85,32.34,46.80897435897436,2026-07-08 05:35:47+00:00,0.21892393320964748,0,0
O6837,1.0,16,10,13.190000000000001,31.560000000000002,14.36,59.11,72.18863016294051,2026-07-08 06:38:41+00:00,0.223143292167146,0,0
O6837,2.0,8,5,5.09,21.73,5.77,32.59,40.55245421245421,2026-07-08 07:07:48+00:00,0.15618287818349186,0,0
O6838,1.0,16,10,15.870000000000001,29.85,12.43,58.15,72.20001053790216,2026-07-08 07:23:06+00:00,0.27291487532244196,0,0
O6838,2.0,8,5,3.03,22.61,4.8,30.44,36.602289377289374,2026-07-08 07:51:29+00:00,0.0995400788436268,0,0
O6839,1.0,16,10,15.8,32.63,12.81,61.24,75.41480268499973,2026-07-08 08:12:42+00:00,0.25800130633572826,0,0
O6839,2.0,8,5,2.62,17.43,5.73,25.78,30.247087912087913,2026-07-08 08:40:38+00:00,0.10162916989914662,0,0
O6840,1.0,16,10,15.530000000000001,28.73,14.93,59.19,70.35167119579928,2026-07-08 09:04:35+00:00,0.2623754012502112,0,0
O6840,2.0,8,5,1.81,21.54,6.45,29.8,36.32994505494506,2026-07-08 09:35:13+00:00,0.060738255033557044,0,0
O6841,1.0,16,10,18.93,24.84,12.09,55.86,75.0558978689619,2026-07-08 09:51:35+00:00,0.3388829215896885,0,0
O6841,2.0,8,5,2.29,25.88,4.66,32.83,40.86065934065934,2026-07-08 10:20:30+00:00,0.069753274444106,0,0
O6842,1.0,16,9,18.13,26.73,12.559999999999999,57.42,77.05373980042945,2026-07-08 10:37:14+00:00,0.3157436433298502,0,0
O6842,2.0,8,5,2.58,21.96,3.65,28.189999999999998,35.436355311355314,2026-07-08 11:11:13+00:00,0.09152181624689608,0,0
O6843,1.0,16,9,13.66,25.0,15.97,54.63,63.09447250942817,2026-07-08 11:45:59+00:00,0.2500457624016108,0,0
O6843,2.0,8,5,9.34,18.82,3.63,31.79,49.36741758241758,2026-07-08 12:20:02+00:00,0.2938030827304184,0,0
O6844,1.0,16,8,15.58,28.46,14.98,59.02,73.44372316353598,2026-07-08 12:39:08+00:00,0.2639783124364622,0,0
O6844,2.0,8,5,3.07,24.27,5.46,32.8,42.098663003663006,2026-07-08 13:07:50+00:00,0.09359756097560976,0,0
O6845,1.0,16,8,11.780000000000001,30.74,15.18,57.7,70.84777404861148,2026-07-08 13:23:54+00:00,0.20415944540727904,0,0
O6845,2.0,8,5,8.01,19.02,5.86,32.89,46.461300366300364,2026-07-08 13:54:12+00:00,0.24353906962602614,0,0
O6846,1.0,16,8,15.99,25.22,14.889999999999999,56.1,69.40049264692615,2026-07-08 14:13:50+00:00,0.28502673796791445,0,0
O6846,2.0,8,6,8.27,17.52,4.31,30.1,46.40863451363451,2026-07-08 14:49:47+00:00,0.274750830564784,0,0
O6847,1.0,16,8,15.23,31.48,14.08,60.79,78.44298525776358,2026-07-08 15:02:42+00:00,0.25053462740582333,0,0
O6847,2.0,8,4,4.48,24.65,4.8,33.93,45.92307692307692,2026-07-08 15:33:51+00:00,0.1320365458296493,0,0
O6848,1.0,14,7,20.75,28.09,3.84,52.68,75.7826923076923,2026-07-08 15:57:12+00:00,0.3938876233864844,0,0
O6849,1.0,11,7,30.84,23.45,0.0,54.29,94.63229984301412,2026-07-08 16:44:03+00:00,0.568060416282925,0,0
O6850,1.0,16,9,17.79,20.3,14.49,52.58,66.71483352279904,2026-07-08 20:07:07+00:00,0.3383415747432484,0,0
O6850,2.0,9,6,11.95,20.52,7.54,40.01,59.639706959706956,2026-07-08 20:45:21+00:00,0.2986753311672082,0,0
O6852,1.0,16,9,17.41,25.38,14.07,56.86,75.05170351323554,2026-07-08 21:46:51+00:00,0.30619064368624693,0,0
O6852,2.0,8,5,8.57,18.32,4.12,31.009999999999998,44.89723443223443,2026-07-08 21:26:19+00:00,0.27636246372138024,0,0
O6854,1.0,17,10,24.15,27.39,14.879999999999999,66.42,93.35451531063353,2026-07-08 23:31:12+00:00,0.3635953026196928,0,0
O6854,2.0,9,7,2.98,24.669999999999998,10.04,37.69,42.36168498168498,2026-07-09 00:00:30+00:00,0.07906606526930221,0,0
O6855,1.0,16,9,14.64,29.24,13.959999999999999,57.84,70.88647344773453,2026-07-09 00:12:59+00:00,0.25311203319502074,0,0
O6855,2.0,10,6,4.92,26.14,6.27,37.33,50.44467032967033,2026-07-09 00:47:03+00:00,0.1317974819180284,0,0
O6856,1.0,16,10,16.87,25.35,14.41,56.63,68.83230325339684,2026-07-09 00:54:44+00:00,0.2978986402966626,0,0
O6856,2.0,8,5,1.56,25.98,4.71,32.25,42.64664835164835,2026-07-09 01:27:38+00:00,0.04837209302325582,0,0
O6859,1.0,16,10,17.5,21.7,14.03,53.230000000000004,67.39574122593335,2026-07-09 03:14:46+00:00,0.3287619763291377,0,0
O6859,2.0,9,6,8.88,21.16,9.54,39.58,54.13,2026-07-09 03:41:10+00:00,0.224355735219808,0,0
O6860,1.0,16,9,14.379999999999999,31.049999999999997,15.790000000000001,61.22,75.10858905790433,2026-07-09 04:00:44+00:00,0.234890558640967,0,0
O6860,2.0,8,6,2.23,26.55,4.09,32.87,42.52029304029304,2026-07-09 04:33:09+00:00,0.06784301794949803,0,0
O6863,1.0,16,10,19.89,29.0,15.739999999999998,64.63,81.69733163716415,2026-07-09 06:34:05+00:00,0.30775181804115737,0,0
O6863,2.0,9,6,5.18,17.75,4.11,27.04,39.59197802197802,2026-07-09 07:05:17+00:00,0.1915680473372781,0,0
O6865,1.0,17,10,18.55,27.72,13.879999999999999,60.15,77.9749716162327,2026-07-09 08:04:37+00:00,0.30839567747298424,0,0
O6865,2.0,9,6,7.49,18.59,8.32,34.4,43.81994505494505,2026-07-09 07:43:34+00:00,0.2177325581395349,0,0
O6866,1.0,16,9,14.29,37.019999999999996,14.09,65.4,82.18277778379256,2026-07-09 08:51:47+00:00,0.21850152905198775,0,0
O6866,2.0,9,6,4.96,20.9,4.19,30.05,41.294102564102566,2026-07-09 09:21:47+00:00,0.16505823627287852,0,0
O6867,1.0,17,11,16.18,32.339999999999996,13.920000000000002,62.44,83.06199021996066,2026-07-09 09:39:42+00:00,0.2591287636130685,0,0
O6867,2.0,9,6,4.1,24.61,8.54,37.25,43.17368131868132,2026-07-09 10:06:35+00:00,0.11006711409395972,0,0
O6868,1.0,16,9,16.28,33.730000000000004,12.799999999999999,62.81,78.99554333351378,2026-07-09 10:21:03+00:00,0.25919439579684767,0,0
O6868,2.0,8,6,6.9,17.7,4.29,28.89,39.767820512820514,2026-07-09 10:48:18+00:00,0.23883696780893043,0,0
O6869,1.0,16,10,17.9,30.05,14.09,62.04,78.51765031848282,2026-07-09 11:08:40+00:00,0.28852353320438423,0,0
O6869,2.0,8,6,6.5600000000000005,14.7,5.18,26.439999999999998,33.0864652014652,2026-07-09 11:39:13+00:00,0.24810892586989414,0,0
O6870,1.0,16,10,17.32,27.93,15.31,60.56,76.25565816777639,2026-07-09 11:53:37+00:00,0.285997357992074,0,0
O6870,2.0,10,6,4.28,19.009999999999998,11.56,34.85,38.8475641025641,2026-07-09 12:21:26+00:00,0.12281205164992827,0,0
O6889,1.0,16,10,18.02,31.759999999999998,13.74,63.52,85.5600708943636,2026-07-10 06:38:30+00:00,0.2836901763224181,0,0
O6889,2.0,8,7,4.47,21.59,5.08,31.14,39.70642857142857,2026-07-10 07:07:59+00:00,0.14354527938342967,0,0
O6890,1.0,16,10,20.77,34.03,15.329999999999998,70.13,92.25295481504062,2026-07-10 07:23:13+00:00,0.29616426636246973,0,0
O6890,2.0,9,8,7.7299999999999995,13.65,10.09,31.47,40.74602564102564,2026-07-10 07:54:45+00:00,0.24563075945344773,0,0
O6898,1.0,16,9,22.17,25.53,13.87,61.57,88.99716221018632,2026-07-10 13:59:35+00:00,0.3600779600454767,0,0
O6898,2.0,8,6,5.76,17.96,5.22,28.94,41.238626373626374,2026-07-10 14:27:12+00:00,0.19903248099516238,0,0
O6904,1.0,16,10,15.579999999999998,25.560000000000002,17.05,58.19,74.81904702453367,2026-07-10 22:25:34+00:00,0.26774359855645297,0,0
O6904,2.0,9,7,6.5,14.32,9.01,29.83,38.59591575091575,2026-07-10 23:04:59+00:00,0.2179014415018438,0,0
O6914,1.0,16,10,19.759999999999998,33.03,17.39,70.18,96.95519380584845,2026-07-11 06:20:14+00:00,0.2815616984895981,0,0
O6914,2.0,9,8,6.16,18.2,10.04,34.4,41.69474358974359,2026-07-11 06:52:14+00:00,0.17906976744186048,0,0
O6919,1.0,16,9,17.619999999999997,30.18,16.810000000000002,64.61,88.64613716652373,2026-07-11 10:19:11+00:00,0.27271320229066703,0,0
O6919,2.0,8,6,7.39,19.65,3.79,30.83,45.35619047619048,2026-07-11 10:46:02+00:00,0.239701589361012,0,0
O6920,1.0,16,9,16.06,31.78,13.93,61.77,86.50308355485151,2026-07-11 11:05:56+00:00,0.2599967621822891,0,0
O6920,2.0,8,6,7.31,22.810000000000002,4.86,34.980000000000004,50.59417582417583,2026-07-11 11:33:03+00:00,0.20897655803316179,0,0
O6923,1.0,16,9,17.09,30.64,13.37,61.1,84.928051458696,2026-07-11 13:30:05+00:00,0.2797054009819967,0,0
O6923,2.0,8,7,9.29,23.37,3.84,36.5,54.67917582417582,2026-07-11 14:00:27+00:00,0.25452054794520546,1,171
O6937,1.0,16,9,9.75,40.68,10.61,61.04,78.82151241878854,2026-07-12 01:43:48+00:00,0.1597313237221494,0,0
O6937,2.0,9,7,10.05,15.96,6.52,32.53,47.5958608058608,2026-07-12 02:06:49+00:00,0.30894558868736555,0,0
O6941,1.0,16,9,17.55,36.660000000000004,9.95,64.16,92.4756009605294,2026-07-12 06:16:22+00:00,0.2735349127182045,0,0
O6941,2.0,8,7,5.17,19.87,5.32,30.36,40.77543956043956,2026-07-12 06:00:46+00:00,0.17028985507246377,0,0
O6945,1.0,16,10,21.31,26.39,13.870000000000001,61.57,89.17543748723837,2026-07-12 09:31:31+00:00,0.3461101185642358,0,0
O6945,2.0,9,8,6.31,21.169999999999998,10.04,37.519999999999996,44.832197802197804,2026-07-12 09:59:13+00:00,0.1681769722814499,1,283
O6946,1.0,16,11,14.91,30.35,14.53,59.79,82.43895882943433,2026-07-12 10:18:15+00:00,0.249372804816859,0,0
O6946,2.0,9,7,7.65,21.45,10.04,39.14,49.38650183150183,2026-07-12 10:48:16+00:00,0.19545222278998467,0,0
O6956,1.0,14,9,13.32,29.78,15.290000000000001,58.39,73.13825674075298,2026-07-12 18:29:57+00:00,0.2281212536393218,0,0
O6956,2.0,8,6,3.16,19.16,4.84,27.16,32.99730769230769,2026-07-12 19:03:18+00:00,0.11634756995581738,1,108
O6958,1.0,14,8,4.73,33.06,12.19,49.98,58.04681704260652,2026-07-12 20:09:28+00:00,0.09463785514205683,0,0
O6958,2.0,8,6,4.13,23.35,5.86,33.34,40.73978021978022,2026-07-12 20:39:26+00:00,0.12387522495500898,0,0
O6959,1.0,14,9,10.16,36.67,12.76,59.59,76.53259770779734,2026-07-12 20:59:47+00:00,0.17049840577278066,0,0
O6959,2.0,9,7,2.94,24.89,7.47,35.3,42.74641025641026,2026-07-12 21:21:58+00:00,0.08328611898016998,0,0
O6960,1.0,14,10,10.54,32.76,13.25,56.55,71.6105131529088,2026-07-12 21:38:34+00:00,0.1863837312113174,0,0
O6960,2.0,9,7,4.67,22.79,10.04,37.5,46.33485347985348,2026-07-12 22:06:21+00:00,0.12453333333333333,0,0
O6962,1.0,15,9,7.2299999999999995,38.65,11.96,57.84,74.17316001542318,2026-07-12 23:16:53+00:00,0.12499999999999999,0,0
O6962,2.0,10,8,5.21,24.82,4.81,34.84,47.47430402930403,2026-07-12 23:48:16+00:00,0.14954075774971295,0,0
O6964,1.0,16,9,9.219999999999999,38.9,17.009999999999998,65.13,81.47963042220937,2026-07-13 00:50:55+00:00,0.1415630277905727,0,0
O6964,2.0,9,7,4.11,20.13,10.04,34.28,38.59098901098901,2026-07-13 01:18:08+00:00,0.11989498249708286,0,0
O6965,1.0,14,8,13.84,24.72,14.705,53.265,66.45717871602082,2026-07-13 01:41:42+00:00,0.2598329109171125,0,0
O6965,2.0,9,4,5.54,25.0,8.78,39.32,48.39919413919414,2026-07-13 02:11:54+00:00,0.14089521871820956,0,0
O6969,1.0,14,6,12.83,37.32,7.379999999999999,57.53,80.77565934065935,2026-07-13 04:53:34+00:00,0.22301407961063793,1,125
O6969,2.0,9,6,2.8,23.26,6.88,32.94,41.45880952380953,2026-07-13 05:20:13+00:00,0.08500303582270795,0,0
O6980,1.0,13,7,20.07,36.02,0.0,56.09,90.39655939298797,2026-07-17 15:42:27+00:00,0.357817792832947,0,0
O6986,1.0,15,10,20.84,22.91,15.9,59.65,85.3033375424161,2026-07-17 23:21:26+00:00,0.34937133277451804,0,0
O6986,2.0,9,6,17.75,14.370000000000001,5.24,37.36,58.02062881562882,2026-07-17 23:47:27+00:00,0.47510706638115635,1,80
O6987,1.0,15,9,21.29,27.740000000000002,20.07,69.1,80.73845584045584,2026-07-18 00:22:37+00:00,0.30810419681620843,0,0
O6991,1.0,16,11,20.2,23.53,16.41,60.14,81.43340531320723,2026-07-18 03:40:17+00:00,0.3358829398071167,1,87
O6991,2.0,9,7,15.51,10.71,4.74,30.96,51.31128815628816,2026-07-18 04:09:26+00:00,0.500968992248062,0,0
O6992,1.0,17,11,18.54,21.619999999999997,24.47,64.63,75.8646077599793,2026-07-18 04:24:09+00:00,0.286863685594925,0,0
O6992,2.0,8,6,11.55,18.06,3.49,33.1,51.92876882376882,2026-07-18 04:56:48+00:00,0.34894259818731116,1,396
O6995,1.0,16,11,20.42,21.38,22.330000000000002,64.13,79.17078067827562,2026-07-18 06:47:16+00:00,0.31841571807266494,0,0
O6995,2.0,8,5,6.88,21.12,7.29,35.29,49.92587912087912,2026-07-18 07:23:30+00:00,0.1949560782091244,1,41
O6996,1.0,15,9,12.89,34.85,14.45,62.190000000000005,84.27748925933629,2026-07-18 07:37:59+00:00,0.2072680495256472,0,0
O6996,2.0,9,7,15.62,13.59,4.81,34.019999999999996,52.00652828652829,2026-07-18 08:06:58+00:00,0.4591416813639036,1,116
O6999,1.0,15,10,18.25,23.700000000000003,15.46,57.41,79.70264825762777,2026-07-18 10:09:09+00:00,0.31788886953492423,1,169
O6999,2.0,9,7,11.68,14.13,5.25,31.060000000000002,46.495604395604396,2026-07-18 10:41:18+00:00,0.37604636188023177,0,0
O7000,1.0,15,10,22.6,20.91,13.59,57.1,85.04623515685766,2026-07-18 10:55:50+00:00,0.3957968476357268,1,224
O7000,2.0,9,6,9.52,12.57,14.030000000000001,36.12,42.241980056980054,2026-07-18 11:32:12+00:00,0.26356589147286824,0,0
O7003,1.0,15,11,24.25,15.84,13.67,53.76,72.07467671916518,2026-07-18 13:26:51+00:00,0.45107886904761907,0,0
O7003,2.0,9,6,12.79,15.940000000000001,11.399999999999999,40.13,54.16950549450549,2026-07-18 13:58:56+00:00,0.3187141789185148,0,0
O7005,1.0,15,10,14.280000000000001,32.27,15.28,61.83,82.3971492391456,2026-07-18 14:57:39+00:00,0.23095584667637073,0,0
O7005,2.0,8,6,16.11,4.07,4.06,24.24,36.929157509157506,2026-07-18 15:26:35+00:00,0.6646039603960396,0,0
O7009,1.0,15,10,16.259999999999998,33.379999999999995,16.049999999999997,65.69,86.92843816722556,2026-07-18 17:53:33+00:00,0.24752625970467346,0,0
O7009,2.0,9,7,19.49,13.120000000000001,4.81,37.42,55.16281644281644,2026-07-18 18:22:29+00:00,0.5208444681988241,0,0
O7018,1.0,15,11,22.21,29.0,14.41,65.62,94.65901661884912,2026-07-19 01:30:59+00:00,0.3384638829625114,1,128
O7018,2.0,9,7,11.93,20.5,3.0799999999999996,35.51,56.31856735856736,2026-07-19 02:04:18+00:00,0.3359617009293157,0,0
O7021,1.0,15,11,22.39,22.509999999999998,13.88,58.78,77.58915278037627,2026-07-19 04:01:43+00:00,0.3809118747873426,0,0
O7021,2.0,9,7,8.45,23.8,10.04,42.29,53.29483516483516,2026-07-19 04:27:18+00:00,0.19981082998344762,0,0
O7024,1.0,15,11,15.53,33.04,14.459999999999999,63.03,80.72323676185538,2026-07-19 06:24:23+00:00,0.24639060764715215,1,163
O7024,2.0,8,6,7.09,20.27,3.85,31.21,44.040567765567765,2026-07-19 06:54:00+00:00,0.22717077859660365,1,38
O7044,1.0,14,8,15.530000000000001,31.020000000000003,11.6,58.15,77.69777312634456,2026-07-20 01:35:38+00:00,0.26706792777300087,1,225
O7044,2.0,9,7,11.24,13.66,10.04,34.94,46.198294668294665,2026-07-20 02:06:56+00:00,0.3216943331425301,0,0
O7045,1.0,14,8,28.91,20.939999999999998,10.32,60.17,90.328660828316,2026-07-20 02:32:05+00:00,0.4804719960113013,0,0
O7045,2.0,8,6,10.43,20.3,3.84,34.57,53.35335164835165,2026-07-20 03:01:43+00:00,0.3017066820943014,1,58
O7047,1.0,13,7,29.92,18.52,7.119999999999999,55.56,87.3989220303506,2026-07-20 04:17:14+00:00,0.5385169186465083,1,164
O7047,2.0,9,6,19.96,18.15,10.04,48.15,70.33238095238094,2026-07-20 04:50:09+00:00,0.4145379023883697,0,0
O7050,1.0,13,7,25.02,17.81,10.6,53.43,78.43226285209043,2026-07-20 06:48:14+00:00,0.4682762492981471,1,186
O7050,2.0,9,6,15.91,13.950000000000001,5.06,34.92,52.93886446886447,2026-07-20 07:19:59+00:00,0.4556128293241695,0,0
O7052,1.0,14,9,19.55,18.26,13.28,51.089999999999996,69.5623675948112,2026-07-20 08:25:57+00:00,0.38265805441377965,0,0
O7052,2.0,9,7,12.67,15.98,3.4,32.05,50.79349816849817,2026-07-20 08:58:33+00:00,0.3953198127925117,1,77
O7062,1.0,14,9,19.68,23.0,7.73,50.41,71.63598206391309,2026-07-20 21:11:03+00:00,0.39039873041063283,1,447
O7062,2.0,9,7,12.879999999999999,17.35,4.8,35.03,55.20632885632885,2026-07-20 20:31:42+00:00,0.36768484156437337,0,0
O7066,1.0,13,10,25.07,17.44,13.61,56.12,78.93601456633036,2026-07-21 00:27:12+00:00,0.4467213114754099,1,132
O7066,2.0,8,5,9.52,16.98,5.24,31.740000000000002,43.40836792836793,2026-07-21 00:59:19+00:00,0.2999369880277252,0,0
O7073,1.0,14,10,35.54,9.23,18.54,63.31,91.55743707559496,2026-07-21 05:36:26+00:00,0.5613647133154319,0,0
O7073,2.0,10,7,9.85,15.09,9.1,34.04,46.49501424501424,2026-07-21 06:05:31+00:00,0.2893654524089307,0,0
O7085,1.0,13,8,22.03,22.47,7.109999999999999,51.61,74.71915371984338,2026-07-21 15:17:54+00:00,0.4268552606084092,0,0
O7085,2.0,8,7,16.62,16.37,5.65,38.64,61.69094424094423,2026-07-21 15:45:34+00:00,0.4301242236024845,1,131
O7092,1.0,13,9,24.9,17.659999999999997,16.16,58.72,81.28376033490319,2026-07-22 00:07:23+00:00,0.42404632152588556,0,0
O7092,2.0,9,7,10.04,13.32,10.04,33.4,42.1760113960114,2026-07-22 00:36:39+00:00,0.3005988023952096,1,97
O7101,1.0,13,10,18.27,21.740000000000002,13.18,53.19,72.21665466717191,2026-07-22 07:17:37+00:00,0.34348561759729274,1,76
O7101,2.0,9,8,17.38,12.2,8.34,37.92,58.503901098901096,2026-07-22 07:43:24+00:00,0.45833333333333326,0,0
O7102,1.0,13,10,16.746,23.14,9.35,49.236,69.33938461538462,2026-07-22 08:12:28+00:00,0.3401169875700707,1,21
O7102,2.0,9,8,11.35,9.19,10.21,30.75,40.77815018315018,2026-07-22 08:43:06+00:00,0.36910569105691055,0,0
O7104,1.0,14,11,25.69,18.63,14.67,58.99,81.62504927912809,2026-07-22 09:48:01+00:00,0.4354975419562638,1,22
O7104,2.0,9,8,15.76,15.950000000000001,2.87,34.58,57.181666666666665,2026-07-22 10:13:48+00:00,0.45575477154424526,0,0
O7121,1.0,13,10,16.08,20.81,16.22,53.11,62.871212894874546,2026-07-23 01:21:06+00:00,0.30276784033138765,0,0
O7121,2.0,9,6,5.27,24.79,5.25,35.31,45.329853479853476,2026-07-23 01:50:11+00:00,0.14924950438969128,1,77
O7123,1.0,13,10,19.07,22.490000000000002,13.129999999999999,54.69,69.119094408055,2026-07-23 02:50:21+00:00,0.34869263119400257,1,119
O7123,2.0,9,7,7.8,16.93,9.059999999999999,33.79,38.23237281237281,2026-07-23 03:18:18+00:00,0.2308375258952353,0,0
O7132,1.0,13,9,20.68,14.209999999999999,19.57,54.46,65.98680650037792,2026-07-23 09:43:08+00:00,0.3797282409107602,0,0
O7132,2.0,8,5,5.58,20.6,4.73,30.91,38.87822344322345,2026-07-23 10:10:12+00:00,0.1805241022322873,1,138
O7144,1.0,13,11,19.43,14.28,16.33,50.04,67.56450758765044,2026-07-23 21:37:49+00:00,0.38828936850519585,0,0
O7144,2.0,9,6,7.029999999999999,28.92,3.45,39.4,56.629395604395604,2026-07-23 22:06:24+00:00,0.1784263959390863,1,863
O7145,1.0,13,10,19.23,19.84,16.53,55.6,75.98473626373627,2026-07-23 22:27:18+00:00,0.34586330935251797,1,155
O7145,2.0,9,7,6.08,19.46,5.26,30.8,40.79171347171347,2026-07-23 23:00:32+00:00,0.1974025974025974,0,0
O7146,1.0,13,9,22.509999999999998,13.030000000000001,18.29,53.83,69.42840293040292,2026-07-23 23:26:41+00:00,0.4181683076351477,1,109
O7146,2.0,9,6,6.14,20.990000000000002,10.04,37.17,43.734578754578756,2026-07-23 23:54:58+00:00,0.16518697874630076,0,0
O7148,1.0,13,10,23.6,15.040000000000001,18.240000000000002,56.88,70.87216535845107,2026-07-24 00:54:24+00:00,0.4149085794655415,0,0
O7148,2.0,9,7,7.03,17.26,5.25,29.54,39.022283272283275,2026-07-24 01:25:08+00:00,0.23798239675016927,1,56
O7158,1.0,18,8,14.16,23.55,37.03,74.74,74.90446235246235,2026-07-24 08:42:50+00:00,0.18945678351618947,0,0
O7158,2.0,11,6,7.25,25.79,17.86,50.9,53.0964652014652,2026-07-24 09:14:52+00:00,0.14243614931237722,0,0
O7159,1.0,13,11,20.82,17.72,18.29,56.83,75.76778341764056,2026-07-24 09:35:21+00:00,0.36635579799401724,0,0
O7159,2.0,9,7,2.92,22.11,3.0599999999999996,28.09,37.1645054945055,2026-07-24 10:03:42+00:00,0.10395158419366322,1,81
O7169,1.0,14,10,23.09,15.02,20.79,58.9,72.99188763179896,2026-07-24 20:56:58+00:00,0.39202037351443125,0,0
O7169,2.0,8,5,5.59,20.1,4.28,29.97,39.73216117216117,2026-07-24 21:28:04+00:00,0.18651985318651987,1,677
O7172,1.0,14,10,21.12,17.15,19.26,57.53,70.29806896551725,2026-07-24 23:20:27+00:00,0.367112810707457,0,0
O7172,2.0,9,7,9.76,15.91,0.02,25.69,39.570972730972734,2026-07-24 23:49:09+00:00,0.3799143635655897,1,118
O7174,1.0,14,10,24.23,14.82,18.6,57.65,71.79074942007455,2026-07-25 01:05:27+00:00,0.420294882914137,0,0
O7174,2.0,9,7,8.58,18.84,4.81,32.230000000000004,44.1656450956451,2026-07-25 01:33:26+00:00,0.2662116040955631,1,536
O7192,1.0,14,10,17.91,20.04,16.4,54.35,68.06022934372687,2026-07-25 15:53:27+00:00,0.3295308187672493,1,66
O7192,2.0,9,7,10.07,20.29,2.44,32.800000000000004,47.19864061864062,2026-07-25 16:19:23+00:00,0.3070121951219512,0,0
O7193,1.0,16,10,24.08,19.28,15.870000000000001,59.23,80.40199586182837,2026-07-25 16:39:48+00:00,0.4065507344251224,1,617
O7193,2.0,8,6,5.15,23.669999999999998,2.68,31.5,44.74690476190476,2026-07-25 17:14:54+00:00,0.1634920634920635,0,0
O7203,1.0,14,9,23.72,14.51,18.71,56.94,73.02061944459481,2026-07-26 01:17:17+00:00,0.41657885493501934,0,0
O7203,2.0,9,7,7.27,20.41,10.04,37.72,47.10161172161172,2026-07-26 00:29:04+00:00,0.1927359490986214,1,607
O7206,1.0,14,9,20.1,17.240000000000002,19.41,56.75,68.14860481262944,2026-07-26 03:56:17+00:00,0.35418502202643176,0,0
O7206,2.0,9,7,9.440000000000001,19.82,5.25,34.510000000000005,47.12818477818478,2026-07-26 04:26:07+00:00,0.2735439003187482,1,114
O7215,1.0,14,9,16.8,16.7,22.57,56.07,63.60488360009957,2026-07-26 11:13:11+00:00,0.299625468164794,0,0
O7215,2.0,8,6,12.26,15.690000000000001,6.41,34.36,46.38666666666666,2026-07-26 12:12:44+00:00,0.35681024447031434,1,68
O7228,1.0,13,8,15.96,22.5,21.91,60.37,70.33428078743869,2026-07-26 22:10:44+00:00,0.2643697200596323,1,72
O7228,2.0,8,5,7.119999999999999,21.73,5.24,34.089999999999996,45.07413919413919,2026-07-26 22:41:32+00:00,0.20885890290407744,0,0
O7237,1.0,13,7,24.14,18.04,17.0,59.18,84.2131058415269,2026-07-27 05:36:57+00:00,0.4079080770530585,0,0
O7237,2.0,10,6,17.07,14.26,6.99,38.32,58.21076923076923,2026-07-27 06:01:14+00:00,0.44545929018789143,0,0
O7240,1.0,14,8,16.58,26.330000000000002,12.57,55.480000000000004,75.27050183150183,2026-07-27 08:02:24+00:00,0.298846431146359,1,42
O7240,2.0,9,7,12.15,15.59,1.79,29.53,43.29699226699227,2026-07-27 08:32:33+00:00,0.4114459871317304,0,0
O7252,1.0,12,6,23.15,22.04,4.8,49.99,76.2644819466248,2026-07-27 21:10:44+00:00,0.4630926185237047,1,188
O7262,1.0,13,9,28.17,14.77,12.33,55.269999999999996,83.31089572168389,2026-07-28 05:05:07+00:00,0.5096797539352271,0,0
O7262,2.0,8,6,18.82,7.48,6.62,32.92,48.28635734635735,2026-07-28 05:31:16+00:00,0.571688942891859,1,63
O7278,1.0,14,8,34.84,14.71,9.719999999999999,59.27,98.5869868969506,2026-07-28 20:22:02+00:00,0.5878184579045048,0,0
O7280,1.0,13,8,28.55,15.61,8.68,52.84,84.7443755932081,2026-07-28 22:39:35+00:00,0.5403103709311128,0,0
O7280,2.0,8,6,21.89,8.02,3.66,33.57,57.754615384615384,2026-07-28 23:07:38+00:00,0.6520703008638665,1,712
O7282,1.0,13,10,23.28,13.93,18.91,56.12,71.94175620675621,2026-07-29 00:17:47+00:00,0.41482537419814686,0,0
O7282,2.0,9,6,10.6,15.34,8.33,34.27,45.110183150183154,2026-07-29 00:46:52+00:00,0.3093084330318062,1,163
O7286,1.0,13,10,12.56,21.119999999999997,18.86,52.54,57.383102564102565,2026-07-29 03:22:14+00:00,0.23905595736581653,0,0
O7286,2.0,9,7,7.95,18.75,7.56,34.26,41.23602564102564,2026-07-29 03:51:59+00:00,0.2320490367775832,1,133
O7293,1.0,13,8,28.740000000000002,14.14,7.57,50.45,81.18548941698695,2026-07-29 08:44:12+00:00,0.5696729435084242,0,0
O7293,2.0,9,6,17.86,12.32,2.39,32.57,50.69519129019129,2026-07-29 09:10:18+00:00,0.5483573840957936,1,264
O7296,1.0,13,10,27.35,15.45,12.940000000000001,55.74,76.75367227645553,2026-07-29 11:13:37+00:00,0.49067097237172586,0,0
O7296,2.0,9,6,16.48,12.0,10.04,38.52,52.023040293040296,2026-07-29 11:45:59+00:00,0.4278296988577362,0,0
O7331,1.0,13,10,30.71,11.71,15.92,58.34,83.9790141562698,2026-07-30 19:58:52+00:00,0.5263969832019197,0,0
O7331,2.0,9,8,14.27,13.95,6.869999999999999,35.09,54.28986772486772,2026-07-30 20:25:11+00:00,0.4066685665431746,0,0
O7349,1.0,15,11,16.79,23.75,14.629999999999999,55.17,69.45511422550312,2026-07-31 16:13:01+00:00,0.3043320645278231,0,0
O7349,2.0,9,6,4.83,26.14,11.57,42.54,49.1951282051282,2026-07-31 16:53:40+00:00,0.11354019746121298,1,94
O7351,1.0,15,11,19.0,16.8,16.94,52.74,62.4838283706614,2026-07-31 23:37:21+00:00,0.360257868790292,0,0
O7351,2.0,8,5,1.63,28.21,7.53,37.37,46.5603663003663,2026-07-31 23:08:07+00:00,0.04361787530104362,1,222
O7359,1.0,15,11,19.25,19.560000000000002,18.57,57.38,73.60227431975163,2026-08-01 05:53:18+00:00,0.3354827466016033,1,190
O7359,2.0,10,6,7.32,26.93,10.04,44.29,60.18457875457875,2026-08-01 05:32:06+00:00,0.16527432829081057,0,0
O7379,1.0,15,10,22.75,18.330000000000002,20.32,61.4,73.93902455076683,2026-08-01 22:31:09+00:00,0.3705211726384365,0,0
O7379,2.0,9,8,12.54,12.79,6.77,32.1,43.93322344322344,2026-08-01 23:02:07+00:00,0.3906542056074766,0,0
O7382,1.0,15,10,19.38,22.34,17.68,59.4,72.85262092423176,2026-08-02 01:09:52+00:00,0.32626262626262625,1,101
O7382,2.0,9,8,12.27,16.509999999999998,10.04,38.82,47.8278021978022,2026-08-02 01:39:19+00:00,0.3160741885625966,0,0
O7389,1.0,15,10,27.09,22.5,21.2,70.79,88.96142896840433,2026-08-02 06:29:35+00:00,0.38268116965673116,0,0
O7389,2.0,8,7,8.86,13.64,6.98,29.48,34.348186813186814,2026-08-02 07:00:47+00:00,0.30054274084124827,0,0
O7417,1.0,15,8,16.9,35.62,5.26,57.78,80.86715214998466,2026-08-03 06:35:13+00:00,0.29248875043267564,0,0
O7417,2.0,8,5,2.12,24.15,3.16,29.43,37.26587912087912,2026-08-04 01:09:05+00:00,0.07203533809038397,0,0
O7419,1.0,16,8,16.18,38.81,3.97,58.96,85.93401198145041,2026-08-04 05:09:23+00:00,0.2744233378561737,0,0
O7419,2.0,9,6,1.26,26.53,10.1,37.89,42.54807692307693,2026-08-04 05:36:01+00:00,0.0332541567695962,0,0
